freq,stk_flow,sitc06,currency,partner,geo\TIME_PERIOD	2007 	2008 	2009 	2010 	2011 	2012 	2013 	2014 	2015 	2016 	2017 	2018 	2019 	2020 	2021 	2022 
A,EXP,AER,MIO_EUR,EXT_EU27_2020,AT	310.185 	248.388 	153.65 	355.246 	231.565 	349.866 	243.101 	319.716 	365.012 	397.135 	354.903 	410.922 	358.145 	260.901 	253.148 	382.007 
A,EXP,AER,MIO_EUR,EXT_EU27_2020,BE	206.314 	276.329 	289.667 	230.272 	287.114 	404.516 	585.12 	592.134 	739.608 	688.698 	819.728 	1095.211 	1203.739 	668.402 	714.982 	844.448 
A,EXP,AER,MIO_EUR,EXT_EU27_2020,BG	11.952 	20.604 	46.705 	6.141 	14.179 	35.898 	18.444 	7.314 	5.022 	1.222 	19.963 	15.655 	36.049 	32.328 	31.287 	30.736 
A,EXP,AER,MIO_EUR,EXT_EU27_2020,CH	649.15 	104.243 	68.402 	69.558 	80.775 	77.839 	67.524 	79.01 	1287.829 	866.348 	911.68 	766.415 	963.82 	879.703 	767.784 	913.352 
A,EXP,AER,MIO_EUR,EXT_EU27_2020,CY	0.014 	1.567 	8.151 	11.294 	19.908 	23.494 	159.268 	1.435 	0.548 	0.271 	64.97 	31.472 	0.426 	21.651 	27.815 	34.915 
A,EXP,AER,MIO_EUR,EXT_EU27_2020,CZ	500.841 	452.664 	490.751 	273.324 	317.897 	335.466 	372.558 	377.746 	332.822 	356.702 	572.357 	468.914 	486.914 	406.252 	412.06 	538.13 
A,EXP,AER,MIO_EUR,EXT_EU27_2020,DE	8107.96 	8672.284 	9773.861 	11470.024 	12054.713 	16509.464 	17803.76 	17551.597 	23650.827 	25755.978 	22771.243 	25295.788 	28298.932 	18769.612 	17422.046 	19133.599 
A,EXP,AER,MIO_EUR,EXT_EU27_2020,DK	82.897 	93.278 	84.032 	54.182 	130.205 	132.265 	114.379 	88.296 	150.111 	82.64 	159.776 	79.242 	42.76 	40.472 	92.577 	116.518 
A,EXP,AER,MIO_EUR,EXT_EU27_2020,EE	2.947 	3.507 	5.858 	0.392 	4.872 	1.437 	5.033 	4.983 	5.819 	19.843 	17.118 	22.157 	21.709 	19.194 	25.977 	24.412 
A,EXP,AER,MIO_EUR,EXT_EU27_2020,EL	28.98 	212.848 	700.022 	231.262 	136.131 	11.735 	22.744 	11.03 	6.63 	4.048 	7.526 	10.887 	4.762 	30.133 	20.647 	5.231 
A,EXP,AER,MIO_EUR,EXT_EU27_2020,ES	1095.656 	1122.735 	1035.846 	1071.211 	1392.462 	1311.149 	3264.253 	2250.329 	2266.264 	3010.663 	2525.436 	1998.841 	2738.688 	1475.897 	1488.544 	2474.613 
A,EXP,AER,MIO_EUR,EXT_EU27_2020,EU27_2020	33065.206 	37760.128 	36294.067 	42419.387 	44387.856 	53886.316 	58672.306 	57969.945 	71006.772 	74172.663 	76924.37 	81757.899 	89567.658 	53664.421 	58056.708 	67639.707 
A,EXP,AER,MIO_EUR,EXT_EU27_2020,FI	66.123 	110.305 	82.677 	285.346 	60.035 	93.437 	115.703 	221.487 	81.665 	58.682 	59.186 	75.115 	179.036 	249.906 	139.745 	164.9 
A,EXP,AER,MIO_EUR,EXT_EU27_2020,FR	18717.395 	21673.956 	18359.488 	23043.21 	24413.586 	28909.597 	29511.529 	30047.542 	34767.985 	34106.137 	38385.944 	39380.343 	43554.345 	22042.723 	26649.56 	31801.597 
A,EXP,AER,MIO_EUR,EXT_EU27_2020,HR	1.436 	8.911 	2.819 	0.584 	6.344 	0.336 	0.663 	0.37 	8.711 	1.175 	3.011 	1.699 	13.272 	0.985 	5.632 	5.995 
A,EXP,AER,MIO_EUR,EXT_EU27_2020,HU	7.005 	20.594 	49.033 	37.573 	63.856 	34.912 	38.811 	39.116 	23.954 	30.972 	41.623 	30.697 	33.304 	18.117 	33.344 	44.883 
A,EXP,AER,MIO_EUR,EXT_EU27_2020,IE	180.302 	253.187 	616.397 	566.888 	689.739 	812.229 	934.221 	1362.315 	3275.726 	3847.018 	3614.346 	4453.723 	4093.97 	3425.049 	3512.688 	2879.461 
A,EXP,AER,MIO_EUR,EXT_EU27_2020,IS	252.506 	239.139 	58.555 	44.406 	5.689 	0.663 	2.451 	3.938 	2.717 	9.125 	6.544 	1.366 	138.307 	8.623 	8.479 	4.288 
A,EXP,AER,MIO_EUR,EXT_EU27_2020,IT	1565.085 	2015.141 	1967.186 	1821.43 	1880.178 	2025.71 	2122.582 	2161.399 	2381.315 	2025.267 	2044.554 	2238.977 	1739.93 	1255.306 	1293.191 	1341.066 
A,EXP,AER,MIO_EUR,EXT_EU27_2020,LT	25.412 	83.14 	20.622 	8.706 	19.118 	48.016 	27.702 	12.606 	16.907 	25.815 	45.579 	30.198 	23.088 	34.434 	44.024 	95.884 
A,EXP,AER,MIO_EUR,EXT_EU27_2020,LU	106.656 	76.86 	255.861 	89.161 	185.41 	142.924 	87.82 	12.052 	99.869 	97.704 	75.431 	56.015 	77.83 	39.834 	111.666 	117.933 
A,EXP,AER,MIO_EUR,EXT_EU27_2020,LV	0.576 	0.911 	0.153 	1.531 	5.315 	8.492 	3.939 	6.24 	2.087 	6.576 	104.75 	369.636 	13.412 	51.491 	23.377 	30.768 
A,EXP,AER,MIO_EUR,EXT_EU27_2020,MT	4.209 	3.333 	7.509 	5.165 	36.764 	61.412 	1.031 	20.659 	2.805 	3.124 	2.215 	2.722 	31.631 	24.539 	5.855 	2.971 
A,EXP,AER,MIO_EUR,EXT_EU27_2020,NL	1173.47 	1381.487 	1338.091 	1390.839 	1134.109 	1159.302 	1338.582 	1166.835 	971.531 	1524.483 	2606.249 	2858.175 	3022.926 	2195.254 	2373.254 	2980.549 
A,EXP,AER,MIO_EUR,EXT_EU27_2020,NO	133.033 	136.812 	150.065 	153.648 	164.971 	242.296 	186.167 	238.275 	90.461 	292.114 	65.505 	61.88 	65.919 	169.243 	111.64 	161.387 
A,EXP,AER,MIO_EUR,EXT_EU27_2020,PL	264.765 	371.051 	502.092 	793.759 	813.607 	1001.132 	1247.856 	1221.609 	1396.167 	1613.306 	1979.568 	2163.347 	2407.756 	1873.773 	2545.178 	3616.979 
A,EXP,AER,MIO_EUR,EXT_EU27_2020,PT	12.143 	4.226 	11.98 	41.257 	59.517 	23.057 	57.282 	69.662 	64.84 	78.726 	155.901 	80.255 	382.308 	106.937 	59.549 	74.036 
A,EXP,AER,MIO_EUR,EXT_EU27_2020,RO	55.533 	87.786 	57.557 	101.087 	40.759 	44.712 	80.34 	100.623 	54.568 	44.555 	51.91 	54.904 	50.698 	54.257 	65.507 	119.202 
A,EXP,AER,MIO_EUR,EXT_EU27_2020,SE	439.399 	470.727 	364.452 	473.2 	369.965 	363.336 	456.915 	303.306 	247.516 	331.835 	356.152 	437.762 	596.896 	477.626 	561.474 	642.384 
A,EXP,AER,MIO_EUR,EXT_EU27_2020,SI	53.393 	44.05 	38.464 	10.757 	16.212 	29.903 	50.698 	14.139 	71.288 	54.069 	77.293 	76.472 	149.983 	73.893 	132.226 	96.088 
A,EXP,AER,MIO_EUR,EXT_EU27_2020,SK	44.558 	50.259 	31.146 	45.549 	4.296 	12.518 	7.972 	5.405 	17.174 	6.018 	7.64 	18.768 	5.147 	15.455 	11.356 	40.405 
A,EXP,AER,MIO_EUR,INT_EU27_2020,AT	242.428 	99.461 	62.95 	115.353 	115.063 	327.668 	853.708 	143.329 	95.523 	157.519 	414.478 	172.803 	199.683 	112.993 	211.592 	192.493 
A,EXP,AER,MIO_EUR,INT_EU27_2020,BE	247.743 	230.336 	460.438 	546.473 	265.324 	272.227 	287.911 	324.41 	541.237 	360.064 	426.456 	361.557 	299.242 	166.208 	186.811 	368.89 
A,EXP,AER,MIO_EUR,INT_EU27_2020,BG	1.962 	8.274 	0.307 	1.57 	0.92 	4.001 	0.62 	0.854 	1.89 	1.003 	19.542 	2.493 	2.005 	0.982 	1.677 	4.643 
A,EXP,AER,MIO_EUR,INT_EU27_2020,CH	629.308 	113.664 	57.184 	76.713 	60.856 	69.212 	63.49 	72.856 	200.262 	303.654 	618.012 	468.577 	614.112 	283.968 	633.233 	615.15 
A,EXP,AER,MIO_EUR,INT_EU27_2020,CY	0.082 	0.256 	0.209 	0.428 	6.718 	0.075 	0.076 	0.005 	160.951 	2.601 	30.529 	111.63 	0.003 	0 	7.743 	15.433 
A,EXP,AER,MIO_EUR,INT_EU27_2020,CZ	46.989 	35.701 	24.299 	93.913 	35.696 	56.805 	111.61 	58.374 	122.162 	138.332 	158.3 	133.535 	156.793 	93.471 	85.878 	156.664 
A,EXP,AER,MIO_EUR,INT_EU27_2020,DE	9757.945 	10595.653 	10926.004 	11097.753 	13607.372 	15942.905 	14675.895 	13040.85 	13377.395 	12816.713 	13056.443 	11330.205 	13225.154 	7549.341 	5086.364 	6799.824 
A,EXP,AER,MIO_EUR,INT_EU27_2020,DK	92.833 	60.187 	60.006 	71.701 	22.956 	18.256 	76.919 	80.469 	110.731 	106.02 	50.526 	73.953 	27.574 	56.731 	33.02 	40.646 
A,EXP,AER,MIO_EUR,INT_EU27_2020,EE	8.85 	3.965 	1.096 	0.011 	0.611 	0.134 	0.361 	0.615 	2.163 	0.693 	9.51 	0.798 	7.99 	3.748 	5.146 	5.763 
A,EXP,AER,MIO_EUR,INT_EU27_2020,EL	5.584 	6.454 	9.076 	23.532 	9.71 	8.841 	6.459 	4.017 	2.383 	8.039 	38.359 	2.239 	18.499 	60.134 	19.056 	2.505 
A,EXP,AER,MIO_EUR,INT_EU27_2020,ES	468.501 	235.379 	356.241 	393.32 	394.09 	649.431 	506.34 	109.876 	272.014 	1120.247 	1773.296 	1613.411 	1667.318 	2020.195 	1872.3 	2561.276 
A,EXP,AER,MIO_EUR,INT_EU27_2020,EU27_2020	22967.729 	24951.626 	27159.642 	29739.672 	31033.861 	36088.958 	35052.052 	33375.79 	36790.983 	37389.039 	33406.884 	28837.955 	32160.874 	20852.352 	16191.101 	20705.267 
A,EXP,AER,MIO_EUR,INT_EU27_2020,FI	42.376 	36.188 	40.392 	53.335 	22.604 	67.405 	129.375 	100.411 	463.761 	171.133 	267.557 	7.965 	7.5 	132.762 	398.539 	18.344 
A,EXP,AER,MIO_EUR,INT_EU27_2020,FR	10997.438 	12570.463 	14438.593 	15811.079 	14307.263 	16728.837 	16329.709 	17048.77 	17818.81 	18294.032 	12130.807 	12054.697 	13709.43 	8801.783 	6781.039 	8826.208 
A,EXP,AER,MIO_EUR,INT_EU27_2020,HR	8.41 	22.555 	16.926 	56.419 	16.395 	33.745 	31.577 	10.217 	12.377 	17.102 	25.043 	21.95 	12.31 	6.473 	5.052 	4.745 
A,EXP,AER,MIO_EUR,INT_EU27_2020,HU	2.835 	4.67 	7.862 	5.719 	10.319 	18.723 	19.746 	35.062 	43.17 	48.373 	56.94 	60.738 	30.89 	11.463 	12.842 	22.373 
A,EXP,AER,MIO_EUR,INT_EU27_2020,IE	5.9 	17.783 	21.866 	326.198 	963.579 	786.634 	812.088 	983.32 	2054.834 	1988.125 	2661.998 	602.638 	579.483 	638.261 	30.31 	79.903 
A,EXP,AER,MIO_EUR,INT_EU27_2020,IS	255.923 	0.578 	85.271 	2.865 	42.868 	4.945 	0.66 	3.625 	0.918 	2.748 	0.861 	1.624 	0.862 	0.932 	24.565 	7.781 
A,EXP,AER,MIO_EUR,INT_EU27_2020,IT	650.675 	506.239 	351.818 	689.915 	787.517 	662.578 	548.712 	687.28 	543.519 	716.147 	734.274 	757.502 	433.062 	299.525 	257.569 	364.195 
A,EXP,AER,MIO_EUR,INT_EU27_2020,LT	1.658 	1.111 	2.447 	2.232 	2.833 	3.029 	0.596 	1.78 	2.727 	3.31 	5.134 	6.54 	9.852 	8.231 	8.634 	39.931 
A,EXP,AER,MIO_EUR,INT_EU27_2020,LU	14.914 	50.152 	38.989 	6.877 	29.729 	3.144 	24.34 	11.111 	5.236 	6.855 	8.399 	1.166 	2.432 	3.735 	14.07 	36.315 
A,EXP,AER,MIO_EUR,INT_EU27_2020,LV	0.067 	2.456 	8.986 	2.479 	3.457 	3.612 	3.648 	1.995 	4.59 	8.779 	52.143 	26.876 	30.365 	24.919 	5.693 	6.756 
A,EXP,AER,MIO_EUR,INT_EU27_2020,MT	1.711 	2.037 	1.659 	1.122 	0.675 	0.688 	0.003 	1.255 	4.225 	0.213 	0.17 	0.877 	1.374 	22.011 	29.536 	1.44 
A,EXP,AER,MIO_EUR,INT_EU27_2020,NL	165.937 	237.874 	134.499 	173.192 	237.156 	233.608 	304.58 	413.616 	595.564 	670.902 	757.416 	920.715 	918.435 	414.299 	451.092 	606.969 
A,EXP,AER,MIO_EUR,INT_EU27_2020,NO	225.724 	217.805 	199.889 	139.58 	122.491 	124.166 	119.398 	131.339 	105.517 	214.364 	50.895 	77.846 	103.683 	65.086 	133.097 	95.563 
A,EXP,AER,MIO_EUR,INT_EU27_2020,PL	23.77 	40.21 	84.528 	143.93 	96.798 	141.132 	161.062 	207.957 	321.595 	401.367 	562.216 	480.765 	584.877 	223.759 	561.22 	365.231 
A,EXP,AER,MIO_EUR,INT_EU27_2020,PT	34.106 	90.875 	0.45 	26.447 	2.643 	4.738 	10.582 	0.994 	2.992 	113.768 	45.016 	3.329 	104.49 	109.571 	43.942 	99.613 
A,EXP,AER,MIO_EUR,INT_EU27_2020,RO	1.937 	5.47 	6.479 	6.956 	4.462 	10.672 	21.902 	11.695 	34.244 	18.512 	20.006 	14.251 	24.624 	12.929 	17.786 	23.779 
A,EXP,AER,MIO_EUR,INT_EU27_2020,SE	115.938 	63.24 	73.452 	77.09 	80.127 	89.133 	120.598 	87.996 	184.117 	204.383 	86.196 	53.776 	93.623 	59.745 	40.873 	38.798 
A,EXP,AER,MIO_EUR,INT_EU27_2020,SI	15.79 	19.342 	26.411 	4.549 	5.408 	8.938 	9.4 	6.527 	7.801 	8.337 	10.994 	11.201 	7.416 	11.726 	15.972 	14.112 
A,EXP,AER,MIO_EUR,INT_EU27_2020,SK	11.351 	5.295 	3.66 	8.078 	4.433 	12 	4.234 	3.002 	4.973 	6.47 	5.138 	10.345 	6.449 	7.357 	7.347 	8.419 
A,EXP,AER,MIO_EUR,WORLD,AT	552.613 	347.849 	216.599 	470.599 	346.628 	677.534 	1096.809 	463.046 	460.535 	554.654 	769.381 	583.725 	557.828 	373.894 	464.739 	574.5 
A,EXP,AER,MIO_EUR,WORLD,BE	454.057 	506.665 	750.105 	776.745 	552.438 	676.743 	873.03 	916.544 	1280.845 	1048.762 	1246.183 	1456.769 	1502.981 	834.61 	901.793 	1213.337 
A,EXP,AER,MIO_EUR,WORLD,BG	13.914 	28.878 	47.012 	7.711 	15.098 	39.9 	19.064 	8.169 	6.912 	2.225 	39.505 	18.148 	38.054 	33.311 	32.964 	35.378 
A,EXP,AER,MIO_EUR,WORLD,CH	1278.458 	217.907 	125.585 	146.271 	141.632 	147.051 	131.014 	151.866 	1488.091 	1170.002 	1529.692 	1234.992 	1577.932 	1163.671 	1401.017 	1528.502 
A,EXP,AER,MIO_EUR,WORLD,CY	0.096 	1.823 	8.359 	11.721 	26.626 	23.57 	159.344 	1.44 	161.499 	2.872 	95.499 	143.102 	0.429 	21.652 	35.559 	50.347 
A,EXP,AER,MIO_EUR,WORLD,CZ	547.83 	488.366 	515.049 	367.237 	353.594 	392.271 	484.169 	436.12 	454.984 	495.035 	730.657 	602.449 	643.707 	499.722 	497.938 	694.793 
A,EXP,AER,MIO_EUR,WORLD,DE	17865.905 	19267.937 	20699.865 	22567.776 	25662.085 	32452.369 	32479.655 	30592.448 	37028.222 	38572.691 	35827.686 	36625.993 	41524.086 	26318.953 	22508.409 	25933.423 
A,EXP,AER,MIO_EUR,WORLD,DK	175.73 	153.465 	144.038 	125.883 	153.162 	150.52 	191.298 	168.764 	260.843 	188.66 	210.302 	153.195 	70.334 	97.204 	125.598 	157.164 
A,EXP,AER,MIO_EUR,WORLD,EE	11.797 	7.472 	6.954 	0.403 	5.483 	1.571 	5.394 	5.598 	7.982 	20.536 	26.628 	22.955 	29.699 	22.943 	31.122 	30.175 
A,EXP,AER,MIO_EUR,WORLD,EL	34.565 	219.302 	709.098 	254.794 	145.841 	20.576 	29.203 	15.047 	9.014 	12.087 	45.885 	13.126 	23.261 	90.267 	39.703 	7.736 
A,EXP,AER,MIO_EUR,WORLD,ES	1564.157 	1358.114 	1392.087 	1464.531 	1786.551 	1960.58 	3770.593 	2360.205 	2538.278 	4130.911 	4298.731 	3612.252 	4406.006 	3496.092 	3360.844 	5035.889 
A,EXP,AER,MIO_EUR,WORLD,EU27_2020	56032.935 	62711.755 	63453.709 	72159.059 	75421.717 	89975.274 	93724.358 	91345.735 	107797.756 	111561.702 	110331.254 	110595.854 	121728.531 	74516.773 	74247.81 	88344.975 
A,EXP,AER,MIO_EUR,WORLD,FI	108.499 	146.493 	123.068 	338.681 	82.639 	160.842 	245.078 	321.898 	545.426 	229.814 	326.743 	83.08 	186.536 	382.668 	538.284 	183.244 
A,EXP,AER,MIO_EUR,WORLD,FR	29714.833 	34244.419 	32798.081 	38854.289 	38720.849 	45638.433 	45841.238 	47096.313 	52586.796 	52400.169 	50516.751 	51435.04 	57263.775 	30844.505 	33430.599 	40627.805 
A,EXP,AER,MIO_EUR,WORLD,HR	9.845 	31.466 	19.745 	57.003 	22.739 	34.081 	32.24 	10.587 	21.088 	18.277 	28.053 	23.649 	25.582 	7.458 	10.684 	10.74 
A,EXP,AER,MIO_EUR,WORLD,HU	9.841 	25.264 	56.895 	43.292 	74.175 	53.635 	58.557 	74.178 	67.124 	79.345 	98.563 	91.435 	64.194 	29.581 	46.186 	67.256 
A,EXP,AER,MIO_EUR,WORLD,IE	186.202 	270.969 	638.263 	893.086 	1653.318 	1598.863 	1746.31 	2345.635 	5330.56 	5835.143 	6276.344 	5056.361 	4673.453 	4063.31 	3542.998 	2959.364 
A,EXP,AER,MIO_EUR,WORLD,IS	508.428 	239.717 	143.826 	47.271 	48.557 	5.608 	3.11 	7.563 	3.634 	11.873 	7.406 	2.99 	139.169 	9.555 	33.044 	12.069 
A,EXP,AER,MIO_EUR,WORLD,IT	2215.76 	2521.379 	2319.004 	2511.344 	2667.695 	2688.288 	2671.294 	2848.679 	2924.834 	2741.414 	2778.828 	2996.479 	2172.993 	1554.831 	1550.76 	1705.261 
A,EXP,AER,MIO_EUR,WORLD,LT	27.071 	84.251 	23.069 	10.938 	21.951 	51.045 	28.298 	14.386 	19.634 	29.125 	50.712 	36.738 	32.941 	42.665 	52.658 	135.814 
A,EXP,AER,MIO_EUR,WORLD,LU	121.57 	127.012 	294.851 	96.038 	215.139 	146.068 	112.16 	23.163 	105.105 	104.559 	83.83 	57.181 	80.262 	43.568 	125.736 	154.248 
A,EXP,AER,MIO_EUR,WORLD,LV	0.642 	3.368 	9.139 	4.01 	8.772 	12.104 	7.587 	8.235 	6.677 	15.355 	156.893 	396.512 	43.777 	76.41 	29.069 	37.525 
A,EXP,AER,MIO_EUR,WORLD,MT	5.92 	5.37 	9.168 	6.288 	37.439 	62.1 	1.034 	21.914 	7.03 	3.337 	2.385 	3.599 	33.005 	46.55 	35.391 	4.411 
A,EXP,AER,MIO_EUR,WORLD,NL	1339.407 	1619.361 	1472.589 	1564.031 	1371.265 	1392.91 	1643.161 	1580.451 	1567.095 	2195.386 	3363.665 	3778.891 	3941.361 	2609.553 	2824.346 	3587.517 
A,EXP,AER,MIO_EUR,WORLD,NO	358.757 	354.616 	349.954 	293.228 	287.462 	366.462 	305.565 	369.613 	195.979 	506.477 	116.401 	139.726 	169.602 	234.329 	244.737 	256.95 
A,EXP,AER,MIO_EUR,WORLD,PL	288.535 	411.261 	586.621 	937.689 	910.405 	1142.264 	1408.919 	1429.566 	1717.761 	2014.673 	2541.783 	2644.112 	2992.633 	2097.531 	3106.399 	3982.21 
A,EXP,AER,MIO_EUR,WORLD,PT	46.249 	95.101 	12.43 	67.705 	62.161 	27.795 	67.865 	70.656 	67.831 	192.494 	200.917 	83.584 	486.798 	216.508 	103.491 	173.649 
A,EXP,AER,MIO_EUR,WORLD,RO	57.47 	93.256 	64.036 	108.043 	45.221 	55.384 	102.241 	112.318 	88.812 	63.067 	71.916 	69.155 	75.322 	67.186 	83.293 	142.981 
A,EXP,AER,MIO_EUR,WORLD,SE	555.338 	533.967 	437.904 	550.29 	450.092 	452.469 	577.513 	391.301 	431.633 	536.218 	442.347 	491.539 	690.52 	537.371 	602.347 	681.182 
A,EXP,AER,MIO_EUR,WORLD,SI	69.183 	63.392 	64.875 	15.306 	21.62 	38.841 	60.098 	20.667 	79.089 	62.406 	88.287 	87.672 	157.4 	85.619 	148.198 	110.2 
A,EXP,AER,MIO_EUR,WORLD,SK	55.909 	55.554 	34.806 	53.627 	8.73 	24.518 	12.206 	8.407 	22.147 	12.488 	12.778 	29.113 	11.596 	22.812 	18.703 	48.823 
A,EXP,ARM,MIO_EUR,EXT_EU27_2020,AT	146.775 	199.201 	280.188 	205.369 	184.578 	284.807 	519.265 	389.61 	294.067 	377.761 	378.999 	284.476 	276.695 	415.018 	497.556 	482.656 
A,EXP,ARM,MIO_EUR,EXT_EU27_2020,BE	193.429 	244.962 	258.968 	177.614 	159.408 	240.406 	312.509 	286.009 	244.963 	22.157 	327.408 	481.672 	775.646 	950.644 	784.009 	105.943 
A,EXP,ARM,MIO_EUR,EXT_EU27_2020,BG	: 	: 	: 	: 	: 	0.001 	: 	0.002 	0.001 	0.002 	: 	0.001 	0.006 	: 	: 	: 
A,EXP,ARM,MIO_EUR,EXT_EU27_2020,CH	: 	: 	: 	: 	: 	: 	: 	: 	111.75 	93.65 	92.907 	76.976 	93.575 	241.743 	168.383 	325.743 
A,EXP,ARM,MIO_EUR,EXT_EU27_2020,CY	4.108 	3.709 	4.627 	4.674 	6.957 	5.908 	4.882 	5.707 	6.551 	3.842 	3.83 	4.469 	5.19 	3.648 	6.298 	5.772 
A,EXP,ARM,MIO_EUR,EXT_EU27_2020,CZ	38.789 	41.418 	44.506 	51.387 	52.802 	67.851 	93.161 	89.854 	106.496 	118.391 	124.431 	135.608 	138.038 	167.468 	220.005 	197.494 
A,EXP,ARM,MIO_EUR,EXT_EU27_2020,DE	181.56 	198.833 	208.556 	228.61 	226.532 	272.707 	310.058 	242.35 	246.22 	291.729 	255.023 	226.67 	233.418 	240.962 	343.343 	361.332 
A,EXP,ARM,MIO_EUR,EXT_EU27_2020,DK	26.223 	28.44 	23.95 	26.932 	31.299 	50.965 	41.966 	22.237 	17.558 	16.512 	21.442 	26.64 	25.117 	23.48 	28.439 	31.175 
A,EXP,ARM,MIO_EUR,EXT_EU27_2020,EE	1.298 	0.519 	0.853 	0.973 	0.917 	1.722 	1.201 	1.094 	1.322 	1.394 	1.446 	1.789 	1.429 	1.872 	4.984 	31.687 
A,EXP,ARM,MIO_EUR,EXT_EU27_2020,EL	2.498 	1.607 	4.759 	3.11 	3.288 	1.864 	2.731 	1.571 	0.976 	2.536 	3.898 	2.72 	3.313 	6.536 	2.667 	3.774 
A,EXP,ARM,MIO_EUR,EXT_EU27_2020,ES	89.709 	93.382 	93.91 	96.343 	130.665 	89.896 	146.724 	143.534 	149.897 	130.189 	408.033 	502.7 	390.228 	445.992 	748.586 	456.722 
A,EXP,ARM,MIO_EUR,EXT_EU27_2020,EU27_2020	1493.033 	1674.236 	1922.243 	1562.742 	1408.634 	1678.443 	2256.424 	2056.89 	2027.39 	2094.417 	2434.12 	2582.464 	2781.527 	3168.886 	3890.471 	4192.112 
A,EXP,ARM,MIO_EUR,EXT_EU27_2020,FI	22.755 	26.286 	34.47 	27.331 	32.21 	38.98 	55.469 	54.906 	57.809 	55.401 	52.506 	52.785 	59.112 	53.031 	75.148 	89.906 
A,EXP,ARM,MIO_EUR,EXT_EU27_2020,FR	97.158 	109.69 	110.867 	104.802 	70.105 	62.502 	56.762 	63.227 	100.864 	90.414 	55.887 	73.453 	71.371 	79.226 	63.07 	60.061 
A,EXP,ARM,MIO_EUR,EXT_EU27_2020,HR	29.463 	30.173 	46.896 	39.941 	45.367 	70.638 	106.229 	105.109 	89.716 	197.21 	105.249 	118.805 	54.952 	108.247 	132.046 	146.31 
A,EXP,ARM,MIO_EUR,EXT_EU27_2020,HU	9.922 	5.518 	7.44 	9.658 	6.103 	10.506 	11.302 	12.427 	11.853 	11.569 	19.962 	13.765 	25.481 	29.749 	36.697 	35.973 
A,EXP,ARM,MIO_EUR,EXT_EU27_2020,IE	2.169 	0.811 	1.305 	1.037 	1.238 	1.423 	0.661 	0.85 	1.276 	0.91 	7.91 	7.526 	1.506 	0.191 	0.301 	0.169 
A,EXP,ARM,MIO_EUR,EXT_EU27_2020,IS	: 	: 	: 	: 	: 	: 	: 	: 	0.006 	0.004 	0 	0.01 	0.039 	0.001 	0.017 	0.015 
A,EXP,ARM,MIO_EUR,EXT_EU27_2020,IT	301.832 	323.894 	347.869 	361.932 	307.302 	355.098 	425.373 	422.695 	403.955 	414.476 	381.966 	393.431 	381.132 	382.561 	569.613 	673.467 
A,EXP,ARM,MIO_EUR,EXT_EU27_2020,LT	3.432 	5.029 	2.508 	4.021 	2.867 	3.124 	3.933 	3.89 	5.39 	8.469 	39.38 	5.942 	3.792 	5.375 	4.486 	10.232 
A,EXP,ARM,MIO_EUR,EXT_EU27_2020,LU	0.027 	0.089 	0.042 	0.061 	0.855 	0.63 	0.273 	0.135 	0.313 	0.042 	0.003 	0.014 	0.039 	0.215 	0.026 	0.031 
A,EXP,ARM,MIO_EUR,EXT_EU27_2020,LV	0.023 	0.349 	1.068 	1.16 	1.328 	2.591 	2.658 	1.649 	0.397 	0.447 	0.445 	0.673 	0.848 	0.188 	0.585 	6.525 
A,EXP,ARM,MIO_EUR,EXT_EU27_2020,MT	0.008 	0.015 	0.135 	0.41 	3.363 	3.465 	1.967 	2.183 	0.982 	0.394 	0.181 	0.375 	0.102 	0.01 	0.362 	0.069 
A,EXP,ARM,MIO_EUR,EXT_EU27_2020,NL	4.257 	0.388 	0.692 	10.714 	25.261 	22.403 	25.833 	37.763 	38.364 	39.707 	37.713 	41.317 	40.966 	58.174 	79.284 	84.657 
A,EXP,ARM,MIO_EUR,EXT_EU27_2020,NO	: 	: 	: 	: 	: 	: 	: 	: 	176.362 	130.897 	260.069 	199.457 	153.953 	198.483 	216.054 	356.493 
A,EXP,ARM,MIO_EUR,EXT_EU27_2020,PL	110.894 	122.364 	122.622 	84.973 	18.085 	14.9 	29.844 	33.339 	78.948 	153.559 	49.822 	76.404 	107.83 	48.527 	71.191 	926.859 
A,EXP,ARM,MIO_EUR,EXT_EU27_2020,PT	17.501 	23.138 	42.163 	27.342 	23.151 	24.522 	29.969 	42.25 	40.803 	38.603 	34.512 	31.293 	34.558 	33.395 	40.084 	49.279 
A,EXP,ARM,MIO_EUR,EXT_EU27_2020,RO	3.153 	3.509 	5.184 	4.948 	5.007 	4.463 	4.442 	5.068 	5.643 	5.952 	6.652 	7.075 	7.954 	6.889 	5.736 	27.555 
A,EXP,ARM,MIO_EUR,EXT_EU27_2020,SE	181.863 	186.547 	258.06 	68.271 	56.779 	24.526 	44.726 	42.42 	43.853 	45.829 	48.733 	41.763 	82.689 	40.815 	70.937 	109.661 
A,EXP,ARM,MIO_EUR,EXT_EU27_2020,SI	1.81 	12.986 	3.322 	2.225 	2.114 	3.498 	2.975 	4.246 	6.437 	13.612 	13.442 	20.836 	13.561 	10.283 	28.555 	: 
A,EXP,ARM,MIO_EUR,EXT_EU27_2020,SK	22.376 	11.378 	17.282 	18.903 	11.055 	19.047 	21.51 	42.765 	72.735 	53.312 	55.249 	30.263 	46.552 	56.391 	76.461 	294.805 
A,EXP,ARM,MIO_EUR,INT_EU27_2020,AT	60.798 	74.541 	161.119 	97.695 	114.201 	102.54 	52.084 	53.707 	72.657 	78.465 	94.764 	91.047 	133.108 	106.706 	143.435 	154.963 
A,EXP,ARM,MIO_EUR,INT_EU27_2020,BE	111.969 	115.736 	117.932 	106.441 	106.19 	126.583 	117.871 	101.179 	136.253 	46.868 	107.603 	61.396 	65.95 	145.762 	188.236 	73.229 
A,EXP,ARM,MIO_EUR,INT_EU27_2020,BG	: 	: 	: 	: 	: 	: 	: 	: 	0 	0.001 	0 	0 	0 	0 	: 	: 
A,EXP,ARM,MIO_EUR,INT_EU27_2020,CH	: 	: 	: 	: 	: 	: 	: 	: 	174.063 	168.926 	169.981 	287.343 	463.974 	471.324 	383.276 	419.649 
A,EXP,ARM,MIO_EUR,INT_EU27_2020,CY	1.323 	2.673 	1.646 	1.626 	2.188 	2.577 	1.684 	1.065 	0.787 	1.722 	1.291 	1.553 	0.827 	0.51 	0.445 	0.151 
A,EXP,ARM,MIO_EUR,INT_EU27_2020,CZ	23.767 	26.764 	22.101 	22.227 	25.404 	27.582 	31.133 	38.045 	46.794 	61.091 	69.125 	73.889 	68.733 	64.202 	83.114 	92.622 
A,EXP,ARM,MIO_EUR,INT_EU27_2020,DE	161.878 	166.278 	162.351 	162.158 	162.472 	171.857 	184.775 	171.657 	188.225 	207.438 	201.803 	213.691 	204.737 	217.478 	240.301 	303.632 
A,EXP,ARM,MIO_EUR,INT_EU27_2020,DK	12.292 	18.483 	21.466 	23.27 	16.289 	17.877 	20.232 	17.503 	26.829 	35.351 	29.045 	23.878 	31.582 	24.717 	21.29 	29.037 
A,EXP,ARM,MIO_EUR,INT_EU27_2020,EE	0.222 	0.015 	0.005 	0.338 	0.558 	0.544 	0.521 	0.314 	0.484 	0.758 	1.986 	2.257 	2.423 	2.393 	6.737 	10.844 
A,EXP,ARM,MIO_EUR,INT_EU27_2020,EL	0.745 	0.855 	0.772 	0.877 	10.703 	13.244 	17.244 	12.053 	12.244 	10.538 	11.008 	10.46 	13.365 	10.689 	12.966 	13.614 
A,EXP,ARM,MIO_EUR,INT_EU27_2020,ES	59.735 	58.972 	52.569 	60.281 	49.592 	29.594 	34.398 	31.907 	39.465 	47.528 	74.038 	84.837 	100.549 	89.018 	113.755 	166.546 
A,EXP,ARM,MIO_EUR,INT_EU27_2020,EU27_2020	1143.064 	1231.147 	1123.241 	925.352 	849.103 	815.372 	934.276 	850.685 	870.799 	850.386 	1027.92 	995.533 	1060.102 	1148.951 	1365.211 	1578.103 
A,EXP,ARM,MIO_EUR,INT_EU27_2020,FI	41.246 	68.775 	42.193 	35.5 	17.741 	19.361 	175.575 	147.007 	25.381 	26.104 	25.565 	39.996 	56.177 	28.166 	35.322 	91.279 
A,EXP,ARM,MIO_EUR,INT_EU27_2020,FR	224.257 	215.453 	163.697 	165.228 	132.257 	67.619 	44.822 	40.764 	43.073 	41.39 	43.982 	36.735 	36.533 	31.779 	41.633 	49.048 
A,EXP,ARM,MIO_EUR,INT_EU27_2020,HR	0.073 	0.104 	0.27 	0.225 	0.187 	0.394 	1.671 	0.984 	2.613 	1.783 	2.142 	2.03 	2.8 	1.702 	3.98 	10.545 
A,EXP,ARM,MIO_EUR,INT_EU27_2020,HU	9.506 	9.646 	6.348 	5.18 	4.806 	12.767 	11.843 	10.793 	13.564 	16.117 	23.297 	18.449 	20.381 	18.718 	14.753 	27.831 
A,EXP,ARM,MIO_EUR,INT_EU27_2020,IE	0.105 	0.06 	0.177 	0.073 	0.047 	0.057 	0.059 	0.092 	0.062 	0.032 	0.175 	0.07 	0.082 	0.013 	0.012 	0.05 
A,EXP,ARM,MIO_EUR,INT_EU27_2020,IS	: 	: 	: 	: 	: 	: 	: 	: 	: 	: 	: 	: 	0.002 	0.003 	0.001 	0.039 
A,EXP,ARM,MIO_EUR,INT_EU27_2020,IT	145.054 	129.319 	106.683 	173.985 	138.389 	116.687 	145.77 	128.585 	130.286 	142.936 	150.486 	135.176 	138.844 	134.702 	156.668 	202.561 
A,EXP,ARM,MIO_EUR,INT_EU27_2020,LT	2.07 	1.888 	1.797 	3.101 	3.536 	4.926 	4.685 	0.274 	1.3 	2.556 	5.039 	5.059 	6.051 	9.411 	10.245 	9.37 
A,EXP,ARM,MIO_EUR,INT_EU27_2020,LU	0.399 	0.132 	0.099 	0.035 	0.151 	1.481 	0.519 	1.348 	0.728 	0.942 	0.951 	0.495 	0.265 	0.314 	0.563 	7.84 
A,EXP,ARM,MIO_EUR,INT_EU27_2020,LV	0 	: 	0 	0.001 	0.247 	0.159 	0.212 	0.381 	0.156 	0.276 	0.769 	0.992 	0.601 	0.074 	1.302 	2.1 
A,EXP,ARM,MIO_EUR,INT_EU27_2020,MT	0.016 	: 	0.012 	0.009 	: 	0.037 	0.002 	: 	: 	0.022 	: 	0.064 	0.023 	0.049 	: 	: 
A,EXP,ARM,MIO_EUR,INT_EU27_2020,NL	4.087 	3.026 	3.755 	5.975 	4.807 	41.761 	20.671 	12.817 	27.79 	33.979 	43.386 	30.589 	44.295 	106.142 	109.953 	121.282 
A,EXP,ARM,MIO_EUR,INT_EU27_2020,NO	: 	: 	: 	: 	: 	: 	: 	: 	91.608 	75.472 	57.944 	51.416 	34.567 	53.159 	76.25 	52.839 
A,EXP,ARM,MIO_EUR,INT_EU27_2020,PL	0.931 	7.849 	4.217 	7.864 	8.183 	12.163 	16.347 	20.909 	30.551 	29.514 	62.301 	33.722 	13.565 	51.563 	52.922 	31.578 
A,EXP,ARM,MIO_EUR,INT_EU27_2020,PT	17.025 	17.223 	17.5 	19.82 	15.358 	15.24 	18.962 	16.472 	19.735 	13.972 	17.004 	15.988 	17.667 	16.138 	18.268 	22.759 
A,EXP,ARM,MIO_EUR,INT_EU27_2020,RO	: 	: 	0.295 	0.122 	0.059 	3.36 	7.921 	8.43 	0.089 	1.621 	0.136 	0.152 	0.388 	1.107 	1.041 	0.999 
A,EXP,ARM,MIO_EUR,INT_EU27_2020,SE	258.659 	303.24 	222.414 	21.703 	14.285 	16.707 	15.552 	17.281 	20.487 	22.488 	19.709 	30.21 	33.019 	32.385 	44.693 	46.485 
A,EXP,ARM,MIO_EUR,INT_EU27_2020,SI	0.81 	3.154 	2.48 	3.171 	7.224 	5.752 	4.217 	4.095 	5.398 	5.158 	7.667 	7.323 	6.708 	7.401 	12.249 	: 
A,EXP,ARM,MIO_EUR,INT_EU27_2020,SK	6.097 	6.962 	11.344 	8.445 	14.228 	4.502 	5.506 	13.024 	25.85 	21.735 	34.647 	75.476 	61.429 	47.812 	51.328 	109.738 
A,EXP,ARM,MIO_EUR,WORLD,AT	207.573 	273.742 	441.307 	303.064 	298.779 	387.347 	571.349 	443.317 	366.725 	456.226 	473.762 	375.523 	409.803 	521.724 	640.991 	637.619 
A,EXP,ARM,MIO_EUR,WORLD,BE	305.398 	360.698 	376.9 	284.055 	265.599 	366.989 	430.38 	387.188 	381.216 	69.025 	435.011 	543.067 	841.597 	1096.407 	972.245 	179.171 
A,EXP,ARM,MIO_EUR,WORLD,BG	: 	: 	: 	: 	: 	0.001 	: 	0.002 	0.001 	0.002 	0 	0.001 	0.006 	0 	: 	: 
A,EXP,ARM,MIO_EUR,WORLD,CH	: 	: 	: 	: 	: 	: 	: 	: 	285.814 	262.576 	262.888 	364.319 	557.549 	713.067 	551.659 	745.392 
A,EXP,ARM,MIO_EUR,WORLD,CY	5.431 	6.383 	6.273 	6.3 	9.145 	8.485 	6.565 	6.772 	7.338 	5.564 	5.121 	6.022 	6.017 	4.158 	6.743 	5.923 
A,EXP,ARM,MIO_EUR,WORLD,CZ	62.557 	68.182 	66.606 	73.614 	78.206 	95.433 	124.294 	127.899 	153.29 	179.483 	193.556 	209.497 	206.771 	231.67 	303.119 	290.115 
A,EXP,ARM,MIO_EUR,WORLD,DE	343.438 	365.111 	370.908 	390.768 	389.003 	444.564 	494.833 	414.007 	434.445 	499.167 	456.826 	440.361 	438.155 	458.44 	583.644 	664.963 
A,EXP,ARM,MIO_EUR,WORLD,DK	38.515 	46.923 	45.416 	50.202 	47.588 	68.842 	62.198 	39.74 	44.386 	51.863 	50.487 	50.517 	56.699 	48.198 	49.729 	60.212 
A,EXP,ARM,MIO_EUR,WORLD,EE	1.52 	0.534 	0.858 	1.311 	1.475 	2.266 	1.722 	1.408 	1.806 	2.152 	3.432 	4.047 	3.852 	4.265 	11.721 	42.531 
A,EXP,ARM,MIO_EUR,WORLD,EL	3.243 	2.462 	5.531 	3.987 	13.991 	15.107 	19.975 	13.624 	13.22 	13.073 	14.906 	13.179 	16.678 	17.225 	15.633 	17.388 
A,EXP,ARM,MIO_EUR,WORLD,ES	149.444 	152.355 	146.479 	156.624 	180.257 	119.491 	181.122 	175.441 	189.362 	177.717 	482.071 	587.536 	490.777 	535.01 	862.341 	623.268 
A,EXP,ARM,MIO_EUR,WORLD,EU27_2020	2636.097 	2905.383 	3045.484 	2488.094 	2257.737 	2493.815 	3190.699 	2907.575 	2898.189 	2944.802 	3462.039 	3577.997 	3841.629 	4317.838 	5255.681 	5770.215 
A,EXP,ARM,MIO_EUR,WORLD,FI	64.001 	95.061 	76.664 	62.831 	49.951 	58.342 	231.045 	201.914 	83.191 	81.505 	78.072 	92.782 	115.29 	81.197 	110.471 	181.185 
A,EXP,ARM,MIO_EUR,WORLD,FR	321.415 	325.143 	274.564 	270.031 	202.361 	130.121 	101.584 	103.992 	143.937 	131.805 	99.87 	110.188 	107.905 	111.005 	104.703 	109.109 
A,EXP,ARM,MIO_EUR,WORLD,HR	29.536 	30.278 	47.165 	40.166 	45.554 	71.033 	107.899 	106.093 	92.329 	198.993 	107.391 	120.835 	57.752 	109.949 	136.026 	156.855 
A,EXP,ARM,MIO_EUR,WORLD,HU	19.428 	15.164 	13.788 	14.839 	10.909 	23.273 	23.145 	23.22 	25.416 	27.686 	43.259 	32.214 	45.862 	48.467 	51.45 	63.804 
A,EXP,ARM,MIO_EUR,WORLD,IE	2.274 	0.871 	1.483 	1.11 	1.286 	1.48 	0.72 	0.941 	1.338 	0.942 	8.085 	7.596 	1.587 	0.204 	0.313 	0.219 
A,EXP,ARM,MIO_EUR,WORLD,IS	: 	: 	: 	: 	: 	: 	: 	: 	0.006 	0.004 	0 	0.01 	0.041 	0.005 	0.018 	0.054 
A,EXP,ARM,MIO_EUR,WORLD,IT	446.885 	453.213 	454.551 	535.917 	445.691 	471.784 	571.143 	551.28 	534.241 	557.412 	532.452 	528.607 	519.976 	517.264 	726.281 	876.028 
A,EXP,ARM,MIO_EUR,WORLD,LT	5.502 	6.917 	4.305 	7.123 	6.402 	8.05 	8.618 	4.163 	6.69 	11.025 	44.419 	11 	9.843 	14.786 	14.731 	19.602 
A,EXP,ARM,MIO_EUR,WORLD,LU	0.426 	0.221 	0.141 	0.096 	1.006 	2.111 	0.792 	1.482 	1.041 	0.984 	0.953 	0.509 	0.304 	0.529 	0.588 	7.871 
A,EXP,ARM,MIO_EUR,WORLD,LV	0.023 	0.349 	1.069 	1.16 	1.575 	2.75 	2.871 	2.03 	0.552 	0.722 	1.214 	1.665 	1.449 	0.262 	1.888 	8.625 
A,EXP,ARM,MIO_EUR,WORLD,MT	0.025 	0.015 	0.147 	0.419 	3.363 	3.502 	1.969 	2.183 	0.982 	0.416 	0.181 	0.439 	0.126 	0.059 	0.362 	0.069 
A,EXP,ARM,MIO_EUR,WORLD,NL	8.344 	3.414 	4.447 	16.69 	30.068 	64.164 	46.504 	50.579 	66.154 	73.686 	81.099 	71.906 	85.261 	164.316 	189.237 	205.939 
A,EXP,ARM,MIO_EUR,WORLD,NO	: 	: 	: 	: 	: 	: 	: 	: 	267.969 	206.368 	318.013 	250.873 	188.52 	251.641 	292.304 	409.332 
A,EXP,ARM,MIO_EUR,WORLD,PL	111.824 	130.213 	126.839 	92.838 	26.267 	27.063 	46.191 	54.247 	109.499 	183.073 	112.122 	110.127 	121.395 	100.09 	124.114 	958.438 
A,EXP,ARM,MIO_EUR,WORLD,PT	34.526 	40.36 	59.663 	47.162 	38.509 	39.762 	48.931 	58.722 	60.539 	52.575 	51.517 	47.28 	52.225 	49.532 	58.351 	72.038 
A,EXP,ARM,MIO_EUR,WORLD,RO	3.153 	3.509 	5.479 	5.07 	5.066 	7.823 	12.362 	13.499 	5.733 	7.573 	6.788 	7.228 	8.342 	7.996 	6.777 	28.554 
A,EXP,ARM,MIO_EUR,WORLD,SE	440.522 	489.786 	480.474 	89.974 	71.064 	41.233 	60.278 	59.701 	64.34 	68.317 	68.442 	71.973 	115.708 	73.199 	115.63 	156.145 
A,EXP,ARM,MIO_EUR,WORLD,SI	2.62 	16.14 	5.802 	5.396 	9.338 	9.25 	7.192 	8.342 	11.835 	18.77 	21.108 	28.159 	20.269 	17.684 	40.804 	: 
A,EXP,ARM,MIO_EUR,WORLD,SK	28.473 	18.34 	28.626 	27.347 	25.284 	23.549 	27.016 	55.79 	98.585 	75.047 	89.896 	105.739 	107.981 	104.203 	127.789 	404.543 
A,EXP,CHE,MIO_EUR,EXT_EU27_2020,AT	111.118 	108.097 	106.666 	129.056 	182.071 	197.155 	141.896 	120.231 	121.075 	120.906 	114.63 	128.343 	122.406 	126.039 	123.264 	198.251 
A,EXP,CHE,MIO_EUR,EXT_EU27_2020,BE	499.709 	726.392 	489.865 	532.859 	573.698 	709.25 	765.626 	759.091 	838.25 	878.94 	948.201 	937.177 	899.664 	868.582 	888.956 	1138.324 
A,EXP,CHE,MIO_EUR,EXT_EU27_2020,BG	5.551 	6.08 	7.313 	10.251 	10.862 	11.623 	10.501 	12.753 	18.148 	21.831 	26.797 	26.412 	30.062 	38.132 	34.124 	22.609 
A,EXP,CHE,MIO_EUR,EXT_EU27_2020,CH	3.97 	6.97 	5.858 	10.246 	10.566 	10.249 	7.444 	5.676 	633.11 	557.299 	399.316 	357.616 	355.584 	301.125 	339.15 	355.944 
A,EXP,CHE,MIO_EUR,EXT_EU27_2020,CY	0.416 	1.175 	1.367 	2.108 	1.235 	1.391 	0.649 	0.827 	0.704 	0.649 	0.826 	2.602 	0.579 	0.178 	0.74 	2.247 
A,EXP,CHE,MIO_EUR,EXT_EU27_2020,CZ	26.817 	38.73 	31.888 	45.592 	49.239 	58.568 	50.01 	39.959 	53.354 	46.251 	36.859 	49.45 	62.153 	42.684 	49.756 	54.551 
A,EXP,CHE,MIO_EUR,EXT_EU27_2020,DE	1988.566 	2220.353 	2939.377 	3416.322 	3887.358 	4210.206 	3782.585 	3664.895 	3829.799 	3858.236 	4023.638 	3958.06 	3831.601 	3573.745 	4319.182 	5520.759 
A,EXP,CHE,MIO_EUR,EXT_EU27_2020,DK	66.602 	78.29 	67.746 	99.883 	107.137 	118.897 	138.007 	138.19 	147.885 	99.67 	130.877 	122.213 	139.875 	143.227 	112.056 	108.242 
A,EXP,CHE,MIO_EUR,EXT_EU27_2020,EE	5.695 	6.181 	5.552 	5.554 	44.71 	33.412 	26.303 	23.541 	23.363 	17.941 	25.174 	27.524 	20.761 	21.021 	36.559 	43.835 
A,EXP,CHE,MIO_EUR,EXT_EU27_2020,EL	39.072 	32.646 	31.804 	42.115 	41.013 	42.369 	38.702 	45.867 	41.824 	40.073 	64.131 	78.032 	97.816 	106.873 	114.502 	120.516 
A,EXP,CHE,MIO_EUR,EXT_EU27_2020,ES	269.056 	298.483 	223.195 	364.747 	448.244 	523.513 	423.801 	469.175 	490.998 	474.085 	673.568 	583.501 	667.079 	742.835 	752.452 	955.825 
A,EXP,CHE,MIO_EUR,EXT_EU27_2020,EU27_2020	7472.682 	8314.468 	7886.476 	9164.773 	10007.474 	10258.983 	9174.545 	9147.914 	9768.684 	9365.23 	10213.24 	10001.189 	10744.713 	10610.571 	11569.376 	14881.974 
A,EXP,CHE,MIO_EUR,EXT_EU27_2020,FI	7.172 	7.686 	5.994 	5.461 	8.079 	7.979 	9.392 	7.89 	6.234 	6.052 	8.693 	15.441 	23.617 	56.464 	44.964 	12.328 
A,EXP,CHE,MIO_EUR,EXT_EU27_2020,FR	2322.909 	2783.431 	2109.497 	2443.427 	2426.818 	2275.444 	1950.473 	2078.393 	2215.436 	1896.578 	1998.023 	1812.876 	2371.67 	2428.15 	2462.029 	2865.68 
A,EXP,CHE,MIO_EUR,EXT_EU27_2020,HR	7.015 	8.356 	7.011 	6.627 	8.145 	5.231 	5.682 	8.754 	9.464 	9.546 	9.803 	10.209 	8.449 	14.897 	10.725 	11.357 
A,EXP,CHE,MIO_EUR,EXT_EU27_2020,HU	58.277 	66.472 	51.721 	60.208 	64.588 	72.972 	71.863 	63.9 	92.118 	115.269 	215.037 	182.43 	199.364 	227.526 	220.809 	386.417 
A,EXP,CHE,MIO_EUR,EXT_EU27_2020,IE	26.52 	34.856 	21.936 	25.144 	27.115 	27.027 	28.547 	33.467 	38.007 	53.524 	62.979 	72.292 	85.774 	87.708 	94.111 	456.581 
A,EXP,CHE,MIO_EUR,EXT_EU27_2020,IS	: 	: 	0.241 	0.555 	0.38 	0.432 	0.036 	: 	: 	0 	0.232 	2.041 	15.734 	7.677 	0.238 	0.071 
A,EXP,CHE,MIO_EUR,EXT_EU27_2020,IT	465.264 	512.964 	347.91 	399.846 	495.644 	387.23 	370.13 	336.272 	378.601 	381.737 	389.872 	378.573 	386.384 	390.307 	488.655 	581.977 
A,EXP,CHE,MIO_EUR,EXT_EU27_2020,LT	50.867 	49.461 	54.894 	53.516 	33.039 	50.715 	68.851 	56.237 	87.226 	83.584 	105.759 	132.663 	148.415 	119.516 	129.433 	112.415 
A,EXP,CHE,MIO_EUR,EXT_EU27_2020,LU	0.059 	0.136 	0.47 	0.272 	0.167 	0.107 	0.122 	0.211 	0.24 	0.324 	0.324 	0.553 	0.273 	0.537 	0.629 	0.345 
A,EXP,CHE,MIO_EUR,EXT_EU27_2020,LV	0.917 	1.495 	1.618 	1.733 	2.316 	4.097 	2.949 	3.342 	3.826 	4.693 	6.782 	6.604 	7.197 	8.543 	13.399 	4.385 
A,EXP,CHE,MIO_EUR,EXT_EU27_2020,MT	0.297 	0.212 	0.355 	0.378 	0.437 	0.485 	1.293 	0.688 	0.556 	0.047 	0.355 	0.298 	0.132 	0.245 	0.13 	0.108 
A,EXP,CHE,MIO_EUR,EXT_EU27_2020,NL	1420.702 	1227.094 	1281.461 	1401.343 	1467.195 	1380.029 	1083.264 	1132.809 	1210.19 	1084.616 	1124.302 	1211.314 	1347.481 	1312.4 	1352.283 	1893.752 
A,EXP,CHE,MIO_EUR,EXT_EU27_2020,NO	96.498 	115.577 	120.621 	149.249 	227.439 	105.374 	80.399 	113.165 	13.885 	204.429 	13.044 	22.535 	24.801 	21.977 	46.175 	137.336 
A,EXP,CHE,MIO_EUR,EXT_EU27_2020,PL	30.271 	32.793 	32.177 	41.918 	45.636 	60.635 	61.333 	57.795 	69.431 	70.564 	97.864 	96.556 	107.316 	111.933 	130.009 	167.762 
A,EXP,CHE,MIO_EUR,EXT_EU27_2020,PT	14.417 	12.762 	10.468 	14.677 	11.456 	15.587 	22.076 	23.894 	22.496 	20.779 	24.6 	27.801 	39.041 	45.847 	63.78 	62.03 
A,EXP,CHE,MIO_EUR,EXT_EU27_2020,RO	6.248 	6.245 	5.217 	4.664 	6.451 	5.978 	7.623 	10.727 	12.852 	16.927 	36.873 	44.33 	47.225 	42.856 	45.099 	71.351 
A,EXP,CHE,MIO_EUR,EXT_EU27_2020,SE	28.823 	30.392 	26.953 	32.369 	34.379 	34.816 	91.949 	36.482 	32.295 	34.18 	58.892 	69.112 	74.273 	72.32 	53.944 	50.991 
A,EXP,CHE,MIO_EUR,EXT_EU27_2020,SI	9.934 	12.655 	14.838 	17.66 	24.085 	17.49 	14.502 	16.067 	18.779 	22.789 	23.41 	23.493 	23.427 	25.438 	24.869 	32.136 
A,EXP,CHE,MIO_EUR,EXT_EU27_2020,SK	10.39 	11.032 	9.183 	7.044 	6.356 	6.778 	6.419 	6.456 	5.533 	5.44 	4.972 	3.33 	2.679 	2.568 	2.914 	7.202 
A,EXP,CHE,MIO_EUR,INT_EU27_2020,AT	196.841 	236.062 	234.17 	251.188 	373.102 	342.337 	312.209 	337.522 	372.616 	367.868 	344.457 	305.215 	333.42 	392.821 	444.343 	535.316 
A,EXP,CHE,MIO_EUR,INT_EU27_2020,BE	1415.349 	1508.771 	1573.961 	1466.823 	1662.626 	1532.229 	1474.86 	1651.411 	1734.223 	1803.294 	1880.194 	2072.04 	1885.212 	1688.672 	1976.053 	2522.129 
A,EXP,CHE,MIO_EUR,INT_EU27_2020,BG	6.481 	8.916 	8.188 	7.053 	9.271 	11.201 	21.024 	18.996 	24.817 	17.261 	27.293 	30.214 	34.843 	41.906 	43.741 	44.951 
A,EXP,CHE,MIO_EUR,INT_EU27_2020,CH	97.394 	85.494 	33.081 	57.67 	72.596 	71.375 	62.745 	32.086 	663.719 	519.631 	325.867 	306.782 	307.123 	262.222 	294.838 	276.217 
A,EXP,CHE,MIO_EUR,INT_EU27_2020,CY	0.006 	0 	0.073 	0.377 	0.312 	0.368 	0.09 	0.044 	0.348 	0.013 	0.054 	0.037 	0.011 	0.181 	0.183 	0.331 
A,EXP,CHE,MIO_EUR,INT_EU27_2020,CZ	64.758 	92.363 	71.414 	75.905 	100.453 	96.78 	103.938 	116.522 	125.659 	122.429 	110.975 	148.296 	153.788 	176.253 	185.611 	223.239 
A,EXP,CHE,MIO_EUR,INT_EU27_2020,DE	2722.38 	3072.187 	2719.965 	2719.42 	3139.768 	2982.551 	3025.361 	3248.271 	3365.724 	3152.585 	3096.838 	3030.005 	3182.102 	2941.444 	3029.792 	3726.907 
A,EXP,CHE,MIO_EUR,INT_EU27_2020,DK	219.139 	285.161 	233.471 	245.395 	258.906 	259.199 	297.983 	281.845 	297.859 	294.915 	302.313 	302.46 	305.668 	313.179 	329.224 	293.614 
A,EXP,CHE,MIO_EUR,INT_EU27_2020,EE	7.874 	10.422 	8.188 	11.978 	20.494 	23.688 	18.339 	11.654 	14.577 	12.884 	11.952 	13.926 	18.894 	32.083 	24.647 	36.991 
A,EXP,CHE,MIO_EUR,INT_EU27_2020,EL	53.544 	57.13 	54.246 	66.179 	60.708 	60.714 	39.504 	67.566 	61.302 	60.822 	74.187 	90.327 	104.738 	111.065 	138.057 	176.09 
A,EXP,CHE,MIO_EUR,INT_EU27_2020,ES	509.657 	724.217 	535.858 	628.516 	845.262 	972.506 	1001.832 	1037.164 	1091.574 	1094.557 	1088.856 	1238.187 	1173.657 	1054.887 	1211.743 	1539.703 
A,EXP,CHE,MIO_EUR,INT_EU27_2020,EU27_2020	10403.15 	11849.926 	10716.018 	11364.729 	13052.126 	12652.568 	12506.526 	12854.987 	13590.016 	13384.833 	13599.144 	14434.066 	14369.688 	13716.17 	15828.962 	20243.612 
A,EXP,CHE,MIO_EUR,INT_EU27_2020,FI	8.439 	7.303 	8.423 	10.145 	9.583 	9.323 	10.392 	8.248 	6.666 	8.625 	14.939 	14.639 	13.058 	15.714 	17.111 	20.871 
A,EXP,CHE,MIO_EUR,INT_EU27_2020,FR	2116.594 	2772.015 	2474.414 	2423.741 	2632.191 	2476.803 	2312.257 	2453.104 	2440.74 	2515.996 	2486.386 	2422.226 	2481.932 	2413.313 	2860.327 	3700.62 
A,EXP,CHE,MIO_EUR,INT_EU27_2020,HR	6.179 	11.85 	9.652 	10.64 	14.935 	13.492 	21.468 	24.135 	28.407 	27.112 	23.466 	37.709 	45.314 	53.3 	78.84 	116.106 
A,EXP,CHE,MIO_EUR,INT_EU27_2020,HU	69.244 	95.892 	101.878 	99.763 	137.964 	138.528 	149.293 	200.177 	271.839 	253.764 	381.403 	389.604 	423.034 	518.858 	532.693 	648.222 
A,EXP,CHE,MIO_EUR,INT_EU27_2020,IE	19.466 	52.557 	17.558 	29.389 	41.285 	43.404 	58.177 	63.852 	66.432 	73.086 	96.471 	95.577 	93.959 	103.577 	137.167 	207.895 
A,EXP,CHE,MIO_EUR,INT_EU27_2020,IS	0.002 	: 	0 	0.382 	: 	0.041 	0.002 	0 	0.003 	0.471 	12.366 	3.081 	12.284 	13.101 	53.263 	101.039 
A,EXP,CHE,MIO_EUR,INT_EU27_2020,IT	654.754 	724.4 	653.198 	759.852 	840.543 	756.031 	703.614 	654.087 	672.218 	669.84 	644.275 	622.135 	648.409 	629.14 	753.39 	834.492 
A,EXP,CHE,MIO_EUR,INT_EU27_2020,LT	417.821 	354.692 	299.596 	450.228 	533.432 	512.015 	495.44 	454.747 	349.35 	354.387 	395.619 	486.39 	455.552 	355.012 	452.166 	721.01 
A,EXP,CHE,MIO_EUR,INT_EU27_2020,LU	13.119 	17.265 	15.642 	12.826 	16.295 	22.003 	17.414 	22.096 	22.125 	20.312 	22.971 	26.918 	11.757 	16.094 	16.511 	53.822 
A,EXP,CHE,MIO_EUR,INT_EU27_2020,LV	3.726 	7.658 	3.985 	5.892 	16.878 	24.512 	27.508 	27.854 	24.835 	27.987 	35.814 	37.508 	36.677 	52.776 	47.524 	82.203 
A,EXP,CHE,MIO_EUR,INT_EU27_2020,MT	0.908 	0.848 	0.99 	0.976 	0.982 	0.601 	0.758 	0.853 	0.909 	0.568 	0.634 	0.608 	0.783 	0.582 	0.495 	0.29 
A,EXP,CHE,MIO_EUR,INT_EU27_2020,NL	1470.151 	1369.958 	1358.539 	1691.581 	1844.424 	1905.995 	1864.237 	1539.905 	1861.871 	1697.264 	1734.163 	2156.861 	2050.016 	1850.044 	2440.97 	3107.347 
A,EXP,CHE,MIO_EUR,INT_EU27_2020,NO	133.364 	160.713 	131.971 	214.359 	244.099 	263.624 	255.06 	303.126 	1.473 	323.844 	24.541 	27.743 	12.203 	17.505 	24.069 	115.856 
A,EXP,CHE,MIO_EUR,INT_EU27_2020,PL	148.406 	158.363 	142.991 	182.309 	242.657 	236.096 	282.252 	288.31 	332.355 	380.201 	397.638 	457.177 	455.779 	456.918 	552.679 	846.058 
A,EXP,CHE,MIO_EUR,INT_EU27_2020,PT	65.832 	78.535 	67.994 	65.442 	75.941 	85.101 	99.495 	115.524 	127.739 	135.674 	114.479 	114.148 	134.193 	127.997 	128.68 	154.835 
A,EXP,CHE,MIO_EUR,INT_EU27_2020,RO	13.341 	8.193 	9.042 	13.426 	30.261 	21.201 	47.171 	64.292 	70.182 	78.54 	80.183 	100.737 	113.73 	128.195 	154.483 	206.226 
A,EXP,CHE,MIO_EUR,INT_EU27_2020,SE	148.636 	128.654 	51.485 	64.144 	60.165 	64.827 	61.203 	68.706 	72.914 	66.091 	75.716 	94.376 	82.529 	103.125 	109.947 	173.088 
A,EXP,CHE,MIO_EUR,INT_EU27_2020,SI	30.747 	33.695 	33.968 	43.253 	46.195 	35.702 	31.612 	46.314 	94.294 	107.498 	111.112 	107.483 	93.474 	97.468 	113.642 	201.343 
A,EXP,CHE,MIO_EUR,INT_EU27_2020,SK	19.758 	32.819 	27.126 	28.291 	37.492 	25.359 	29.094 	51.788 	58.438 	41.255 	46.758 	39.262 	37.159 	41.567 	48.941 	69.915 
A,EXP,CHE,MIO_EUR,WORLD,AT	307.959 	344.159 	340.837 	380.245 	555.173 	539.492 	454.104 	457.753 	493.692 	488.774 	459.086 	433.558 	455.826 	518.861 	567.608 	733.567 
A,EXP,CHE,MIO_EUR,WORLD,BE	1915.058 	2235.164 	2063.826 	1999.682 	2236.324 	2241.479 	2240.486 	2410.502 	2572.473 	2682.234 	2828.395 	3009.218 	2784.876 	2557.254 	2865.009 	3660.452 
A,EXP,CHE,MIO_EUR,WORLD,BG	12.032 	14.996 	15.501 	17.304 	20.134 	22.825 	31.525 	31.749 	42.966 	39.092 	54.09 	56.626 	64.905 	80.038 	77.864 	67.56 
A,EXP,CHE,MIO_EUR,WORLD,CH	101.363 	92.464 	38.939 	67.916 	83.163 	81.623 	70.189 	37.762 	1296.83 	1076.93 	725.184 	664.398 	662.707 	563.347 	633.988 	632.162 
A,EXP,CHE,MIO_EUR,WORLD,CY	0.421 	1.175 	1.44 	2.485 	1.546 	1.759 	0.739 	0.871 	1.052 	0.662 	0.879 	2.638 	0.59 	0.359 	0.923 	2.578 
A,EXP,CHE,MIO_EUR,WORLD,CZ	91.575 	131.093 	103.302 	121.497 	149.692 	155.348 	153.949 	156.482 	179.013 	168.68 	147.834 	197.746 	215.942 	218.937 	235.367 	277.79 
A,EXP,CHE,MIO_EUR,WORLD,DE	4710.946 	5292.54 	5659.342 	6135.742 	7027.126 	7192.757 	6807.946 	6913.166 	7195.523 	7010.821 	7120.476 	6988.065 	7013.703 	6515.188 	7348.974 	9247.666 
A,EXP,CHE,MIO_EUR,WORLD,DK	285.741 	363.45 	301.218 	345.278 	366.043 	378.096 	435.989 	420.035 	445.744 	394.585 	433.19 	424.673 	445.542 	456.406 	441.28 	401.856 
A,EXP,CHE,MIO_EUR,WORLD,EE	13.569 	16.603 	13.74 	17.531 	65.203 	57.1 	44.642 	35.195 	37.94 	30.824 	37.126 	41.45 	39.655 	53.104 	61.206 	80.826 
A,EXP,CHE,MIO_EUR,WORLD,EL	92.616 	89.777 	86.05 	108.294 	101.722 	103.083 	78.206 	113.433 	103.126 	100.895 	138.317 	168.359 	202.554 	217.937 	252.559 	296.606 
A,EXP,CHE,MIO_EUR,WORLD,ES	778.712 	1022.7 	759.053 	993.263 	1293.507 	1496.019 	1425.633 	1506.338 	1582.572 	1568.642 	1762.424 	1821.687 	1840.736 	1797.722 	1964.195 	2495.527 
A,EXP,CHE,MIO_EUR,WORLD,EU27_2020	17875.832 	20164.394 	18602.494 	20529.502 	23059.6 	22911.551 	21681.071 	22002.902 	23358.7 	22750.063 	23812.385 	24435.255 	25114.401 	24326.742 	27398.338 	35125.586 
A,EXP,CHE,MIO_EUR,WORLD,FI	15.612 	14.989 	14.417 	15.606 	17.662 	17.302 	19.784 	16.138 	12.9 	14.677 	23.631 	30.08 	36.676 	72.178 	62.075 	33.199 
A,EXP,CHE,MIO_EUR,WORLD,FR	4439.503 	5555.446 	4583.912 	4867.168 	5059.009 	4752.248 	4262.729 	4531.497 	4656.176 	4412.574 	4484.409 	4235.102 	4853.601 	4841.463 	5322.356 	6566.3 
A,EXP,CHE,MIO_EUR,WORLD,HR	13.194 	20.206 	16.663 	17.267 	23.081 	18.723 	27.15 	32.89 	37.872 	36.658 	33.27 	47.918 	53.764 	68.197 	89.566 	127.462 
A,EXP,CHE,MIO_EUR,WORLD,HU	127.52 	162.363 	153.599 	159.971 	202.552 	211.5 	221.157 	264.077 	363.957 	369.034 	596.44 	572.033 	622.398 	746.384 	753.503 	1034.639 
A,EXP,CHE,MIO_EUR,WORLD,IE	45.986 	87.412 	39.494 	54.532 	68.4 	70.432 	86.723 	97.32 	104.439 	126.61 	159.45 	167.87 	179.732 	191.286 	231.278 	664.476 
A,EXP,CHE,MIO_EUR,WORLD,IS	0.002 	: 	0.241 	0.938 	0.38 	0.473 	0.038 	0 	0.003 	0.471 	12.598 	5.122 	28.018 	20.778 	53.501 	101.11 
A,EXP,CHE,MIO_EUR,WORLD,IT	1120.018 	1237.364 	1001.108 	1159.698 	1336.187 	1143.26 	1073.744 	990.359 	1050.819 	1051.578 	1034.147 	1000.707 	1034.793 	1019.447 	1242.045 	1416.468 
A,EXP,CHE,MIO_EUR,WORLD,LT	468.688 	404.153 	354.49 	503.744 	566.47 	562.73 	564.292 	510.984 	436.577 	437.97 	501.378 	619.053 	603.967 	474.528 	581.6 	833.424 
A,EXP,CHE,MIO_EUR,WORLD,LU	13.178 	17.401 	16.112 	13.098 	16.462 	22.11 	17.536 	22.307 	22.365 	20.636 	23.295 	27.472 	12.03 	16.631 	17.14 	54.167 
A,EXP,CHE,MIO_EUR,WORLD,LV	4.643 	9.153 	5.603 	7.625 	19.194 	28.608 	30.457 	31.195 	28.661 	32.68 	42.596 	44.113 	43.873 	61.319 	60.923 	86.588 
A,EXP,CHE,MIO_EUR,WORLD,MT	1.205 	1.06 	1.345 	1.353 	1.42 	1.086 	2.051 	1.541 	1.465 	0.615 	0.988 	0.906 	0.915 	0.827 	0.625 	0.398 
A,EXP,CHE,MIO_EUR,WORLD,NL	2890.852 	2597.051 	2640 	3092.923 	3311.618 	3286.024 	2947.501 	2672.714 	3072.061 	2781.881 	2858.465 	3368.175 	3397.497 	3162.444 	3793.253 	5001.099 
A,EXP,CHE,MIO_EUR,WORLD,NO	229.862 	276.29 	252.592 	363.608 	471.539 	368.998 	335.46 	416.291 	15.359 	528.273 	37.585 	50.278 	37.004 	39.482 	70.244 	253.192 
A,EXP,CHE,MIO_EUR,WORLD,PL	178.676 	191.155 	175.168 	224.227 	288.294 	296.731 	343.584 	346.105 	401.786 	450.766 	495.502 	553.733 	563.095 	568.851 	682.689 	1013.82 
A,EXP,CHE,MIO_EUR,WORLD,PT	80.249 	91.297 	78.462 	80.119 	87.397 	100.689 	121.571 	139.419 	150.235 	156.453 	139.078 	141.949 	173.235 	173.845 	192.46 	216.865 
A,EXP,CHE,MIO_EUR,WORLD,RO	19.588 	14.438 	14.258 	18.091 	36.712 	27.179 	54.794 	75.019 	83.034 	95.468 	117.056 	145.067 	160.955 	171.051 	199.583 	277.576 
A,EXP,CHE,MIO_EUR,WORLD,SE	177.46 	159.046 	78.437 	96.513 	94.543 	99.643 	153.152 	105.188 	105.209 	100.271 	134.609 	163.488 	156.802 	175.444 	163.891 	224.08 
A,EXP,CHE,MIO_EUR,WORLD,SI	40.68 	46.35 	48.807 	60.913 	70.28 	53.192 	46.114 	62.38 	113.073 	130.287 	134.522 	130.976 	116.901 	122.907 	138.511 	233.479 
A,EXP,CHE,MIO_EUR,WORLD,SK	30.149 	43.851 	36.309 	35.335 	43.848 	32.137 	35.513 	58.244 	63.971 	46.695 	51.73 	42.592 	39.838 	44.135 	51.855 	77.117 
A,EXP,COM,MIO_EUR,EXT_EU27_2020,AT	393.372 	301.253 	209.053 	241.666 	313.98 	248.822 	288.662 	329.524 	247.325 	219.62 	221.06 	214.275 	218.057 	196.836 	218.244 	260.568 
A,EXP,COM,MIO_EUR,EXT_EU27_2020,BE	536.17 	497.317 	448.832 	511.539 	582.096 	580.101 	462.42 	409.593 	473.774 	467.334 	425.711 	368.842 	376.451 	333.357 	282.235 	370.49 
A,EXP,COM,MIO_EUR,EXT_EU27_2020,BG	13.467 	19.202 	21.672 	22.414 	36.635 	33.169 	44.179 	40.273 	56.262 	58.709 	61.002 	53.234 	58.419 	57.387 	69.937 	109.34 
A,EXP,COM,MIO_EUR,EXT_EU27_2020,CH	31.058 	29.475 	29.758 	33.307 	33.213 	35.802 	35.814 	37.364 	205.537 	236.018 	229.405 	271.592 	341.824 	298.125 	294.489 	327.108 
A,EXP,COM,MIO_EUR,EXT_EU27_2020,CY	1.722 	2.314 	5.934 	2.549 	1.326 	2.68 	2.048 	1.717 	3.11 	4.308 	3.786 	2.478 	2.343 	2.966 	6.895 	4.662 
A,EXP,COM,MIO_EUR,EXT_EU27_2020,CZ	1624.838 	1636.545 	1518.313 	2350.695 	2456.704 	2788.829 	2390.195 	2742.599 	2663.011 	2459.995 	2560.293 	2979.804 	2889.081 	2788.3 	3000.855 	3692.589 
A,EXP,COM,MIO_EUR,EXT_EU27_2020,DE	5921.681 	5398.535 	4223.186 	4997.846 	4985.32 	4974.588 	4598.806 	4715.576 	4979.431 	4555.372 	5109.922 	5174.819 	4884.634 	4592.569 	4810.859 	5530.522 
A,EXP,COM,MIO_EUR,EXT_EU27_2020,DK	325.348 	315.453 	331.96 	453.431 	509.497 	518.216 	509.502 	572.186 	610.743 	612.485 	652.947 	683.824 	711.792 	686.239 	829.415 	946.434 
A,EXP,COM,MIO_EUR,EXT_EU27_2020,EE	6.082 	6.551 	3.716 	4.618 	4.743 	6.402 	8.418 	4.953 	8.29 	16.534 	14.899 	19.446 	16.193 	16.339 	41.09 	53.619 
A,EXP,COM,MIO_EUR,EXT_EU27_2020,EL	28.981 	37.168 	18.87 	8.57 	5.103 	6.91 	13.065 	71.509 	86.507 	83.66 	101.16 	70.554 	79.309 	95.046 	76.591 	120.959 
A,EXP,COM,MIO_EUR,EXT_EU27_2020,ES	179.49 	159.482 	130.648 	123.028 	153.751 	176.166 	207.294 	277.941 	282.666 	275.751 	311.769 	316.663 	301.22 	268.156 	254.533 	300.314 
A,EXP,COM,MIO_EUR,EXT_EU27_2020,EU27_2020	29212.105 	26241.676 	22338.555 	23714.392 	24234.903 	25972.317 	24491.522 	24649.509 	24349.717 	23446.61 	24586.241 	26486.847 	27769.051 	27651.02 	25925.112 	30714.826 
A,EXP,COM,MIO_EUR,EXT_EU27_2020,FI	322.871 	245.906 	178.502 	203.786 	221.63 	215.938 	218.855 	217.59 	172.502 	132.295 	140.927 	143.772 	176.955 	153.275 	221.716 	131.612 
A,EXP,COM,MIO_EUR,EXT_EU27_2020,FR	2008.856 	1960.519 	1614.465 	1557.158 	1738.744 	1545.822 	1444.811 	1394.452 	1502.107 	1436.356 	1547.076 	1613.704 	1552.642 	1399.762 	1366.44 	1422.253 
A,EXP,COM,MIO_EUR,EXT_EU27_2020,HR	48.041 	44.369 	26.113 	18.829 	16.355 	12.937 	12.731 	20.648 	19.226 	21.163 	22.705 	23.076 	29.647 	38.506 	33.808 	39.642 
A,EXP,COM,MIO_EUR,EXT_EU27_2020,HU	1523.342 	1331.448 	960.994 	1173.695 	1257.413 	1372.536 	1261.376 	1130.436 	1181.384 	1109.024 	1107.48 	1134.39 	1240.669 	1378.025 	1427.739 	1843.656 
A,EXP,COM,MIO_EUR,EXT_EU27_2020,IE	5020.762 	4042.019 	3017.716 	1704.874 	1462.877 	1511.815 	1735.731 	1897.735 	2196.376 	2017.162 	1826.005 	2052.946 	2820.369 	2807.877 	1490.568 	1854.256 
A,EXP,COM,MIO_EUR,EXT_EU27_2020,IS	0.783 	1.448 	0.175 	0.542 	0.127 	0.286 	0.486 	0.282 	2.979 	1.772 	2.009 	2.645 	1.632 	3.469 	10.263 	6.026 
A,EXP,COM,MIO_EUR,EXT_EU27_2020,IT	461.086 	443.672 	327.788 	393.602 	770.889 	836.288 	848.239 	808.225 	871.913 	796.438 	843.579 	765.847 	867.305 	763.487 	826.918 	1000.522 
A,EXP,COM,MIO_EUR,EXT_EU27_2020,LT	26.264 	34.543 	19.671 	36.958 	62.367 	78.883 	98.94 	116.753 	78.569 	82.561 	123.38 	137.826 	140.643 	132.549 	108.58 	138.612 
A,EXP,COM,MIO_EUR,EXT_EU27_2020,LU	675.933 	667.366 	410.616 	196.814 	78.655 	36.626 	33.458 	40.691 	48.37 	36.281 	7.403 	15.012 	17.971 	13.68 	14.387 	13.807 
A,EXP,COM,MIO_EUR,EXT_EU27_2020,LV	15.882 	21.582 	27.02 	31.245 	25.655 	31.077 	29.436 	20.82 	34.736 	27.749 	30.928 	25.779 	47.524 	49.171 	51.005 	70.509 
A,EXP,COM,MIO_EUR,EXT_EU27_2020,MT	4.882 	2.404 	1.511 	2.207 	1.877 	3.027 	3.801 	4.857 	5.556 	6.829 	7.005 	5.557 	7.498 	5.695 	5.977 	6.544 
A,EXP,COM,MIO_EUR,EXT_EU27_2020,NL	8989.446 	7766.04 	7433.193 	8154.245 	8022.545 	9130.813 	8521.415 	7986.624 	6898.925 	7195.063 	7400.488 	8261.984 	8535.487 	8723.775 	7794.194 	9434.843 
A,EXP,COM,MIO_EUR,EXT_EU27_2020,NO	32.548 	29.305 	20.487 	20.719 	20.053 	21.39 	25.672 	26.531 	109.141 	82.271 	136.367 	154.944 	173.792 	200.621 	198.162 	235.884 
A,EXP,COM,MIO_EUR,EXT_EU27_2020,PL	54.624 	342.658 	664.634 	840.081 	605.208 	814.25 	673.291 	753.565 	937.117 	880.118 	1027.266 	1302.169 	1603.289 	1977.338 	1687.334 	1986.703 
A,EXP,COM,MIO_EUR,EXT_EU27_2020,PT	352.048 	213.617 	138.603 	61.738 	67.605 	92.988 	80.057 	78.348 	76.481 	73.116 	58.639 	50.565 	56.554 	60.349 	91.688 	81.439 
A,EXP,COM,MIO_EUR,EXT_EU27_2020,RO	22.597 	37.58 	33.745 	23.188 	23.449 	30.441 	31.558 	33.054 	47.121 	42.175 	54.115 	49.742 	69.324 	64.349 	60.889 	102.665 
A,EXP,COM,MIO_EUR,EXT_EU27_2020,SE	620.392 	680.423 	512.149 	546.479 	697.225 	812.009 	781.676 	769.951 	704.397 	679.034 	752.703 	842.444 	815.243 	800.317 	908.917 	952.262 
A,EXP,COM,MIO_EUR,EXT_EU27_2020,SI	17.629 	18.796 	14.686 	16.27 	16.393 	12.905 	16.754 	17.968 	26.719 	26.346 	31.747 	41.537 	52.2 	52.745 	68.886 	79.98 
A,EXP,COM,MIO_EUR,EXT_EU27_2020,SK	16.297 	14.913 	44.967 	36.867 	116.861 	98.078 	174.804 	191.922 	137.097 	131.134 	142.248 	136.557 	198.232 	192.924 	175.412 	166.025 
A,EXP,COM,MIO_EUR,INT_EU27_2020,AT	964.318 	1075.119 	875.147 	1019.287 	720.188 	718.916 	1044.825 	1196.538 	876.518 	1080.674 	1149.159 	1234.394 	1213.294 	1206.714 	1308.521 	1339.694 
A,EXP,COM,MIO_EUR,INT_EU27_2020,BE	1802.976 	1829.021 	1500.771 	1430.064 	1842.345 	1893.354 	1788.821 	1528.49 	1844.693 	1643.71 	1610.122 	1498.499 	1603.877 	1477.828 	1574.833 	1804.758 
A,EXP,COM,MIO_EUR,INT_EU27_2020,BG	7.493 	7.24 	9.616 	16.236 	19.157 	32.088 	39.879 	43.561 	47.484 	67.22 	97.495 	117.815 	139.487 	141.327 	139.194 	188.213 
A,EXP,COM,MIO_EUR,INT_EU27_2020,CH	105.486 	98.076 	80.977 	96.962 	94.823 	93.829 	104.455 	76.95 	368.681 	362.993 	363.576 	371.844 	403.107 	416.161 	446.906 	485.935 
A,EXP,COM,MIO_EUR,INT_EU27_2020,CY	4.174 	16.254 	2.661 	3.602 	3.649 	1.706 	3.68 	2.272 	3.733 	9.358 	14.219 	11.47 	5.148 	8.939 	10.393 	10.817 
A,EXP,COM,MIO_EUR,INT_EU27_2020,CZ	4432.087 	4433.176 	3787.284 	5529.855 	6468.429 	6644.949 	5894.06 	6378.544 	6321.749 	5985.679 	7496.191 	9396.182 	10316.758 	11195.995 	11134.751 	12107.149 
A,EXP,COM,MIO_EUR,INT_EU27_2020,DE	10795.798 	9159.227 	7919.441 	8604.365 	8263.93 	7914.267 	7603.33 	8986.463 	10559.524 	10441.594 	13185.766 	13700.861 	13461.687 	13794.157 	16492.811 	15653.349 
A,EXP,COM,MIO_EUR,INT_EU27_2020,DK	538.943 	438.714 	453.368 	567.231 	583.298 	567.189 	534.675 	595.888 	656.907 	677.52 	758.752 	704.195 	740.755 	902.081 	1028.789 	1134.328 
A,EXP,COM,MIO_EUR,INT_EU27_2020,EE	30.469 	15.161 	7.52 	9.027 	15.168 	10.629 	7.919 	8.229 	16.36 	19.74 	17.83 	19.974 	29.21 	35.966 	50.933 	65.42 
A,EXP,COM,MIO_EUR,INT_EU27_2020,EL	32.065 	40.024 	44.494 	47.204 	38.119 	39.645 	32.688 	242.989 	372.696 	448.799 	345.554 	627.892 	626.896 	542.133 	468.182 	791.425 
A,EXP,COM,MIO_EUR,INT_EU27_2020,ES	579.355 	442.045 	519.378 	550.039 	551.997 	487.37 	495.702 	438.315 	480.202 	532.045 	738.909 	654.583 	732.098 	781.004 	945.937 	880.384 
A,EXP,COM,MIO_EUR,INT_EU27_2020,EU27_2020	57349.625 	53607.925 	46776.335 	50450.866 	49722.095 	51097.714 	49548.992 	53451.924 	56100.572 	57337.293 	60192.138 	65390.427 	67300.203 	71609.491 	81342.178 	87651.401 
A,EXP,COM,MIO_EUR,INT_EU27_2020,FI	172.425 	153.516 	121.127 	103.968 	111.511 	125.86 	124.469 	126.834 	126.119 	151.629 	146.51 	145.333 	190.362 	155.845 	189.683 	247.215 
A,EXP,COM,MIO_EUR,INT_EU27_2020,FR	3259.079 	3048.372 	1892.864 	1942.724 	1705.858 	1560.074 	1586.346 	1498.529 	1411.37 	1381.247 	1521.708 	1783.558 	1651.944 	1707.754 	1992.362 	2212.039 
A,EXP,COM,MIO_EUR,INT_EU27_2020,HR	13.955 	14.23 	11.335 	9.499 	10.214 	7.814 	8.111 	16.507 	25.582 	17.344 	16.932 	23.719 	19.07 	24.265 	33.872 	36.312 
A,EXP,COM,MIO_EUR,INT_EU27_2020,HU	2026.478 	1669.925 	1110.506 	1005.429 	1084.486 	1105.029 	1270.448 	1468.763 	1563.559 	1667.651 	2082.549 	2069.806 	2093.758 	2112.431 	2014.877 	3049.524 
A,EXP,COM,MIO_EUR,INT_EU27_2020,IE	6133.892 	4159.812 	2656.756 	1717.184 	1322.681 	1248.306 	1563.904 	1528.172 	1700.806 	1486.599 	1450.261 	1966.721 	2054.07 	1744.375 	2231.364 	2635.906 
A,EXP,COM,MIO_EUR,INT_EU27_2020,IS	1.531 	0.439 	0.101 	0.233 	0.227 	0.413 	0.225 	0.141 	1.382 	1.52 	2.74 	2.689 	1.685 	3.656 	2.456 	2.059 
A,EXP,COM,MIO_EUR,INT_EU27_2020,IT	795.981 	688.555 	684.915 	794.829 	1178.089 	1263.885 	1130.267 	1089.445 	1129.06 	1182.718 	1349.892 	1342.971 	1362.533 	1328.436 	1495.359 	1567.493 
A,EXP,COM,MIO_EUR,INT_EU27_2020,LT	100.566 	74.571 	39.603 	56.864 	81.101 	110.805 	100.426 	116.648 	159.459 	171.617 	153.941 	129.542 	209.428 	216.519 	249.529 	280.333 
A,EXP,COM,MIO_EUR,INT_EU27_2020,LU	3693.628 	4336.549 	3404.482 	955.45 	304.311 	269.686 	299.752 	302.812 	333.397 	395.456 	201.444 	56.699 	78.349 	67.394 	83.956 	77.747 
A,EXP,COM,MIO_EUR,INT_EU27_2020,LV	52.285 	51.085 	53.877 	65.042 	68.307 	88.283 	90.248 	101.786 	125.088 	171.696 	101.524 	127.854 	132.78 	183.035 	193.861 	211.475 
A,EXP,COM,MIO_EUR,INT_EU27_2020,MT	10.389 	5.916 	3.529 	4.499 	3.921 	4.125 	4.611 	5.869 	5.128 	5.59 	7.792 	7.325 	6.802 	8.253 	6.121 	6.138 
A,EXP,COM,MIO_EUR,INT_EU27_2020,NL	20185.716 	19265.961 	18797.937 	22264.101 	21794.987 	23241.133 	21958.112 	23297.331 	23483.341 	24689.918 	22290.6 	23566.416 	23842.458 	27337.933 	32212.508 	34377.169 
A,EXP,COM,MIO_EUR,INT_EU27_2020,NO	83.49 	83.969 	66.985 	65.356 	77.805 	67.489 	69.692 	64.205 	159.829 	155.887 	57.372 	79.514 	97.098 	62.326 	65.201 	82.809 
A,EXP,COM,MIO_EUR,INT_EU27_2020,PL	204.096 	1141.258 	1680.07 	2172.608 	1899.319 	1911.263 	1795.892 	2348.294 	2918.456 	2978.75 	3203.365 	3874.798 	4368.202 	4193.81 	4679.965 	6060.91 
A,EXP,COM,MIO_EUR,INT_EU27_2020,PT	75.882 	44.142 	44.215 	50.367 	35.175 	46.775 	31.567 	31.851 	45.939 	47.733 	61.707 	50.776 	87.44 	103.585 	116.267 	138.321 
A,EXP,COM,MIO_EUR,INT_EU27_2020,RO	190.671 	210.081 	165.845 	230.758 	207.618 	199.623 	170.452 	155.152 	143.103 	165.829 	140.24 	172.031 	197.853 	254.608 	286.244 	312.684 
A,EXP,COM,MIO_EUR,INT_EU27_2020,SE	833.364 	710.259 	580.384 	713.999 	760.976 	794.566 	842.738 	863.488 	786.128 	846.163 	1045.667 	1126.683 	1148.697 	1074.369 	1212.334 	1281.171 
A,EXP,COM,MIO_EUR,INT_EU27_2020,SI	58.279 	160.341 	129.868 	122.516 	45.856 	45.572 	44.584 	69.052 	73.919 	88.493 	104.398 	85.716 	89.254 	74.843 	95.472 	116.792 
A,EXP,COM,MIO_EUR,INT_EU27_2020,SK	355.262 	417.372 	279.342 	464.121 	601.403 	764.802 	1081.484 	1010.104 	890.252 	982.521 	899.61 	894.613 	897.993 	935.893 	1094.059 	1064.634 
A,EXP,COM,MIO_EUR,WORLD,AT	1357.691 	1376.372 	1084.2 	1260.953 	1034.168 	967.738 	1333.488 	1526.062 	1123.843 	1300.294 	1370.219 	1448.669 	1431.351 	1403.55 	1526.765 	1600.263 
A,EXP,COM,MIO_EUR,WORLD,BE	2339.146 	2326.338 	1949.603 	1941.604 	2424.441 	2473.455 	2251.242 	1938.084 	2318.467 	2111.044 	2035.833 	1867.341 	1980.327 	1811.186 	1857.068 	2175.249 
A,EXP,COM,MIO_EUR,WORLD,BG	20.961 	26.441 	31.288 	38.65 	55.792 	65.257 	84.058 	83.835 	103.746 	125.929 	158.497 	171.049 	197.907 	198.714 	209.132 	297.553 
A,EXP,COM,MIO_EUR,WORLD,CH	136.544 	127.551 	110.735 	130.269 	128.036 	129.631 	140.269 	114.314 	574.218 	599.011 	592.982 	643.437 	744.931 	714.286 	741.395 	813.043 
A,EXP,COM,MIO_EUR,WORLD,CY	5.896 	18.567 	8.595 	6.15 	4.975 	4.386 	5.728 	3.989 	6.843 	13.667 	18.005 	13.948 	7.49 	11.905 	17.287 	15.478 
A,EXP,COM,MIO_EUR,WORLD,CZ	6056.924 	6069.721 	5305.597 	7880.55 	8925.133 	9433.778 	8284.255 	9121.142 	8984.76 	8445.674 	10056.484 	12375.987 	13205.84 	13984.295 	14135.606 	15799.737 
A,EXP,COM,MIO_EUR,WORLD,DE	16717.478 	14557.762 	12142.627 	13602.211 	13249.25 	12888.855 	12202.136 	13702.039 	15538.956 	14996.967 	18295.688 	18875.68 	18346.321 	18386.725 	21303.671 	21183.871 
A,EXP,COM,MIO_EUR,WORLD,DK	864.291 	754.168 	785.328 	1020.662 	1092.796 	1085.404 	1044.178 	1168.073 	1267.651 	1290.005 	1411.699 	1388.019 	1452.547 	1588.321 	1858.204 	2080.763 
A,EXP,COM,MIO_EUR,WORLD,EE	36.552 	21.712 	11.236 	13.644 	19.911 	17.031 	16.338 	13.182 	24.651 	36.273 	32.728 	39.421 	45.402 	52.305 	92.023 	119.039 
A,EXP,COM,MIO_EUR,WORLD,EL	61.046 	77.192 	63.363 	55.774 	43.221 	46.555 	45.753 	314.498 	459.203 	532.459 	446.715 	698.446 	706.205 	637.178 	544.773 	912.383 
A,EXP,COM,MIO_EUR,WORLD,ES	758.845 	601.527 	650.026 	673.067 	705.748 	663.536 	702.996 	716.255 	762.867 	807.796 	1050.678 	971.246 	1033.318 	1049.16 	1200.47 	1180.697 
A,EXP,COM,MIO_EUR,WORLD,EU27_2020	86561.73 	79849.601 	69114.89 	74165.258 	73956.997 	77070.031 	74040.514 	78101.433 	80450.289 	80783.903 	84778.379 	91877.274 	95069.253 	99260.512 	107267.29 	118366.227 
A,EXP,COM,MIO_EUR,WORLD,FI	495.296 	399.422 	299.629 	307.754 	333.141 	341.798 	343.325 	344.424 	298.621 	283.924 	287.437 	289.105 	367.317 	309.12 	411.399 	378.827 
A,EXP,COM,MIO_EUR,WORLD,FR	5267.935 	5008.892 	3507.329 	3499.882 	3444.603 	3105.896 	3031.157 	2892.981 	2913.478 	2817.603 	3068.784 	3397.262 	3204.586 	3107.516 	3358.801 	3634.292 
A,EXP,COM,MIO_EUR,WORLD,HR	61.996 	58.599 	37.448 	28.328 	26.569 	20.751 	20.842 	37.155 	44.808 	38.507 	39.636 	46.795 	48.717 	62.772 	67.681 	75.953 
A,EXP,COM,MIO_EUR,WORLD,HU	3549.82 	3001.373 	2071.5 	2179.124 	2341.899 	2477.565 	2531.824 	2599.199 	2744.943 	2776.674 	3190.029 	3204.197 	3334.427 	3490.457 	3442.616 	4893.18 
A,EXP,COM,MIO_EUR,WORLD,IE	11154.655 	8201.831 	5674.472 	3422.058 	2785.559 	2760.121 	3299.635 	3425.907 	3897.182 	3503.761 	3276.266 	4019.667 	4874.439 	4552.252 	3721.932 	4490.162 
A,EXP,COM,MIO_EUR,WORLD,IS	2.313 	1.886 	0.276 	0.775 	0.354 	0.699 	0.711 	0.423 	4.361 	3.292 	4.75 	5.334 	3.316 	7.125 	12.719 	8.084 
A,EXP,COM,MIO_EUR,WORLD,IT	1257.068 	1132.227 	1012.703 	1188.431 	1948.978 	2100.173 	1978.506 	1897.67 	2000.973 	1979.155 	2193.471 	2108.819 	2229.838 	2091.923 	2322.277 	2568.015 
A,EXP,COM,MIO_EUR,WORLD,LT	126.83 	109.114 	59.274 	93.823 	143.468 	189.688 	199.366 	233.401 	238.028 	254.178 	277.321 	267.368 	350.071 	349.069 	358.109 	418.945 
A,EXP,COM,MIO_EUR,WORLD,LU	4369.561 	5003.914 	3815.098 	1152.264 	382.967 	306.312 	333.21 	343.503 	381.767 	431.736 	208.847 	71.711 	96.32 	81.074 	98.343 	91.554 
A,EXP,COM,MIO_EUR,WORLD,LV	68.166 	72.667 	80.896 	96.287 	93.962 	119.361 	119.684 	122.606 	159.824 	199.444 	132.452 	153.633 	180.304 	232.206 	244.866 	281.985 
A,EXP,COM,MIO_EUR,WORLD,MT	15.271 	8.321 	5.039 	6.706 	5.798 	7.153 	8.412 	10.726 	10.685 	12.419 	14.797 	12.882 	14.3 	13.948 	12.098 	12.682 
A,EXP,COM,MIO_EUR,WORLD,NL	29175.162 	27032.002 	26231.13 	30418.346 	29817.533 	32371.946 	30479.527 	31283.955 	30382.266 	31884.981 	29691.088 	31828.4 	32377.945 	36061.708 	40006.702 	43812.012 
A,EXP,COM,MIO_EUR,WORLD,NO	116.038 	113.275 	87.473 	86.076 	97.858 	88.879 	95.364 	90.736 	268.97 	238.158 	193.739 	234.459 	270.889 	262.947 	263.362 	318.693 
A,EXP,COM,MIO_EUR,WORLD,PL	258.72 	1483.916 	2344.704 	3012.689 	2504.527 	2725.513 	2469.183 	3101.859 	3855.572 	3858.869 	4230.632 	5176.967 	5971.491 	6171.147 	6367.299 	8047.613 
A,EXP,COM,MIO_EUR,WORLD,PT	427.93 	257.759 	182.818 	112.105 	102.779 	139.763 	111.624 	110.199 	122.42 	120.849 	120.346 	101.341 	143.994 	163.935 	207.956 	219.76 
A,EXP,COM,MIO_EUR,WORLD,RO	213.268 	247.661 	199.59 	253.945 	231.067 	230.064 	202.01 	188.206 	190.224 	208.005 	194.355 	221.772 	267.177 	318.957 	347.134 	415.349 
A,EXP,COM,MIO_EUR,WORLD,SE	1453.756 	1390.682 	1092.534 	1260.478 	1458.2 	1606.575 	1624.414 	1633.439 	1490.525 	1525.197 	1798.369 	1969.127 	1963.94 	1874.687 	2121.251 	2233.434 
A,EXP,COM,MIO_EUR,WORLD,SI	75.909 	179.137 	144.554 	138.786 	62.249 	58.477 	61.338 	87.02 	100.638 	114.838 	136.144 	127.253 	141.454 	127.589 	164.359 	196.772 
A,EXP,COM,MIO_EUR,WORLD,SK	371.559 	432.284 	324.309 	500.988 	718.264 	862.88 	1256.288 	1202.026 	1027.349 	1113.655 	1041.858 	1031.169 	1096.225 	1128.816 	1269.471 	1230.658 
A,EXP,ELM,MIO_EUR,EXT_EU27_2020,AT	78.197 	86.073 	98.643 	121.168 	111.74 	79.011 	86.995 	116.578 	108.177 	116.703 	122.443 	145.448 	117.517 	131.694 	153.378 	172.087 
A,EXP,ELM,MIO_EUR,EXT_EU27_2020,BE	208.555 	207.467 	154.624 	148.001 	219.177 	301.572 	209.007 	140.712 	163.986 	162.819 	192.756 	175.887 	178.92 	200.067 	247.106 	256.753 
A,EXP,ELM,MIO_EUR,EXT_EU27_2020,BG	6.337 	6.641 	6.181 	7.97 	7.498 	9.971 	10.731 	13.146 	17.312 	23.46 	30.211 	31.737 	33.763 	29.638 	38.398 	38.822 
A,EXP,ELM,MIO_EUR,EXT_EU27_2020,CH	200.931 	202.119 	151.382 	221.705 	233.107 	183.22 	190.658 	195.178 	216.718 	226.049 	314.094 	336.218 	239.335 	259.557 	304.256 	359.589 
A,EXP,ELM,MIO_EUR,EXT_EU27_2020,CY	0.916 	0.218 	0.286 	0.389 	0.537 	0.514 	0.405 	0.315 	0.444 	0.751 	0.426 	0.274 	0.43 	0.579 	0.801 	2.564 
A,EXP,ELM,MIO_EUR,EXT_EU27_2020,CZ	183.913 	198.267 	161.394 	197.247 	256.074 	239.017 	251.35 	243.077 	231.65 	215.64 	232.656 	237.409 	231.464 	209.956 	180.038 	238.78 
A,EXP,ELM,MIO_EUR,EXT_EU27_2020,DE	1810.272 	1982.096 	1512.042 	1904.307 	2166.677 	2111.447 	2234.888 	2073.679 	2199.905 	2316.095 	2669.217 	2680.907 	2837.532 	2592.931 	2760.086 	3123.929 
A,EXP,ELM,MIO_EUR,EXT_EU27_2020,DK	44.373 	39.895 	52.056 	65.443 	74.736 	90.102 	75.932 	77.522 	89.678 	86.174 	96.995 	86.576 	96.85 	92.482 	90.909 	113.932 
A,EXP,ELM,MIO_EUR,EXT_EU27_2020,EE	8.004 	6.929 	4.228 	5.886 	6.037 	8.462 	9.394 	11.516 	12.057 	10.463 	10.23 	10.231 	8.974 	25.765 	16.295 	11.093 
A,EXP,ELM,MIO_EUR,EXT_EU27_2020,EL	3.664 	3.885 	4.669 	2.703 	2.876 	5.575 	3.41 	3.899 	3.646 	3.48 	4.393 	4.585 	5.39 	3.727 	5.407 	9.411 
A,EXP,ELM,MIO_EUR,EXT_EU27_2020,ES	81.888 	68.381 	70.504 	82.465 	103.176 	108.593 	167.68 	184.242 	191.41 	147.905 	138.803 	154.755 	144.225 	148.476 	146.651 	183.198 
A,EXP,ELM,MIO_EUR,EXT_EU27_2020,EU27_2020	3956.06 	4104.597 	3411.48 	3982.205 	4516.454 	4615.143 	4562.068 	4494.085 	4758.991 	4921.042 	5532.029 	5683.605 	5995.712 	5588.924 	6370.718 	7360.357 
A,EXP,ELM,MIO_EUR,EXT_EU27_2020,FI	57.789 	57.115 	40.385 	47.132 	58.478 	52.461 	47.887 	51.406 	69.492 	81.045 	74.158 	77.662 	109.526 	79.611 	112.785 	103.967 
A,EXP,ELM,MIO_EUR,EXT_EU27_2020,FR	354.926 	312.167 	360.212 	334.641 	345.651 	354 	257.643 	236.778 	261.142 	254.618 	280.538 	305.305 	342.401 	298.803 	646.711 	663.774 
A,EXP,ELM,MIO_EUR,EXT_EU27_2020,HR	3.786 	4.38 	3.31 	2.737 	2.232 	3.496 	3.431 	3.542 	4.016 	3.937 	4.002 	6.338 	17.408 	8.466 	8.815 	13.586 
A,EXP,ELM,MIO_EUR,EXT_EU27_2020,HU	62.941 	71.201 	56.148 	126.02 	83.884 	76.691 	78.186 	98.843 	109.815 	122.319 	118.307 	114.441 	108.099 	112.551 	122.277 	130.571 
A,EXP,ELM,MIO_EUR,EXT_EU27_2020,IE	46.915 	46.001 	48.921 	44.279 	98.991 	120.042 	97.564 	140.38 	134.937 	159.062 	161.425 	184.114 	190.972 	219.442 	239.368 	310.737 
A,EXP,ELM,MIO_EUR,EXT_EU27_2020,IS	0.021 	0.051 	0.003 	0.018 	0.096 	0.088 	0.011 	0.101 	1.8 	0.008 	0.092 	0.174 	0.139 	0.084 	0.916 	1.092 
A,EXP,ELM,MIO_EUR,EXT_EU27_2020,IT	307.885 	288.954 	292.694 	276.792 	317.618 	336.562 	338.615 	351.102 	367.618 	375.397 	414.051 	419.59 	388.124 	335.589 	409.719 	460.897 
A,EXP,ELM,MIO_EUR,EXT_EU27_2020,LT	15.048 	19.141 	14.221 	17.938 	13.854 	14.283 	24.618 	19.731 	22.018 	25.111 	24.073 	36.123 	40.254 	26.767 	24.656 	18.845 
A,EXP,ELM,MIO_EUR,EXT_EU27_2020,LU	2.905 	8.917 	7.44 	1.462 	1.164 	3.264 	5.524 	7.715 	1.799 	1.215 	4.564 	3.464 	6.171 	3.841 	3.894 	3.68 
A,EXP,ELM,MIO_EUR,EXT_EU27_2020,LV	25.352 	6.44 	2.156 	3.496 	12.008 	4.736 	5.211 	12.599 	8.874 	9.185 	5.972 	9.82 	9.252 	9.936 	13.579 	9.469 
A,EXP,ELM,MIO_EUR,EXT_EU27_2020,MT	0.115 	2.816 	1.166 	0.692 	0.209 	0.299 	1.235 	0.378 	0.335 	0.22 	0.672 	0.209 	0.763 	0.461 	0.954 	1.672 
A,EXP,ELM,MIO_EUR,EXT_EU27_2020,NL	410.028 	389.611 	271.421 	292.588 	340.689 	379.706 	331.795 	343.432 	327.415 	347.281 	376.123 	463.204 	527.358 	512.688 	503.747 	636.83 
A,EXP,ELM,MIO_EUR,EXT_EU27_2020,NO	51.339 	41.919 	47.692 	38.812 	33.626 	42.22 	38.757 	35.938 	44.987 	33.919 	20.514 	25.924 	33.269 	19.833 	39.451 	53.095 
A,EXP,ELM,MIO_EUR,EXT_EU27_2020,PL	27.091 	42.41 	21.649 	24.026 	30.089 	36.318 	42.111 	44.393 	75.881 	78.446 	86.905 	119.453 	171.455 	146.269 	152.057 	187.902 
A,EXP,ELM,MIO_EUR,EXT_EU27_2020,PT	65.271 	75.381 	46.521 	54.302 	53.253 	62.817 	58.745 	57.427 	71.467 	110.569 	166.13 	105.08 	91.888 	73.389 	85.309 	95.564 
A,EXP,ELM,MIO_EUR,EXT_EU27_2020,RO	15.007 	15.22 	19.121 	30.846 	29.964 	27.872 	31.891 	39.871 	37.942 	41.23 	48.829 	62.245 	58.178 	52.558 	69.114 	88.396 
A,EXP,ELM,MIO_EUR,EXT_EU27_2020,SE	123.336 	147.982 	136.38 	164.477 	160.547 	165.754 	162.14 	189.555 	211.056 	183.907 	204.358 	191.4 	208.217 	207.731 	287.479 	421.18 
A,EXP,ELM,MIO_EUR,EXT_EU27_2020,SI	5.889 	4.892 	5.308 	9.634 	9.612 	13.903 	11.157 	17.698 	17.065 	20.913 	25.974 	28.379 	32.147 	28.994 	25.99 	33.08 
A,EXP,ELM,MIO_EUR,EXT_EU27_2020,SK	5.655 	12.115 	19.803 	15.564 	9.686 	8.678 	14.524 	14.548 	19.854 	23.1 	37.818 	28.969 	38.435 	36.513 	25.195 	29.64 
A,EXP,ELM,MIO_EUR,INT_EU27_2020,AT	259.525 	248.279 	210.528 	234.411 	246.647 	204.46 	228.143 	215.121 	238.533 	237.643 	272.984 	335.727 	345.124 	319.485 	363.537 	489.812 
A,EXP,ELM,MIO_EUR,INT_EU27_2020,BE	357.367 	322.111 	210.884 	200.298 	292.617 	226.976 	228.466 	289.266 	426.828 	381.57 	388.249 	388.767 	419.458 	386.402 	520.779 	629.62 
A,EXP,ELM,MIO_EUR,INT_EU27_2020,BG	6.531 	6.948 	9.993 	10.308 	12.109 	10.194 	9.439 	17.488 	38.177 	44.235 	59.129 	58.667 	64.379 	60.791 	79.262 	89.801 
A,EXP,ELM,MIO_EUR,INT_EU27_2020,CH	170.559 	180.323 	162.701 	195.965 	230.141 	221.274 	206.391 	190.849 	206.243 	205.44 	236.784 	248.569 	247.112 	229.406 	284.759 	312.541 
A,EXP,ELM,MIO_EUR,INT_EU27_2020,CY	0.231 	0.205 	0.165 	0.391 	1.308 	1.383 	0.571 	1.215 	8.007 	0.74 	1.487 	0.955 	0.833 	0.553 	2.04 	3.847 
A,EXP,ELM,MIO_EUR,INT_EU27_2020,CZ	251.267 	280.602 	222.766 	348.715 	408.025 	359.278 	399.771 	427.429 	438.504 	468.255 	538.62 	601.136 	667.859 	568.613 	785.16 	949.259 
A,EXP,ELM,MIO_EUR,INT_EU27_2020,DE	1839.615 	1791.964 	1502.865 	1888.148 	2139.782 	2055.028 	2087.044 	2162.735 	2309.91 	2504.074 	2575.117 	2823.052 	3114.799 	2881.804 	3455.169 	4220.992 
A,EXP,ELM,MIO_EUR,INT_EU27_2020,DK	86.269 	80.458 	92.333 	103.85 	93.248 	81.32 	87.705 	107.31 	100.035 	112.823 	145.174 	127.651 	110.497 	105.241 	146.879 	159.866 
A,EXP,ELM,MIO_EUR,INT_EU27_2020,EE	7.204 	11.965 	5.932 	10.357 	5.194 	12.733 	12.458 	17.847 	14.13 	17.344 	27.678 	19.524 	20.894 	25.714 	31.35 	43.367 
A,EXP,ELM,MIO_EUR,INT_EU27_2020,EL	22.113 	21.337 	12.447 	12.301 	9.74 	9.771 	6.027 	5.052 	5.076 	8.765 	8.376 	12.279 	9.764 	11.475 	12.72 	17.929 
A,EXP,ELM,MIO_EUR,INT_EU27_2020,ES	127.923 	96.182 	66.917 	89.794 	163.826 	136.508 	144.144 	146.676 	166.713 	194.934 	200.509 	221.982 	283.643 	240.106 	281.572 	383.365 
A,EXP,ELM,MIO_EUR,INT_EU27_2020,EU27_2020	5318.862 	5345.44 	4333.394 	5183.747 	5682.981 	5488.32 	5653.187 	6039.638 	6622.783 	7123.642 	7769.369 	8534.188 	9492.947 	9408.888 	11058.925 	13389.237 
A,EXP,ELM,MIO_EUR,INT_EU27_2020,FI	59.663 	54.952 	34.116 	34.934 	35.556 	42.092 	36.609 	44.208 	52.345 	54.445 	62.749 	64.425 	59.932 	54.974 	63.471 	84.7 
A,EXP,ELM,MIO_EUR,INT_EU27_2020,FR	227.391 	241.654 	195.574 	204.175 	189.266 	200.64 	191.159 	221.634 	260.09 	265.659 	468.097 	589.588 	664.837 	629.054 	911.349 	1050.847 
A,EXP,ELM,MIO_EUR,INT_EU27_2020,HR	65.322 	49.978 	29.031 	21.352 	7.883 	4.914 	6.069 	6.124 	7.795 	12.192 	21.166 	23.689 	30.088 	60.021 	146.147 	186.485 
A,EXP,ELM,MIO_EUR,INT_EU27_2020,HU	234.942 	247.932 	252.593 	272.414 	232.601 	225.506 	312.774 	313.683 	374.999 	369.132 	359.397 	347.688 	285.092 	256.152 	280.416 	354.625 
A,EXP,ELM,MIO_EUR,INT_EU27_2020,IE	62.039 	55.945 	58.381 	27.959 	33.88 	38.678 	44.723 	99.57 	89.391 	92.289 	96.396 	73.326 	76.538 	81 	105.108 	109.741 
A,EXP,ELM,MIO_EUR,INT_EU27_2020,IS	0.018 	0.342 	0.017 	0.06 	0.015 	0.046 	0.059 	0.093 	0.028 	0.032 	0.032 	0.132 	0.158 	0.208 	0.232 	0.111 
A,EXP,ELM,MIO_EUR,INT_EU27_2020,IT	372.64 	375.587 	292.003 	362.71 	384.229 	363.577 	381.243 	350.818 	349.943 	369.162 	418.175 	451.465 	442.4 	379.225 	467.363 	520.28 
A,EXP,ELM,MIO_EUR,INT_EU27_2020,LT	2.851 	2.346 	2.948 	4.558 	6.539 	11.26 	6.08 	7.592 	13.136 	11.57 	14.796 	16.204 	18.568 	24.046 	32.85 	42.089 
A,EXP,ELM,MIO_EUR,INT_EU27_2020,LU	22.997 	25.348 	25.686 	13.665 	11.69 	10.795 	10.864 	11.903 	12.096 	14.752 	14.256 	14.547 	13.962 	15.676 	17.26 	14.403 
A,EXP,ELM,MIO_EUR,INT_EU27_2020,LV	2.126 	1.923 	2.633 	2.103 	2.435 	49.411 	51.586 	6.097 	6.347 	7.533 	11.062 	12.958 	17.771 	17.233 	21.001 	57.851 
A,EXP,ELM,MIO_EUR,INT_EU27_2020,MT	0.655 	0.169 	0.365 	0.358 	0.472 	0.343 	0.196 	0.83 	0.102 	0.074 	0.19 	0.045 	0.645 	0.991 	0.035 	0.19 
A,EXP,ELM,MIO_EUR,INT_EU27_2020,NL	955.771 	1037.846 	718.37 	919.527 	878.866 	863.751 	723.813 	823.869 	762.61 	965.451 	1082.746 	1285.42 	1615.599 	1844.648 	1666.171 	2070.453 
A,EXP,ELM,MIO_EUR,INT_EU27_2020,NO	37.31 	36.38 	28.94 	22.195 	20.048 	29.03 	20.866 	22.782 	22.479 	20.678 	10.02 	10.713 	23.603 	17.888 	34.46 	19.604 
A,EXP,ELM,MIO_EUR,INT_EU27_2020,PL	72.227 	72.375 	55.693 	77.268 	82.636 	72.865 	87.645 	131.192 	324.89 	376.605 	441.111 	440.435 	495.304 	500.936 	632.355 	826.574 
A,EXP,ELM,MIO_EUR,INT_EU27_2020,PT	96.227 	96.957 	76.223 	68.924 	102.38 	127.416 	127.624 	119.65 	128.982 	129.075 	123.677 	126.137 	186.193 	237.536 	259.484 	209.486 
A,EXP,ELM,MIO_EUR,INT_EU27_2020,RO	45.321 	62.39 	113.832 	88.221 	105.242 	124.036 	119.874 	141.591 	164.755 	192.22 	119.242 	119.98 	143.134 	136.863 	136.997 	166.263 
A,EXP,ELM,MIO_EUR,INT_EU27_2020,SE	93.761 	102.386 	95.409 	121.818 	148.94 	159.136 	142.515 	146.828 	165.155 	190.172 	174.49 	192.524 	192.923 	336.164 	365.375 	427.378 
A,EXP,ELM,MIO_EUR,INT_EU27_2020,SI	16.438 	20.104 	16.354 	23.987 	19.509 	24.786 	110.813 	134.343 	111.373 	34.595 	75.176 	99.487 	118.985 	117.064 	112.855 	121.378 
A,EXP,ELM,MIO_EUR,INT_EU27_2020,SK	30.448 	37.496 	29.354 	41.198 	68.358 	71.462 	95.831 	89.569 	52.861 	68.335 	69.322 	86.528 	93.726 	117.121 	162.221 	158.636 
A,EXP,ELM,MIO_EUR,WORLD,AT	337.722 	334.352 	309.171 	355.578 	358.387 	283.471 	315.138 	331.699 	346.71 	354.346 	395.427 	481.175 	462.641 	451.179 	516.915 	661.899 
A,EXP,ELM,MIO_EUR,WORLD,BE	565.922 	529.578 	365.508 	348.3 	511.794 	528.548 	437.473 	429.978 	590.814 	544.388 	581.004 	564.654 	598.378 	586.469 	767.886 	886.372 
A,EXP,ELM,MIO_EUR,WORLD,BG	12.868 	13.589 	16.174 	18.279 	19.607 	20.165 	20.17 	30.633 	55.489 	67.695 	89.34 	90.404 	98.142 	90.429 	117.66 	128.623 
A,EXP,ELM,MIO_EUR,WORLD,CH	371.49 	382.443 	314.083 	417.671 	463.248 	404.494 	397.049 	386.027 	422.961 	431.489 	550.877 	584.787 	486.447 	488.962 	589.015 	672.13 
A,EXP,ELM,MIO_EUR,WORLD,CY	1.146 	0.423 	0.451 	0.78 	1.845 	1.897 	0.977 	1.531 	8.451 	1.491 	1.913 	1.229 	1.263 	1.132 	2.841 	6.41 
A,EXP,ELM,MIO_EUR,WORLD,CZ	435.179 	478.869 	384.16 	545.961 	664.099 	598.295 	651.122 	670.506 	670.154 	683.894 	771.276 	838.546 	899.323 	778.569 	965.198 	1188.039 
A,EXP,ELM,MIO_EUR,WORLD,DE	3649.888 	3774.06 	3014.906 	3792.455 	4306.459 	4166.475 	4321.932 	4236.414 	4509.815 	4820.168 	5244.334 	5503.958 	5952.331 	5474.735 	6215.255 	7344.921 
A,EXP,ELM,MIO_EUR,WORLD,DK	130.642 	120.353 	144.389 	169.293 	167.984 	171.421 	163.636 	184.832 	189.713 	198.997 	242.17 	214.227 	207.347 	197.723 	237.788 	273.798 
A,EXP,ELM,MIO_EUR,WORLD,EE	15.208 	18.893 	10.16 	16.243 	11.231 	21.196 	21.852 	29.362 	26.187 	27.807 	37.908 	29.755 	29.868 	51.479 	47.645 	54.46 
A,EXP,ELM,MIO_EUR,WORLD,EL	25.777 	25.223 	17.116 	15.004 	12.617 	15.347 	9.437 	8.951 	8.722 	12.245 	12.769 	16.864 	15.154 	15.202 	18.128 	27.341 
A,EXP,ELM,MIO_EUR,WORLD,ES	209.81 	164.563 	137.42 	172.259 	267.001 	245.1 	311.824 	330.917 	358.123 	342.839 	339.313 	376.737 	427.868 	388.582 	428.223 	566.563 
A,EXP,ELM,MIO_EUR,WORLD,EU27_2020	9274.922 	9450.037 	7744.874 	9165.951 	10199.435 	10103.463 	10215.255 	10533.723 	11381.774 	12044.684 	13301.398 	14217.793 	15488.66 	14997.811 	17429.643 	20749.593 
A,EXP,ELM,MIO_EUR,WORLD,FI	117.453 	112.068 	74.502 	82.067 	94.034 	94.552 	84.496 	95.614 	121.837 	135.49 	136.908 	142.087 	169.458 	134.585 	176.255 	188.667 
A,EXP,ELM,MIO_EUR,WORLD,FR	582.317 	553.821 	555.786 	538.816 	534.917 	554.64 	448.802 	458.412 	521.232 	520.277 	748.635 	894.893 	1007.238 	927.857 	1558.06 	1714.621 
A,EXP,ELM,MIO_EUR,WORLD,HR	69.107 	54.358 	32.341 	24.089 	10.115 	8.41 	9.499 	9.666 	11.811 	16.129 	25.167 	30.028 	47.496 	68.487 	154.961 	200.071 
A,EXP,ELM,MIO_EUR,WORLD,HU	297.883 	319.134 	308.741 	398.434 	316.485 	302.197 	390.961 	412.525 	484.814 	491.45 	477.704 	462.129 	393.191 	368.703 	402.694 	485.196 
A,EXP,ELM,MIO_EUR,WORLD,IE	108.954 	101.946 	107.302 	72.239 	132.872 	158.72 	142.287 	239.95 	224.329 	251.351 	257.82 	257.44 	267.511 	300.442 	344.476 	420.478 
A,EXP,ELM,MIO_EUR,WORLD,IS	0.039 	0.393 	0.02 	0.078 	0.111 	0.134 	0.07 	0.193 	1.828 	0.04 	0.124 	0.307 	0.297 	0.292 	1.148 	1.203 
A,EXP,ELM,MIO_EUR,WORLD,IT	680.525 	664.542 	584.697 	639.502 	701.846 	700.139 	719.858 	701.92 	717.561 	744.559 	832.226 	871.056 	830.524 	714.814 	877.082 	981.177 
A,EXP,ELM,MIO_EUR,WORLD,LT	17.9 	21.487 	17.169 	22.496 	20.393 	25.542 	30.698 	27.323 	35.154 	36.68 	38.868 	52.327 	58.823 	50.813 	57.506 	60.934 
A,EXP,ELM,MIO_EUR,WORLD,LU	25.902 	34.264 	33.126 	15.127 	12.854 	14.059 	16.388 	19.618 	13.895 	15.966 	18.82 	18.011 	20.133 	19.517 	21.153 	18.083 
A,EXP,ELM,MIO_EUR,WORLD,LV	27.478 	8.363 	4.788 	5.599 	14.443 	54.146 	56.797 	18.696 	15.221 	16.717 	17.034 	22.778 	27.023 	27.169 	34.58 	67.319 
A,EXP,ELM,MIO_EUR,WORLD,MT	0.769 	2.985 	1.532 	1.05 	0.681 	0.642 	1.431 	1.209 	0.437 	0.294 	0.862 	0.254 	1.409 	1.452 	0.989 	1.863 
A,EXP,ELM,MIO_EUR,WORLD,NL	1365.799 	1427.457 	989.791 	1212.115 	1219.555 	1243.457 	1055.608 	1167.301 	1090.025 	1312.732 	1458.868 	1748.624 	2142.957 	2357.336 	2169.919 	2707.283 
A,EXP,ELM,MIO_EUR,WORLD,NO	88.649 	78.299 	76.632 	61.007 	53.674 	71.25 	59.623 	58.72 	67.466 	54.596 	30.533 	36.637 	56.872 	37.721 	73.91 	72.699 
A,EXP,ELM,MIO_EUR,WORLD,PL	99.318 	114.786 	77.341 	101.295 	112.725 	109.184 	129.756 	175.585 	400.771 	455.051 	528.016 	559.888 	666.759 	647.204 	784.412 	1014.477 
A,EXP,ELM,MIO_EUR,WORLD,PT	161.498 	172.338 	122.744 	123.226 	155.633 	190.233 	186.368 	177.077 	200.448 	239.644 	289.808 	231.217 	278.081 	310.925 	344.793 	305.049 
A,EXP,ELM,MIO_EUR,WORLD,RO	60.328 	77.61 	132.953 	119.067 	135.206 	151.908 	151.765 	181.462 	202.697 	233.45 	168.071 	182.225 	201.312 	189.421 	206.111 	254.66 
A,EXP,ELM,MIO_EUR,WORLD,SE	217.098 	250.368 	231.789 	286.296 	309.487 	324.89 	304.654 	336.383 	376.212 	374.079 	378.848 	383.924 	401.14 	543.895 	652.853 	848.558 
A,EXP,ELM,MIO_EUR,WORLD,SI	22.327 	24.996 	21.661 	33.622 	29.12 	38.689 	121.971 	152.04 	128.438 	55.508 	101.15 	127.866 	151.133 	146.057 	138.845 	154.457 
A,EXP,ELM,MIO_EUR,WORLD,SK	36.104 	49.611 	49.157 	56.762 	78.045 	80.141 	110.354 	104.118 	72.714 	91.435 	107.14 	115.496 	132.161 	153.633 	187.416 	188.276 
A,EXP,ELT,MIO_EUR,EXT_EU27_2020,AT	1375.124 	1691.794 	1209.861 	1607.924 	1724.033 	1753.778 	1986.333 	2146.492 	2456.689 	2330.99 	2553.026 	2458.215 	1923.334 	1732.37 	2013.535 	2406.01 
A,EXP,ELT,MIO_EUR,EXT_EU27_2020,BE	1342.343 	1442.901 	1034.743 	1091.492 	997.669 	935.672 	943.686 	1062.484 	1328.563 	1366.777 	1483.548 	1408.695 	1733.521 	1619.714 	1513.521 	1947.73 
A,EXP,ELT,MIO_EUR,EXT_EU27_2020,BG	80.796 	83.557 	69.78 	102.841 	118.899 	139.371 	182.567 	206.65 	226.178 	261.445 	267.106 	350.847 	312.883 	286.887 	342.175 	509.916 
A,EXP,ELT,MIO_EUR,EXT_EU27_2020,CH	162.057 	128.1 	136.399 	148.38 	168.223 	256.262 	264.01 	243.777 	257.816 	289.253 	288.4 	184.281 	220.517 	149.946 	158.291 	172.139 
A,EXP,ELT,MIO_EUR,EXT_EU27_2020,CY	5.161 	3.581 	3.691 	2.992 	8.72 	16.806 	33.656 	31.792 	29.836 	28.854 	34.486 	67.315 	34.844 	18.551 	28.62 	34.4 
A,EXP,ELT,MIO_EUR,EXT_EU27_2020,CZ	880.07 	1140.284 	872.411 	1109.185 	1466.931 	1732.556 	1906.916 	1977.452 	2163.045 	2200.061 	2401.33 	2437.782 	3119.35 	3441.023 	2945.16 	3324.118 
A,EXP,ELT,MIO_EUR,EXT_EU27_2020,DE	20276.642 	17192.429 	13643.921 	16544.91 	17088.338 	18709.719 	18958.538 	20659.12 	21863.463 	22184.37 	24349.934 	25437.738 	26099.215 	23423.358 	25750.009 	30568.181 
A,EXP,ELT,MIO_EUR,EXT_EU27_2020,DK	656.472 	636.284 	612.962 	661.135 	729.935 	814.078 	741.416 	779.155 	797.081 	812.68 	830.46 	889.991 	937.022 	962.263 	1122.243 	1241.692 
A,EXP,ELT,MIO_EUR,EXT_EU27_2020,EE	58.167 	72.742 	53.678 	92.654 	377.87 	343.376 	286.556 	272.491 	210.696 	338.643 	273.932 	616.734 	601.967 	847.797 	1233.36 	859.779 
A,EXP,ELT,MIO_EUR,EXT_EU27_2020,EL	107.055 	137.291 	102.637 	120.254 	171.769 	151.979 	114.346 	106.831 	95.127 	77.731 	102.583 	97.582 	74.085 	82.358 	86.962 	116.498 
A,EXP,ELT,MIO_EUR,EXT_EU27_2020,ES	748.268 	803.893 	720.622 	691.556 	787.747 	983.282 	955.793 	1043.708 	1248.938 	1199.969 	1320.512 	1328.663 	1391.086 	1158.878 	1274.067 	1552.031 
A,EXP,ELT,MIO_EUR,EXT_EU27_2020,EU27_2020	66126.292 	63809.54 	49624.919 	60330.273 	64090.262 	63004.113 	60365.076 	61336.631 	68967.866 	70777.149 	76143.515 	76243.407 	80487.258 	76055.751 	81002.946 	96280.211 
A,EXP,ELT,MIO_EUR,EXT_EU27_2020,FI	5774.96 	5123.835 	2239.153 	1575.316 	1494.588 	1107.255 	586.443 	730.917 	627.214 	699.579 	881.666 	928.636 	930.73 	648.461 	811.218 	1228.822 
A,EXP,ELT,MIO_EUR,EXT_EU27_2020,FR	7506.136 	6760.123 	5939.973 	6804.93 	7191.848 	7451.73 	7212.33 	6646.373 	7440.827 	6913.594 	7664.079 	7776.824 	7632.837 	6120.696 	6253.789 	6861.478 
A,EXP,ELT,MIO_EUR,EXT_EU27_2020,HR	73.917 	75.492 	54.626 	42.506 	45.821 	140.149 	95.284 	71.198 	64.189 	98.889 	105.555 	70.558 	73.057 	83.592 	81.336 	119.276 
A,EXP,ELT,MIO_EUR,EXT_EU27_2020,HU	4189.22 	4797.177 	4192.828 	5569.712 	6322.241 	3980.811 	3102.253 	1525.322 	1600.443 	1546.06 	1599.627 	1842.363 	2225.264 	1725.656 	1860.623 	2213.538 
A,EXP,ELT,MIO_EUR,EXT_EU27_2020,IE	4039.703 	4108.901 	2842.489 	2317.189 	2048.925 	2053.783 	1478.561 	1280.765 	2339.058 	6532.402 	5863.887 	4720.411 	7849.816 	8721.053 	10612.31 	12972.506 
A,EXP,ELT,MIO_EUR,EXT_EU27_2020,IS	0.701 	0.437 	0.298 	0.232 	0.279 	0.263 	0.53 	1.337 	0.885 	1.403 	1.182 	1.399 	1.032 	0.943 	1.746 	2.69 
A,EXP,ELT,MIO_EUR,EXT_EU27_2020,IT	2811.197 	2534.222 	2162.651 	2675.497 	2371.296 	2073.671 	2083.091 	2010.629 	2335.679 	2663.138 	3101.341 	3578.942 	3349.498 	3688.874 	4243.262 	5521.722 
A,EXP,ELT,MIO_EUR,EXT_EU27_2020,LT	50.46 	53.208 	42.803 	72.9 	78.824 	115.693 	141.303 	251.965 	202.476 	179.697 	202.254 	211.065 	260.46 	270.093 	291.82 	343.737 
A,EXP,ELT,MIO_EUR,EXT_EU27_2020,LU	206.867 	339.141 	873.584 	1519.45 	1509.481 	1500.076 	809.293 	396.148 	366.984 	384.97 	33.711 	50.951 	249.025 	33.073 	55.31 	82.578 
A,EXP,ELT,MIO_EUR,EXT_EU27_2020,LV	50.615 	53.716 	48.453 	46.987 	225.45 	148.907 	153.335 	188.479 	275.331 	268.718 	382.351 	288.368 	324.284 	401.723 	395.883 	405.75 
A,EXP,ELT,MIO_EUR,EXT_EU27_2020,MT	712.265 	642.438 	508.492 	653.134 	729.194 	756.369 	655.962 	459.018 	436.21 	379.471 	349.393 	356.098 	327.885 	323.094 	329.181 	460.815 
A,EXP,ELT,MIO_EUR,EXT_EU27_2020,NL	6960.922 	7059.306 	5914.157 	7740.055 	8084.008 	10409.018 	10689.346 	12158.881 	15479.537 	13362.993 	15838.607 	15249.49 	14781.405 	14077.596 	12942.962 	15501.792 
A,EXP,ELT,MIO_EUR,EXT_EU27_2020,NO	245.85 	265.634 	243.06 	331.508 	165.234 	79.283 	91.722 	78.264 	89.775 	79.814 	125.141 	112.117 	98.49 	80.275 	58.304 	87.562 
A,EXP,ELT,MIO_EUR,EXT_EU27_2020,PL	524.429 	545.56 	503.184 	645.406 	720.746 	1173.128 	1440.323 	1543.011 	1449.674 	1235.209 	1232.232 	1153.897 	1235.448 	1415.624 	1657.779 	2048.622 
A,EXP,ELT,MIO_EUR,EXT_EU27_2020,PT	1377.601 	1346.326 	232.005 	228.604 	329.846 	306.848 	289.422 	356.779 	461.258 	564.871 	703.066 	606.492 	548.751 	522.244 	376.334 	517.082 
A,EXP,ELT,MIO_EUR,EXT_EU27_2020,RO	109.461 	292.537 	560.025 	1107.113 	1269.192 	285.386 	269.826 	295.079 	361.668 	440.189 	469.409 	556.449 	657.052 	592.414 	640.533 	919.169 
A,EXP,ELT,MIO_EUR,EXT_EU27_2020,SE	5821.48 	6457.287 	4810.42 	6857.861 	7669.289 	5018.435 	4242.609 	4273.204 	4240.552 	3847.444 	3236.65 	2923.772 	2974.094 	2993.459 	3271.675 	3478.322 
A,EXP,ELT,MIO_EUR,EXT_EU27_2020,SI	136.475 	122.394 	75.08 	79.679 	125.453 	171.737 	154.67 	139.831 	145.815 	144.679 	133.434 	113.582 	145.541 	174.444 	158.175 	213.049 
A,EXP,ELT,MIO_EUR,EXT_EU27_2020,SK	250.486 	293.122 	300.689 	368.992 	402.15 	730.499 	851.219 	722.855 	721.335 	713.725 	729.336 	721.948 	694.802 	690.458 	711.103 	831.599 
A,EXP,ELT,MIO_EUR,INT_EU27_2020,AT	2690.579 	3628.673 	2885.16 	3660.215 	3780.256 	4798.001 	5591.969 	5652.135 	6073.388 	5580.481 	6331.631 	6755.986 	6050.077 	5506.849 	5942.335 	6971.553 
A,EXP,ELT,MIO_EUR,INT_EU27_2020,BE	3587.032 	3355.455 	2703.503 	2894.936 	2949.292 	2612.737 	2270.317 	2438.046 	2998.177 	3042.956 	3271.408 	3232.983 	4021.582 	4327.442 	4675.088 	5593.75 
A,EXP,ELT,MIO_EUR,INT_EU27_2020,BG	122.284 	134.782 	130.594 	180.287 	191.159 	195.408 	289.926 	256.577 	271.22 	348.816 	452.801 	540.962 	616.989 	586.863 	681.269 	743.281 
A,EXP,ELT,MIO_EUR,INT_EU27_2020,CH	246.427 	241.304 	224.369 	275.814 	198.422 	200.6 	230.583 	234.491 	263.457 	338.471 	349.537 	335.521 	288.462 	274.704 	291.884 	268.744 
A,EXP,ELT,MIO_EUR,INT_EU27_2020,CY	51.779 	68.813 	75.003 	93.287 	66.27 	28.119 	21.437 	34.726 	65.764 	86.929 	94.169 	113.513 	22.716 	18.65 	24.975 	18.26 
A,EXP,ELT,MIO_EUR,INT_EU27_2020,CZ	3205.198 	4203.115 	3749.057 	4445.552 	5701.662 	5184.849 	4771.01 	5356.807 	6983.962 	7229.677 	8732.177 	10630.983 	11811.783 	12107.536 	12154.813 	17921.02 
A,EXP,ELT,MIO_EUR,INT_EU27_2020,DE	21876.075 	20244.747 	16298.578 	21580.809 	21514.12 	19788.925 	19738.335 	20984.989 	23182.309 	25820.432 	27310.581 	28428.244 	28554.94 	25676.743 	28561.278 	33172.595 
A,EXP,ELT,MIO_EUR,INT_EU27_2020,DK	1389.205 	1041.023 	759.99 	796.753 	885.744 	895.124 	904.656 	1027.243 	944.47 	952.181 	1062.68 	1159.488 	1287.688 	1367.805 	1549.948 	1797.522 
A,EXP,ELT,MIO_EUR,INT_EU27_2020,EE	412.261 	406.886 	275.881 	657.516 	1117.954 	1163.077 	1287.917 	1428.83 	1297.377 	1198.561 	922.318 	675.267 	560.953 	552.774 	584.641 	724.128 
A,EXP,ELT,MIO_EUR,INT_EU27_2020,EL	200.925 	177.429 	127.27 	174.251 	215.174 	214.804 	159.364 	182.68 	188.256 	241.424 	209.022 	203.793 	238.812 	320.425 	519.366 	799.128 
A,EXP,ELT,MIO_EUR,INT_EU27_2020,ES	891.31 	910.441 	1093.297 	1875.924 	1522.068 	929.209 	782.698 	928.042 	1035.946 	1141.328 	1158.974 	1321.872 	1694.51 	1938.698 	2249.47 	2504.17 
A,EXP,ELT,MIO_EUR,INT_EU27_2020,EU27_2020	78971.476 	79338.612 	68074.648 	88640.54 	90740.317 	90653.853 	87783.659 	95628.626 	109466.927 	113906.031 	129691.184 	134088.858 	138265.494 	134893.908 	148815.48 	179473.042 
A,EXP,ELT,MIO_EUR,INT_EU27_2020,FI	3542.765 	4084.871 	2255.022 	1522.861 	1049.771 	838.931 	396.757 	453.78 	481.838 	489.527 	549.655 	555.647 	466.928 	538.879 	642.071 	768.047 
A,EXP,ELT,MIO_EUR,INT_EU27_2020,FR	5518.056 	4737.665 	4310.883 	6610.537 	6958.941 	7005.674 	7172.643 	7570.643 	8164.075 	8315.376 	8298.828 	9139.268 	8952.094 	7623.246 	9296.168 	12520.135 
A,EXP,ELT,MIO_EUR,INT_EU27_2020,HR	112.816 	131.839 	125.808 	135.122 	99.343 	59.743 	145.595 	92.721 	150.76 	183.819 	150.331 	183.297 	195.475 	190.951 	202.053 	200.938 
A,EXP,ELT,MIO_EUR,INT_EU27_2020,HU	4729.871 	4689.365 	4457.325 	4890.012 	4681.598 	3763.206 	3674.869 	3546.664 	4538.819 	5360.189 	5725.294 	5858.949 	6704.511 	6407.069 	6585.934 	7106.006 
A,EXP,ELT,MIO_EUR,INT_EU27_2020,IE	1638.864 	1611.019 	974.357 	863.397 	909.779 	897.524 	827.617 	767.598 	876.176 	977.934 	1094.392 	1306.67 	1340.735 	1080.268 	1173.301 	1147.156 
A,EXP,ELT,MIO_EUR,INT_EU27_2020,IS	0.163 	0.841 	0.088 	0.362 	0.053 	0.379 	0.409 	0.957 	1.457 	0.316 	0.47 	0.713 	1.694 	0.321 	0.231 	1.032 
A,EXP,ELT,MIO_EUR,INT_EU27_2020,IT	3294.182 	2839.563 	2298.02 	2812.981 	2953.484 	2708.795 	2640.172 	2621.408 	3388.192 	3059.832 	3149.935 	3738.736 	3941.095 	3868.381 	4151.722 	5641.932 
A,EXP,ELT,MIO_EUR,INT_EU27_2020,LT	82.058 	77.198 	53.767 	73.767 	99.263 	120.387 	174.033 	208.059 	343.304 	317.974 	454.146 	425.146 	353.906 	444.808 	573.797 	759.33 
A,EXP,ELT,MIO_EUR,INT_EU27_2020,LU	648.563 	568.445 	1265.657 	1405.131 	1565.329 	1770.951 	1603.765 	1858.098 	2021.925 	1021.608 	382.933 	539.845 	1459.027 	213.254 	257.56 	289.468 
A,EXP,ELT,MIO_EUR,INT_EU27_2020,LV	53.989 	81.485 	60.054 	69.503 	137.677 	223.08 	378.209 	532.826 	550.377 	432.053 	405.503 	537.373 	569.862 	671.259 	673.41 	769.518 
A,EXP,ELT,MIO_EUR,INT_EU27_2020,MT	326.184 	234.785 	177.444 	207.74 	148.162 	128.598 	100.522 	116.701 	88.648 	98.116 	121.529 	163.289 	175.261 	186.469 	111.967 	351.317 
A,EXP,ELT,MIO_EUR,INT_EU27_2020,NL	19057.839 	19712.076 	17823.173 	25126.199 	25491.319 	27573.111 	23998.66 	26122.511 	30682.128 	32563.196 	43521.231 	42320.61 	42163.814 	43498.547 	48957.421 	57707.726 
A,EXP,ELT,MIO_EUR,INT_EU27_2020,NO	174.156 	205.133 	193.936 	200.113 	343.704 	171.632 	154.402 	186.73 	169.293 	148.388 	145.784 	93.775 	107.363 	149.599 	115.241 	146.209 
A,EXP,ELT,MIO_EUR,INT_EU27_2020,PL	920.322 	1221.737 	1062.646 	1361.331 	1323.667 	1741.153 	2787.694 	4549.874 	4917.358 	4790.28 	4594.298 	4375.812 	4474.294 	5264.187 	6269.208 	6763.205 
A,EXP,ELT,MIO_EUR,INT_EU27_2020,PT	276.373 	253.521 	246.767 	230.213 	286.663 	404.895 	484.72 	466.628 	445.072 	554.048 	584.526 	618.958 	987.596 	946.442 	1085.788 	1833.513 
A,EXP,ELT,MIO_EUR,INT_EU27_2020,RO	300.033 	776.836 	1107.621 	1713.958 	1865.483 	1618.022 	1429.075 	1822.029 	2267.783 	2679.504 	2610.062 	3010.576 	3320.124 	3281.663 	3546.98 	4282.234 
A,EXP,ELT,MIO_EUR,INT_EU27_2020,SE	2877.678 	2716.836 	2249.463 	2960.061 	2747.504 	2815.517 	2393.9 	2473.736 	2894.736 	2947.655 	2844.305 	2768.308 	3249.714 	3516.365 	3518.402 	3972.299 
A,EXP,ELT,MIO_EUR,INT_EU27_2020,SI	83.995 	118.884 	132.61 	279.048 	293.986 	193.456 	216.068 	257.979 	315.872 	291.487 	351.901 	385.836 	457.407 	476.72 	602.542 	919.899 
A,EXP,ELT,MIO_EUR,INT_EU27_2020,SK	1081.24 	1311.123 	1375.699 	2019.151 	2184.646 	2980.555 	3541.734 	3877.297 	4298.995 	4180.647 	5306.553 	5097.446 	4593.599 	4281.614 	4223.97 	4194.912 
A,EXP,ELT,MIO_EUR,WORLD,AT	4065.703 	5320.467 	4095.021 	5268.138 	5504.29 	6551.779 	7578.302 	7798.627 	8530.078 	7911.471 	8884.656 	9214.201 	7973.411 	7239.218 	7955.87 	9377.563 
A,EXP,ELT,MIO_EUR,WORLD,BE	4929.375 	4798.356 	3738.246 	3986.427 	3946.961 	3548.409 	3214.003 	3500.529 	4326.74 	4409.733 	4754.956 	4641.678 	5755.103 	5947.155 	6188.609 	7541.48 
A,EXP,ELT,MIO_EUR,WORLD,BG	203.08 	218.339 	200.374 	283.128 	310.058 	334.779 	472.493 	463.227 	497.398 	610.26 	719.907 	891.809 	929.872 	873.75 	1023.445 	1253.197 
A,EXP,ELT,MIO_EUR,WORLD,CH	408.484 	369.404 	360.767 	424.195 	366.645 	456.861 	494.593 	478.268 	521.273 	627.724 	637.937 	519.803 	508.979 	424.65 	450.176 	440.883 
A,EXP,ELT,MIO_EUR,WORLD,CY	56.94 	72.394 	78.695 	96.28 	74.99 	44.925 	55.092 	66.518 	95.6 	115.783 	128.656 	180.828 	57.56 	37.2 	53.595 	52.66 
A,EXP,ELT,MIO_EUR,WORLD,CZ	4085.267 	5343.399 	4621.468 	5554.737 	7168.593 	6917.405 	6677.926 	7334.259 	9147.008 	9429.738 	11133.507 	13068.765 	14931.134 	15548.559 	15099.973 	21245.138 
A,EXP,ELT,MIO_EUR,WORLD,DE	42152.717 	37437.175 	29942.499 	38125.719 	38602.458 	38498.645 	38696.873 	41644.109 	45045.772 	48004.802 	51660.515 	53865.981 	54654.155 	49100.101 	54311.286 	63740.776 
A,EXP,ELT,MIO_EUR,WORLD,DK	2045.677 	1677.308 	1372.952 	1457.889 	1615.68 	1709.202 	1646.071 	1806.398 	1741.551 	1764.861 	1893.141 	2049.479 	2224.71 	2330.067 	2672.191 	3039.213 
A,EXP,ELT,MIO_EUR,WORLD,EE	470.428 	479.628 	329.559 	750.17 	1495.824 	1506.453 	1574.472 	1701.321 	1508.073 	1537.204 	1196.251 	1292.001 	1162.92 	1400.572 	1818.002 	1583.907 
A,EXP,ELT,MIO_EUR,WORLD,EL	307.98 	314.72 	229.907 	294.505 	386.943 	366.783 	273.71 	289.511 	283.383 	319.155 	311.605 	301.376 	312.898 	402.783 	606.328 	915.625 
A,EXP,ELT,MIO_EUR,WORLD,ES	1639.577 	1714.334 	1813.919 	2567.479 	2309.815 	1912.492 	1738.491 	1971.75 	2284.883 	2341.298 	2479.486 	2650.535 	3085.596 	3097.576 	3523.536 	4056.201 
A,EXP,ELT,MIO_EUR,WORLD,EU27_2020	145097.768 	143148.152 	117699.567 	148970.813 	154830.579 	153657.965 	148148.736 	156965.257 	178434.793 	184683.18 	205834.699 	210332.265 	218752.752 	210949.659 	229818.426 	275753.253 
A,EXP,ELT,MIO_EUR,WORLD,FI	9317.724 	9208.706 	4494.175 	3098.177 	2544.359 	1946.186 	983.2 	1184.696 	1109.052 	1189.106 	1431.321 	1484.283 	1397.658 	1187.34 	1453.289 	1996.869 
A,EXP,ELT,MIO_EUR,WORLD,FR	13024.192 	11497.788 	10250.856 	13415.467 	14150.789 	14457.404 	14384.973 	14217.016 	15604.903 	15228.97 	15962.907 	16916.092 	16584.931 	13743.942 	15549.958 	19381.614 
A,EXP,ELT,MIO_EUR,WORLD,HR	186.733 	207.331 	180.435 	177.628 	145.165 	199.893 	240.878 	163.919 	214.949 	282.708 	255.886 	253.856 	268.532 	274.542 	283.39 	320.214 
A,EXP,ELT,MIO_EUR,WORLD,HU	8919.092 	9486.542 	8650.153 	10459.724 	11003.839 	7744.017 	6777.121 	5071.986 	6139.262 	6906.249 	7324.921 	7701.312 	8929.775 	8132.725 	8446.557 	9319.544 
A,EXP,ELT,MIO_EUR,WORLD,IE	5678.567 	5719.92 	3816.846 	3180.586 	2958.704 	2951.307 	2306.178 	2048.364 	3215.234 	7510.336 	6958.279 	6027.081 	9190.552 	9801.321 	11785.611 	14119.661 
A,EXP,ELT,MIO_EUR,WORLD,IS	0.864 	1.278 	0.386 	0.594 	0.332 	0.642 	0.939 	2.293 	2.341 	1.718 	1.652 	2.112 	2.726 	1.264 	1.977 	3.722 
A,EXP,ELT,MIO_EUR,WORLD,IT	6105.379 	5373.785 	4460.671 	5488.478 	5324.78 	4782.467 	4723.263 	4632.037 	5723.871 	5722.971 	6251.276 	7317.678 	7290.593 	7557.255 	8394.985 	11163.654 
A,EXP,ELT,MIO_EUR,WORLD,LT	132.519 	130.406 	96.57 	146.666 	178.086 	236.08 	315.336 	460.024 	545.78 	497.671 	656.4 	636.212 	614.366 	714.901 	865.617 	1103.067 
A,EXP,ELT,MIO_EUR,WORLD,LU	855.429 	907.586 	2139.24 	2924.581 	3074.81 	3271.027 	2413.058 	2254.246 	2388.909 	1406.579 	416.644 	590.796 	1708.052 	246.328 	312.87 	372.046 
A,EXP,ELT,MIO_EUR,WORLD,LV	104.604 	135.201 	108.507 	116.49 	363.128 	371.987 	531.544 	721.304 	825.708 	700.771 	787.854 	825.741 	894.147 	1072.982 	1069.293 	1175.268 
A,EXP,ELT,MIO_EUR,WORLD,MT	1038.449 	877.223 	685.936 	860.874 	877.356 	884.967 	756.484 	575.718 	524.858 	477.587 	470.923 	519.387 	503.146 	509.563 	441.148 	812.131 
A,EXP,ELT,MIO_EUR,WORLD,NL	26018.761 	26771.382 	23737.33 	32866.253 	33575.327 	37982.13 	34688.006 	38281.392 	46161.665 	45926.189 	59359.839 	57570.1 	56945.218 	57576.143 	61900.384 	73209.518 
A,EXP,ELT,MIO_EUR,WORLD,NO	420.006 	470.767 	436.996 	531.62 	508.939 	250.914 	246.124 	264.995 	259.067 	228.202 	270.925 	205.892 	205.853 	229.875 	173.545 	233.771 
A,EXP,ELT,MIO_EUR,WORLD,PL	1444.751 	1767.297 	1565.831 	2006.736 	2044.413 	2914.281 	4228.017 	6092.885 	6367.032 	6025.489 	5826.53 	5529.709 	5709.742 	6679.811 	7926.987 	8811.827 
A,EXP,ELT,MIO_EUR,WORLD,PT	1653.975 	1599.847 	478.772 	458.817 	616.508 	711.743 	774.142 	823.407 	906.33 	1118.92 	1287.592 	1225.45 	1536.347 	1468.686 	1462.121 	2350.595 
A,EXP,ELT,MIO_EUR,WORLD,RO	409.494 	1069.373 	1667.645 	2821.071 	3134.675 	1903.409 	1698.901 	2117.108 	2629.451 	3119.693 	3079.471 	3567.024 	3977.176 	3874.077 	4187.513 	5201.403 
A,EXP,ELT,MIO_EUR,WORLD,SE	8699.158 	9174.123 	7059.882 	9817.921 	10416.793 	7833.951 	6636.508 	6746.941 	7135.288 	6795.098 	6080.955 	5692.08 	6223.808 	6509.824 	6790.077 	7450.621 
A,EXP,ELT,MIO_EUR,WORLD,SI	220.47 	241.277 	207.69 	358.727 	419.439 	365.192 	370.738 	397.81 	461.687 	436.166 	485.335 	499.418 	602.948 	651.164 	760.717 	1132.949 
A,EXP,ELT,MIO_EUR,WORLD,SK	1331.726 	1604.244 	1676.388 	2388.144 	2586.796 	3711.054 	4392.953 	4600.152 	5020.331 	4894.372 	6035.888 	5819.394 	5288.401 	4972.072 	4935.073 	5026.512 
A,EXP,NEM,MIO_EUR,EXT_EU27_2020,AT	290.255 	347.227 	267.608 	352.537 	366.718 	401.097 	392.481 	464.782 	423.449 	319.526 	398.65 	438.077 	445.223 	406.603 	486.56 	463.233 
A,EXP,NEM,MIO_EUR,EXT_EU27_2020,BE	351.922 	325.261 	271.251 	270.179 	321.898 	309.777 	269.053 	249.162 	242.998 	270.745 	305.709 	245.041 	265.96 	248.285 	219.224 	203.147 
A,EXP,NEM,MIO_EUR,EXT_EU27_2020,BG	3.944 	5.658 	1.853 	4.975 	6.149 	4.562 	8.939 	5.736 	8.623 	16.33 	21.887 	12.445 	8.745 	6.839 	11.72 	11.321 
A,EXP,NEM,MIO_EUR,EXT_EU27_2020,CH	1573.095 	1672.179 	1618.345 	1741.873 	1859.7 	1904.463 	1921.785 	2046.696 	2035.276 	2141.681 	2175.685 	2071.661 	1898.724 	1463.89 	1606.276 	1773.861 
A,EXP,NEM,MIO_EUR,EXT_EU27_2020,CY	0.032 	0.171 	0.057 	0.033 	0.159 	0.025 	0.053 	0.034 	0.102 	0.02 	0.102 	0.011 	0.001 	0.081 	0.029 	0.05 
A,EXP,NEM,MIO_EUR,EXT_EU27_2020,CZ	184.856 	193.951 	161.952 	206.645 	232.601 	296.07 	249.579 	337.696 	370.371 	384.919 	307.352 	395.578 	454.637 	370.507 	290.442 	350.084 
A,EXP,NEM,MIO_EUR,EXT_EU27_2020,DE	3482.967 	3872.395 	3919.732 	4402.319 	5127.05 	6116.125 	5622.882 	5213.037 	5058.171 	5178.575 	5542.733 	5568.607 	4859.16 	4153.702 	4190.111 	4685.388 
A,EXP,NEM,MIO_EUR,EXT_EU27_2020,DK	37.654 	48.701 	31.575 	37.643 	47.099 	26.045 	34.464 	35.583 	49.718 	32.359 	73.361 	67.41 	57.567 	50.657 	54.172 	61.426 
A,EXP,NEM,MIO_EUR,EXT_EU27_2020,EE	1.122 	1.732 	3.04 	5.761 	7.485 	8.406 	9.818 	7.699 	7.074 	2.399 	11.647 	11.988 	9.304 	9.501 	6.764 	17.142 
A,EXP,NEM,MIO_EUR,EXT_EU27_2020,EL	8.066 	34.384 	4.769 	4.694 	7.387 	10.911 	3.616 	14.413 	9.608 	17.186 	5.695 	10.407 	7.117 	5.552 	19.261 	15.329 
A,EXP,NEM,MIO_EUR,EXT_EU27_2020,ES	222.337 	274.197 	247.6 	230.994 	323.58 	341.641 	441.585 	363.582 	394.296 	375.338 	416.702 	450.44 	460.446 	356.152 	487.012 	440.868 
A,EXP,NEM,MIO_EUR,EXT_EU27_2020,EU27_2020	9624.841 	11166.934 	10498.218 	11535.103 	13065.887 	14865.845 	14107.085 	14372.322 	13715.038 	14218.296 	14812.927 	13761.519 	14021.685 	11896.164 	12120.991 	13359.91 
A,EXP,NEM,MIO_EUR,EXT_EU27_2020,FI	117.671 	111.801 	79.329 	86.048 	95.972 	111.538 	117.13 	99.709 	68.6 	88.588 	103.057 	91.242 	86.834 	78.877 	96.996 	85.151 
A,EXP,NEM,MIO_EUR,EXT_EU27_2020,FR	1121.217 	1592.877 	1287.797 	1351.913 	1459.585 	1603.084 	1150.062 	1231.669 	1072.255 	1216.753 	1167.607 	972.594 	1066.921 	1180.927 	966.038 	956.238 
A,EXP,NEM,MIO_EUR,EXT_EU27_2020,HR	24.696 	32.765 	44.769 	53.008 	46.879 	55.632 	55.172 	72.104 	62.811 	65.081 	64.862 	64.656 	77.867 	67.238 	66.58 	68.318 
A,EXP,NEM,MIO_EUR,EXT_EU27_2020,HU	94.607 	116.769 	123.492 	106.02 	136.152 	183.414 	162.948 	176.526 	185.032 	175.599 	143.055 	91.206 	190.086 	182.972 	183.745 	272.41 
A,EXP,NEM,MIO_EUR,EXT_EU27_2020,IE	20.692 	22.313 	15.774 	15.403 	18.56 	37.461 	10.095 	21.96 	31.672 	19.451 	17.446 	16.252 	25.202 	30.623 	45.561 	64.691 
A,EXP,NEM,MIO_EUR,EXT_EU27_2020,IS	0.001 	0 	0.051 	0.214 	0.04 	0.065 	0.012 	0.017 	0.014 	0.028 	0.672 	2.509 	2.169 	2.391 	1.857 	2.658 
A,EXP,NEM,MIO_EUR,EXT_EU27_2020,IT	2430.129 	2868.762 	2763.763 	2858.015 	3016.772 	3279.392 	3635.17 	3829.731 	3535.683 	3169.243 	3148.462 	2725.958 	3313.319 	2545.269 	2923 	3272.436 
A,EXP,NEM,MIO_EUR,EXT_EU27_2020,LT	4.898 	6.786 	6.553 	9.422 	21.73 	23.303 	31.791 	35.163 	29.346 	34.516 	35.288 	31.029 	32.006 	24.217 	24.542 	11.301 
A,EXP,NEM,MIO_EUR,EXT_EU27_2020,LU	0.157 	0.722 	0.539 	0.572 	1.161 	1.358 	0.354 	0.829 	0.611 	2.171 	2.951 	2.923 	4.775 	4.45 	3.118 	2.969 
A,EXP,NEM,MIO_EUR,EXT_EU27_2020,LV	9.58 	10.134 	9.372 	6.368 	9.474 	16.048 	8.473 	24.035 	4.226 	5.081 	3.598 	12.527 	14.336 	6.228 	6.893 	5.029 
A,EXP,NEM,MIO_EUR,EXT_EU27_2020,MT	4.04 	2.719 	2.785 	2.353 	4.628 	5.181 	1.985 	2.985 	2.217 	10.817 	7.016 	4.84 	3.716 	4.022 	1.89 	2.442 
A,EXP,NEM,MIO_EUR,EXT_EU27_2020,NL	584.505 	676.428 	703.182 	777.026 	901.347 	1013.363 	957.075 	1018.632 	911.674 	1035.83 	1315.398 	972.389 	1023.61 	829.216 	701.419 	884.215 
A,EXP,NEM,MIO_EUR,EXT_EU27_2020,NO	21.352 	18.348 	16.015 	30.245 	18.13 	64.974 	23.33 	34.845 	6.798 	18.26 	5.862 	27.761 	9.878 	11.977 	5.203 	8.363 
A,EXP,NEM,MIO_EUR,EXT_EU27_2020,PL	71.672 	66.013 	59.816 	65.295 	76.741 	182.57 	228.332 	352.492 	441.038 	563.755 	538.701 	566.675 	674.586 	471.93 	448.287 	577.609 
A,EXP,NEM,MIO_EUR,EXT_EU27_2020,PT	10.503 	9.94 	8.354 	12.23 	17.178 	22.64 	22.397 	24.071 	19.675 	14.294 	14.222 	20.257 	28.026 	21.155 	24.957 	24.67 
A,EXP,NEM,MIO_EUR,EXT_EU27_2020,RO	23.002 	29.402 	28.471 	24.627 	29.146 	23.122 	30.657 	32.648 	30.029 	27.935 	27.195 	35.766 	41.185 	35.016 	57.977 	40.526 
A,EXP,NEM,MIO_EUR,EXT_EU27_2020,SE	495.102 	473.595 	430.774 	623.438 	749.498 	735.853 	590.239 	705.062 	679.518 	1113.16 	1068.558 	887.334 	811.997 	738.055 	737.736 	777.829 
A,EXP,NEM,MIO_EUR,EXT_EU27_2020,SI	22.359 	30.915 	18.905 	19.146 	25.227 	25.74 	31.094 	20.848 	42.699 	44.186 	38.267 	35.368 	25.255 	30.194 	29.128 	31.253 
A,EXP,NEM,MIO_EUR,EXT_EU27_2020,SK	6.857 	11.315 	5.105 	8.439 	15.71 	31.487 	41.641 	32.132 	33.54 	34.439 	33.405 	30.5 	33.805 	37.895 	37.827 	34.838 
A,EXP,NEM,MIO_EUR,INT_EU27_2020,AT	435.313 	514.629 	339.565 	327.524 	442.627 	415.742 	450 	454.946 	447.169 	504.287 	514.883 	570.137 	559.541 	440.237 	452.128 	586.395 
A,EXP,NEM,MIO_EUR,INT_EU27_2020,BE	882.625 	1125.912 	734.923 	701.174 	797.795 	487.676 	397.832 	506.501 	562.258 	613.373 	730.249 	816.895 	738.689 	556.281 	576.211 	678.464 
A,EXP,NEM,MIO_EUR,INT_EU27_2020,BG	6.852 	5.547 	3.711 	2.93 	4.493 	5.076 	6.55 	6.075 	8.134 	8.857 	10.386 	13.267 	12.546 	18.334 	11.119 	42.889 
A,EXP,NEM,MIO_EUR,INT_EU27_2020,CH	1755.768 	1819.874 	1118.057 	1284.103 	1433.983 	1345.843 	1283.615 	1490.839 	1489.194 	1503.884 	1573.464 	1675.098 	1428.655 	1022.67 	1174.056 	1348.851 
A,EXP,NEM,MIO_EUR,INT_EU27_2020,CY	0.23 	0.082 	0.073 	0.018 	0.01 	0.01 	0.209 	0.005 	0.001 	: 	: 	0.095 	: 	: 	0.01 	: 
A,EXP,NEM,MIO_EUR,INT_EU27_2020,CZ	342.394 	409.805 	261.815 	296.314 	372.567 	417.313 	353.848 	377.231 	414.624 	461.086 	478.683 	471.482 	431.419 	272.918 	318.393 	343.372 
A,EXP,NEM,MIO_EUR,INT_EU27_2020,DE	3232.148 	3274.073 	2410.985 	2253.205 	2449.625 	2822.984 	2638.353 	2776.936 	2749.139 	3089.708 	3310.749 	3476.315 	3692.43 	2545.032 	2998.042 	3194.714 
A,EXP,NEM,MIO_EUR,INT_EU27_2020,DK	32.586 	37.513 	18.604 	17.746 	19.448 	13.83 	15.813 	15.832 	20.883 	23.187 	27.314 	33.055 	34.989 	17.578 	22.546 	27.741 
A,EXP,NEM,MIO_EUR,INT_EU27_2020,EE	2.257 	0.69 	2.446 	2.012 	1.622 	3.783 	2.113 	3.857 	4.116 	2.315 	4.244 	3.26 	3.354 	1.408 	1.826 	2.263 
A,EXP,NEM,MIO_EUR,INT_EU27_2020,EL	8.001 	9.328 	3.814 	5.441 	6.166 	5.8 	6.793 	8.546 	6.99 	7.303 	7.865 	8.267 	7.441 	8.582 	12.44 	14.803 
A,EXP,NEM,MIO_EUR,INT_EU27_2020,ES	513.499 	574.438 	527.03 	418.385 	747.766 	580.345 	683.92 	552.727 	674.874 	541.04 	365.177 	679.252 	571.56 	520.818 	638.726 	772.207 
A,EXP,NEM,MIO_EUR,INT_EU27_2020,EU27_2020	9839.471 	10351.548 	7885.398 	7830.715 	9264.943 	9043.119 	8725.156 	8868.126 	9411.377 	9966.439 	10557.671 	11273.69 	11513.34 	9190.399 	10684.585 	11988.973 
A,EXP,NEM,MIO_EUR,INT_EU27_2020,FI	110.416 	106.509 	58.9 	47.053 	67.125 	56.789 	59.545 	63.254 	84.019 	75.599 	77.475 	98.243 	82.641 	70.865 	80.75 	100.814 
A,EXP,NEM,MIO_EUR,INT_EU27_2020,FR	864.352 	1012.215 	824.259 	911.446 	840.226 	757.075 	543.028 	628.607 	596.068 	605.175 	612.197 	626.033 	723.254 	548.659 	779.395 	966.905 
A,EXP,NEM,MIO_EUR,INT_EU27_2020,HR	30.71 	43.71 	35.357 	29.42 	36.795 	31.48 	25.991 	31.344 	25.796 	26.475 	32.315 	33.795 	32.915 	26.868 	34.725 	44.873 
A,EXP,NEM,MIO_EUR,INT_EU27_2020,HU	219.137 	188.578 	274.775 	231.527 	277.616 	334.637 	302.55 	345.478 	513.058 	623.483 	566.196 	381.35 	570.65 	545.523 	577.268 	694.788 
A,EXP,NEM,MIO_EUR,INT_EU27_2020,IE	2.023 	0.91 	0.584 	1.383 	2.363 	2.903 	2.274 	8.78 	6.754 	14.953 	20.092 	21.25 	26.391 	33.763 	40.833 	34.908 
A,EXP,NEM,MIO_EUR,INT_EU27_2020,IS	: 	0.002 	0.092 	0.014 	: 	0.049 	0.003 	0.011 	0.007 	0.066 	0.74 	1.983 	0.913 	0.026 	3.379 	1.348 
A,EXP,NEM,MIO_EUR,INT_EU27_2020,IT	1183.613 	1277.586 	883.863 	836.626 	1017.352 	989.436 	976.415 	1141.127 	1211.389 	1252.808 	1349.792 	1495.587 	1603.674 	1155.164 	1437.225 	1551.031 
A,EXP,NEM,MIO_EUR,INT_EU27_2020,LT	4.088 	3.519 	1.903 	1.116 	1.807 	3.423 	2.632 	3.104 	1.991 	2.929 	6.511 	4.641 	3.728 	3.338 	6.955 	9.767 
A,EXP,NEM,MIO_EUR,INT_EU27_2020,LU	2.485 	2.672 	2.44 	2.098 	4.163 	1.544 	3.406 	10.644 	12.774 	42.895 	50.163 	47.909 	50.559 	35.437 	42.936 	44.686 
A,EXP,NEM,MIO_EUR,INT_EU27_2020,LV	0.529 	0.912 	2.249 	0.218 	1.246 	1.516 	1.002 	0.927 	1.641 	4.014 	4.425 	5.708 	9.097 	7.321 	11.743 	11.609 
A,EXP,NEM,MIO_EUR,INT_EU27_2020,MT	1.147 	1.613 	9.809 	4.691 	4.923 	4.089 	0.91 	0.002 	0.011 	1.735 	1.636 	2.408 	3.861 	0.645 	3.154 	2.928 
A,EXP,NEM,MIO_EUR,INT_EU27_2020,NL	588.358 	625.716 	567.23 	633.777 	858.863 	708.559 	685.628 	632.541 	686.828 	831.913 	1008.103 	1045.898 	987.886 	873.554 	1092.638 	1260.011 
A,EXP,NEM,MIO_EUR,INT_EU27_2020,NO	19.916 	13.295 	11.81 	11.527 	65.769 	17.242 	29.357 	71.068 	26.083 	14.472 	7.29 	10.2 	17.265 	8.468 	10.19 	10.807 
A,EXP,NEM,MIO_EUR,INT_EU27_2020,PL	154.242 	188.797 	102.231 	89.498 	107.547 	140.668 	164.195 	163.415 	206.791 	222.005 	237.439 	257.624 	297.045 	245.217 	260.956 	302.73 
A,EXP,NEM,MIO_EUR,INT_EU27_2020,PT	13.486 	11.624 	13.245 	11.602 	10.895 	13.288 	13.423 	19.746 	23.194 	25.092 	31.931 	34.415 	33.428 	29.338 	36.406 	41.99 
A,EXP,NEM,MIO_EUR,INT_EU27_2020,RO	92.412 	90.41 	61.718 	60.844 	76.237 	67.726 	68.314 	81.354 	81.779 	99.801 	102.571 	107.911 	105.952 	83.555 	103.442 	99.963 
A,EXP,NEM,MIO_EUR,INT_EU27_2020,SE	973.734 	696.062 	652.282 	825.635 	941.096 	1016.349 	1167.149 	855.597 	884.624 	673.468 	775.42 	787.19 	670.462 	877.85 	828.097 	757.894 
A,EXP,NEM,MIO_EUR,INT_EU27_2020,SI	66.094 	66.507 	43.86 	51.687 	81.238 	78.761 	70.963 	71.895 	75.407 	88.658 	95.5 	97.533 	100.667 	143.807 	161.07 	229.671 
A,EXP,NEM,MIO_EUR,INT_EU27_2020,SK	76.741 	82.193 	47.731 	67.342 	93.334 	82.317 	82.301 	107.656 	111.065 	124.28 	136.353 	154.168 	159.162 	128.305 	155.551 	171.557 
A,EXP,NEM,MIO_EUR,WORLD,AT	725.568 	861.856 	607.173 	680.061 	809.345 	816.838 	842.481 	919.727 	870.617 	823.813 	913.534 	1008.214 	1004.764 	846.84 	938.688 	1049.628 
A,EXP,NEM,MIO_EUR,WORLD,BE	1234.547 	1451.174 	1006.174 	971.353 	1119.692 	797.453 	666.886 	755.663 	805.256 	884.119 	1035.958 	1061.937 	1004.649 	804.566 	795.435 	881.611 
A,EXP,NEM,MIO_EUR,WORLD,BG	10.796 	11.205 	5.563 	7.905 	10.641 	9.639 	15.489 	11.811 	16.757 	25.187 	32.273 	25.713 	21.291 	25.173 	22.839 	54.21 
A,EXP,NEM,MIO_EUR,WORLD,CH	3328.862 	3492.053 	2736.402 	3025.976 	3293.684 	3250.306 	3205.4 	3537.535 	3524.469 	3645.565 	3749.149 	3746.759 	3327.38 	2486.559 	2780.333 	3122.712 
A,EXP,NEM,MIO_EUR,WORLD,CY	0.261 	0.254 	0.13 	0.051 	0.169 	0.035 	0.263 	0.039 	0.104 	0.02 	0.102 	0.106 	0.001 	0.081 	0.04 	0.05 
A,EXP,NEM,MIO_EUR,WORLD,CZ	527.25 	603.756 	423.766 	502.959 	605.168 	713.382 	603.426 	714.928 	784.994 	846.005 	786.035 	867.061 	886.057 	643.425 	608.835 	693.456 
A,EXP,NEM,MIO_EUR,WORLD,DE	6715.115 	7146.469 	6330.717 	6655.524 	7576.675 	8939.109 	8261.234 	7989.973 	7807.31 	8268.283 	8853.482 	9044.922 	8551.59 	6698.735 	7188.153 	7880.102 
A,EXP,NEM,MIO_EUR,WORLD,DK	70.241 	86.215 	50.179 	55.389 	66.547 	39.875 	50.277 	51.415 	70.601 	55.546 	100.675 	100.465 	92.556 	68.235 	76.718 	89.167 
A,EXP,NEM,MIO_EUR,WORLD,EE	3.379 	2.422 	5.486 	7.773 	9.107 	12.188 	11.931 	11.556 	11.19 	4.714 	15.891 	15.248 	12.659 	10.909 	8.59 	19.406 
A,EXP,NEM,MIO_EUR,WORLD,EL	16.067 	43.712 	8.583 	10.135 	13.552 	16.712 	10.409 	22.959 	16.599 	24.489 	13.56 	18.674 	14.558 	14.134 	31.701 	30.131 
A,EXP,NEM,MIO_EUR,WORLD,ES	735.836 	848.634 	774.63 	649.38 	1071.346 	921.986 	1125.505 	916.309 	1069.17 	916.378 	781.879 	1129.691 	1032.005 	876.97 	1125.738 	1213.075 
A,EXP,NEM,MIO_EUR,WORLD,EU27_2020	19464.313 	21518.481 	18383.616 	19365.818 	22330.829 	23908.964 	22832.241 	23240.448 	23126.416 	24184.735 	25370.598 	25035.209 	25535.025 	21086.563 	22805.576 	25348.884 
A,EXP,NEM,MIO_EUR,WORLD,FI	228.087 	218.309 	138.229 	133.101 	163.097 	168.327 	176.675 	162.963 	152.619 	164.187 	180.532 	189.485 	169.475 	149.743 	177.746 	185.965 
A,EXP,NEM,MIO_EUR,WORLD,FR	1985.569 	2605.092 	2112.056 	2263.359 	2299.811 	2360.159 	1693.09 	1860.276 	1668.323 	1821.928 	1779.804 	1598.627 	1790.175 	1729.586 	1745.433 	1923.142 
A,EXP,NEM,MIO_EUR,WORLD,HR	55.406 	76.474 	80.126 	82.429 	83.674 	87.112 	81.163 	103.448 	88.607 	91.556 	97.177 	98.45 	110.782 	94.106 	101.306 	113.191 
A,EXP,NEM,MIO_EUR,WORLD,HU	313.745 	305.346 	398.266 	337.547 	413.768 	518.051 	465.498 	522.004 	698.091 	799.082 	709.25 	472.555 	760.736 	728.495 	761.013 	967.198 
A,EXP,NEM,MIO_EUR,WORLD,IE	22.715 	23.222 	16.358 	16.786 	20.923 	40.364 	12.368 	30.74 	38.427 	34.404 	37.538 	37.501 	51.593 	64.386 	86.394 	99.598 
A,EXP,NEM,MIO_EUR,WORLD,IS	0.001 	0.003 	0.143 	0.229 	0.04 	0.114 	0.016 	0.029 	0.021 	0.094 	1.412 	4.491 	3.082 	2.417 	5.236 	4.005 
A,EXP,NEM,MIO_EUR,WORLD,IT	3613.742 	4146.348 	3647.626 	3694.641 	4034.124 	4268.827 	4611.585 	4970.859 	4747.072 	4422.052 	4498.254 	4221.545 	4916.993 	3700.433 	4360.225 	4823.467 
A,EXP,NEM,MIO_EUR,WORLD,LT	8.985 	10.305 	8.456 	10.538 	23.537 	26.726 	34.423 	38.267 	31.338 	37.445 	41.799 	35.67 	35.734 	27.555 	31.497 	21.068 
A,EXP,NEM,MIO_EUR,WORLD,LU	2.642 	3.394 	2.978 	2.67 	5.324 	2.902 	3.76 	11.473 	13.385 	45.067 	53.114 	50.832 	55.334 	39.887 	46.054 	47.654 
A,EXP,NEM,MIO_EUR,WORLD,LV	10.109 	11.046 	11.621 	6.586 	10.72 	17.564 	9.475 	24.962 	5.866 	9.095 	8.023 	18.234 	23.433 	13.549 	18.636 	16.637 
A,EXP,NEM,MIO_EUR,WORLD,MT	5.187 	4.332 	12.594 	7.044 	9.551 	9.27 	2.894 	2.986 	2.228 	12.552 	8.652 	7.248 	7.577 	4.667 	5.044 	5.37 
A,EXP,NEM,MIO_EUR,WORLD,NL	1172.863 	1302.144 	1270.413 	1410.803 	1760.21 	1721.922 	1642.702 	1651.173 	1598.502 	1867.742 	2323.501 	2018.288 	2011.496 	1702.77 	1794.057 	2144.226 
A,EXP,NEM,MIO_EUR,WORLD,NO	41.268 	31.643 	27.825 	41.772 	83.899 	82.216 	52.686 	105.913 	32.881 	32.732 	13.152 	37.96 	27.144 	20.445 	15.393 	19.17 
A,EXP,NEM,MIO_EUR,WORLD,PL	225.914 	254.81 	162.047 	154.793 	184.287 	323.237 	392.528 	515.907 	647.829 	785.76 	776.14 	824.299 	971.631 	717.147 	709.243 	880.34 
A,EXP,NEM,MIO_EUR,WORLD,PT	23.989 	21.563 	21.599 	23.832 	28.073 	35.928 	35.82 	43.817 	42.869 	39.386 	46.153 	54.672 	61.454 	50.493 	61.363 	66.66 
A,EXP,NEM,MIO_EUR,WORLD,RO	115.414 	119.812 	90.189 	85.471 	105.383 	90.848 	98.971 	114.002 	111.808 	127.735 	129.766 	143.677 	147.137 	118.572 	161.419 	140.489 
A,EXP,NEM,MIO_EUR,WORLD,SE	1468.836 	1169.658 	1083.056 	1449.073 	1690.594 	1752.202 	1757.388 	1560.659 	1564.142 	1786.628 	1843.979 	1674.525 	1482.459 	1615.905 	1565.833 	1535.723 
A,EXP,NEM,MIO_EUR,WORLD,SI	88.453 	97.423 	62.765 	70.833 	106.466 	104.501 	102.057 	92.744 	118.105 	132.844 	133.767 	132.901 	125.922 	174.001 	190.198 	260.925 
A,EXP,NEM,MIO_EUR,WORLD,SK	83.598 	93.508 	52.836 	75.782 	109.044 	113.804 	123.942 	139.789 	144.604 	158.719 	169.758 	184.669 	192.967 	166.201 	193.379 	206.395 
A,EXP,PHA,MIO_EUR,EXT_EU27_2020,AT	1625.632 	1703.585 	1884.632 	1919.755 	2301.065 	2548.324 	2446.926 	2651.243 	2912.797 	3477.113 	3134.469 	3061.536 	3622.38 	3821.385 	3954.392 	4355.954 
A,EXP,PHA,MIO_EUR,EXT_EU27_2020,BE	3870.866 	3493.695 	5023.594 	6156.291 	5788.202 	9152.572 	8570.798 	10490.562 	11417.766 	11508.064 	10756.853 	11916.298 	15150.641 	17451.291 	32666.319 	38143.017 
A,EXP,PHA,MIO_EUR,EXT_EU27_2020,BG	30.928 	41.052 	45.483 	57.257 	53.508 	58.887 	60.398 	68.204 	93.543 	118.783 	131.847 	152.874 	159.629 	167.464 	155.348 	162.892 
A,EXP,PHA,MIO_EUR,EXT_EU27_2020,CH	4147.763 	5193.976 	5831.048 	8136.499 	8710.974 	10334.574 	11326.108 	11917.505 	14680.393 	15512.315 	16925.59 	18121.789 	22704.855 	24798.661 	26233.772 	33488.45 
A,EXP,PHA,MIO_EUR,EXT_EU27_2020,CY	16.289 	17.314 	19.222 	25.025 	19.265 	25.218 	3.112 	0.698 	0.918 	2.108 	3.31 	16.636 	22.174 	14.041 	9.798 	9.876 
A,EXP,PHA,MIO_EUR,EXT_EU27_2020,CZ	51.256 	55.473 	63.679 	76.941 	82.685 	76.055 	84.171 	58.687 	68.887 	76.461 	85.013 	87.023 	100.08 	102.534 	123.173 	176.171 
A,EXP,PHA,MIO_EUR,EXT_EU27_2020,DE	4938.786 	5553.373 	6920.381 	7258.684 	8127.712 	10727.341 	12051.032 	14172.142 	16139.293 	15863.254 	15932.955 	15712.362 	17700.861 	19215.402 	25600.475 	29348.399 
A,EXP,PHA,MIO_EUR,EXT_EU27_2020,DK	2079.44 	2117.634 	2408.339 	1097.163 	1298.393 	1526.302 	1816.108 	1879.09 	2432.681 	2280.595 	1578.185 	1632.063 	2207.147 	2609.063 	3513.901 	3965.597 
A,EXP,PHA,MIO_EUR,EXT_EU27_2020,EE	1.39 	2.993 	2.008 	2.195 	2.803 	2.788 	2.961 	3.25 	4.331 	4.358 	6.723 	7.475 	8.508 	9.557 	8.217 	12.401 
A,EXP,PHA,MIO_EUR,EXT_EU27_2020,EL	75.285 	43.969 	19.464 	45.087 	40.89 	30.895 	32.93 	42.665 	47.55 	66.447 	70.128 	73.825 	67.785 	65.134 	53.502 	51.662 
A,EXP,PHA,MIO_EUR,EXT_EU27_2020,ES	501.349 	616.163 	640.305 	739.22 	972.332 	1405.618 	1403.503 	1963.846 	2211.933 	1989.937 	1951.607 	1982.07 	1871.386 	1816.456 	1869.546 	1919.671 
A,EXP,PHA,MIO_EUR,EXT_EU27_2020,EU27_2020	24008.48 	23156.487 	27302.485 	29330.19 	34669.889 	42456.209 	44681.796 	49700.19 	59792.336 	60452.069 	69525.669 	77220.564 	91629.514 	99716.681 	126390.061 	144223.566 
A,EXP,PHA,MIO_EUR,EXT_EU27_2020,FI	108.126 	101.351 	109.99 	179.625 	215.845 	225.036 	192.938 	171.405 	167.682 	114.554 	78.782 	78.992 	76.781 	79.186 	114.17 	86.77 
A,EXP,PHA,MIO_EUR,EXT_EU27_2020,FR	3150.229 	3458.007 	3886.916 	4035.827 	4214.821 	4767.03 	5558.926 	5942.973 	7563.663 	7688.371 	7800.927 	7777.803 	7986.227 	7606.685 	7683.212 	8328.267 
A,EXP,PHA,MIO_EUR,EXT_EU27_2020,HR	67.009 	64.626 	70.991 	80.96 	77.038 	108.153 	80.101 	75.898 	68.41 	169.913 	325.211 	95.193 	107.514 	152.462 	104.454 	101.807 
A,EXP,PHA,MIO_EUR,EXT_EU27_2020,HU	49.938 	83.476 	119.42 	194.296 	216.789 	237.117 	259.506 	257.925 	316.368 	397.943 	374.269 	395.076 	522.69 	774.743 	754.985 	609.499 
A,EXP,PHA,MIO_EUR,EXT_EU27_2020,IE	1566.536 	1714.74 	1858.883 	3227.555 	5431.525 	2151.946 	2585.699 	2900.873 	5477.384 	6957.922 	12933.449 	18337.443 	23653.513 	25604.401 	28810.053 	30795.983 
A,EXP,PHA,MIO_EUR,EXT_EU27_2020,IS	0.196 	0.022 	0.039 	0.001 	0.019 	0.494 	0 	0 	0.018 	0.078 	0.266 	0.046 	0.018 	0.114 	0.131 	20.524 
A,EXP,PHA,MIO_EUR,EXT_EU27_2020,IT	1898.915 	2007.178 	2064.375 	2426.65 	2989.608 	3188.041 	3540.402 	3465.101 	3592.587 	4061.421 	5865.888 	6074.606 	6930.775 	6827.888 	6389.306 	9253.26 
A,EXP,PHA,MIO_EUR,EXT_EU27_2020,LT	6.555 	7.986 	12.072 	13.658 	17.619 	25.145 	31.65 	56.483 	112 	132.118 	117.122 	145.048 	191.295 	187.487 	138.006 	212.668 
A,EXP,PHA,MIO_EUR,EXT_EU27_2020,LU	0.077 	0.056 	0.01 	0.005 	0.038 	0.744 	0.001 	0 	0.061 	0.004 	0.021 	0.002 	5.407 	2.026 	0.945 	0.392 
A,EXP,PHA,MIO_EUR,EXT_EU27_2020,LV	7.962 	2.653 	3.424 	2.394 	6.029 	4.038 	9.091 	12.776 	13.308 	18.713 	15.766 	17.287 	16.355 	19.565 	24.284 	48.983 
A,EXP,PHA,MIO_EUR,EXT_EU27_2020,MT	1.673 	1.035 	0.587 	0.676 	4.2 	0.899 	1.319 	6.785 	4.149 	8.462 	11.742 	10.957 	7.277 	7.17 	25.807 	18.727 
A,EXP,PHA,MIO_EUR,EXT_EU27_2020,NL	2996.204 	1072.858 	1280.558 	952.801 	1712.737 	4544.971 	3851.415 	3451.838 	4541.872 	3179.702 	5947.05 	7099.354 	8060.999 	9504.05 	10735.039 	10466.265 
A,EXP,PHA,MIO_EUR,EXT_EU27_2020,NO	42.413 	30.765 	28.328 	37.154 	47.515 	148.502 	162.168 	226.527 	192.128 	78.385 	4.886 	6.338 	3.14 	12.121 	16.626 	12.95 
A,EXP,PHA,MIO_EUR,EXT_EU27_2020,PL	58.493 	44.132 	54.859 	70.787 	77.637 	103.109 	115.219 	108.442 	111.726 	125.544 	164.184 	123.433 	210.019 	438.769 	602.717 	692.781 
A,EXP,PHA,MIO_EUR,EXT_EU27_2020,PT	50.615 	46.888 	63.631 	63.257 	60.676 	80.408 	95.786 	126.492 	160.261 	140.372 	156.568 	165.421 	170.434 	174.316 	158.221 	194.717 
A,EXP,PHA,MIO_EUR,EXT_EU27_2020,RO	4.916 	5.989 	14.665 	18.091 	21.71 	39.594 	49.822 	48.483 	59.001 	56.056 	63.197 	70.121 	81.664 	78.578 	92.575 	79.646 
A,EXP,PHA,MIO_EUR,EXT_EU27_2020,SE	613.731 	631.956 	512.493 	473.16 	647.418 	1121.414 	1535.025 	1478.402 	2006.855 	1742.976 	1764.601 	1759.579 	2129.834 	2136.954 	1926.015 	3946.326 
A,EXP,PHA,MIO_EUR,EXT_EU27_2020,SI	216.202 	249.422 	209.137 	202.155 	275.372 	295.849 	290.422 	251.711 	243.634 	250.233 	241.718 	409.125 	550.545 	822.463 	855.512 	1225.006 
A,EXP,PHA,MIO_EUR,EXT_EU27_2020,SK	20.079 	18.881 	13.367 	10.674 	13.971 	8.716 	12.536 	14.219 	23.672 	20.645 	14.088 	18.962 	17.592 	27.613 	20.086 	16.827 
A,EXP,PHA,MIO_EUR,INT_EU27_2020,AT	987.018 	1096.745 	1071.532 	1263.22 	1180.929 	1819.744 	2092.558 	2682.585 	2472.875 	1826.807 	3534.738 	2805.415 	3886.99 	4607.151 	4865.855 	5216.143 
A,EXP,PHA,MIO_EUR,INT_EU27_2020,BE	3204.683 	3895.417 	5607.768 	6118.028 	5844.811 	6282.045 	8067.833 	8871.344 	7500.774 	7397.664 	8147.58 	10179.859 	12318.867 	14577.757 	26192.078 	29765.987 
A,EXP,PHA,MIO_EUR,INT_EU27_2020,BG	24.762 	38.04 	46.07 	55.194 	76.164 	71.727 	72.913 	51.2 	61.461 	68.766 	62.995 	82.723 	91.809 	109.747 	103.149 	83.601 
A,EXP,PHA,MIO_EUR,INT_EU27_2020,CH	7668.262 	8730.152 	9199.841 	11397.368 	12152.281 	13130.522 	13379.906 	14283.469 	15243.212 	16094.946 	16006.859 	13611.855 	15540.375 	17882.674 	23874.809 	22059.908 
A,EXP,PHA,MIO_EUR,INT_EU27_2020,CY	19.321 	25.739 	14.346 	26.004 	40.837 	36.665 	28.977 	27.656 	29.323 	30.157 	24.879 	31.044 	32.709 	30.17 	32.656 	43.736 
A,EXP,PHA,MIO_EUR,INT_EU27_2020,CZ	127.195 	150.878 	177.868 	238.181 	219.16 	212.166 	268.136 	419.794 	390.92 	406.089 	371.654 	461.938 	559.515 	658.403 	917.624 	959.473 
A,EXP,PHA,MIO_EUR,INT_EU27_2020,DE	5097.912 	6245.254 	7043.186 	9859.658 	10268.493 	10784.465 	11008.957 	11388.444 	12183.399 	12038.126 	13091.974 	15943.971 	15135.637 	17195.564 	23379.967 	21910.745 
A,EXP,PHA,MIO_EUR,INT_EU27_2020,DK	1391.898 	1406.084 	1425.371 	608.119 	648.642 	617.856 	745.318 	792.848 	941.642 	976.169 	791.695 	797.287 	946.255 	1295.385 	1423.993 	1528.201 
A,EXP,PHA,MIO_EUR,INT_EU27_2020,EE	4.844 	5.9 	5.672 	7.404 	7.093 	7.245 	7.822 	9.12 	8.934 	10.399 	11.646 	13.152 	15.119 	21.119 	24.08 	25.481 
A,EXP,PHA,MIO_EUR,INT_EU27_2020,EL	155.1 	159 	189.896 	205.636 	168.065 	100.934 	106.427 	116.786 	108.636 	126.286 	127.632 	130.732 	159.615 	222.117 	238.524 	239.57 
A,EXP,PHA,MIO_EUR,INT_EU27_2020,ES	688.532 	752.483 	845.615 	944.488 	1137.036 	1718.267 	1427.358 	1474.698 	1516.681 	1695.127 	1712.497 	1618.665 	1703.57 	1841.712 	7040.741 	14900.287 
A,EXP,PHA,MIO_EUR,INT_EU27_2020,EU27_2020	19994.781 	22733.418 	27764.09 	31979.352 	31880.544 	41593.448 	43578.428 	46635.198 	48030.555 	50111.857 	56510.413 	67784.446 	73669.547 	89700.935 	117452.698 	145379.11 
A,EXP,PHA,MIO_EUR,INT_EU27_2020,FI	24.111 	20.336 	17.398 	17.631 	21.996 	20.569 	35.872 	17.916 	22.101 	18.519 	29.559 	35.909 	35.114 	38.414 	40.719 	43.884 
A,EXP,PHA,MIO_EUR,INT_EU27_2020,FR	2286.769 	2785.491 	3603.043 	4639.564 	3403.077 	4425.329 	5592.747 	5618.361 	4896.638 	4703.526 	4537.996 	5977.139 	7382.668 	8032.33 	8694.194 	9839.011 
A,EXP,PHA,MIO_EUR,INT_EU27_2020,HR	14.949 	20.763 	20.459 	34.352 	47.297 	68.058 	66.125 	63.747 	160.006 	259.884 	294.225 	351.667 	404.314 	427.464 	340.287 	387.734 
A,EXP,PHA,MIO_EUR,INT_EU27_2020,HU	80.797 	135.337 	165.89 	245.312 	406.893 	428.886 	390.184 	485.679 	968.023 	809.778 	1047.069 	1479.951 	1468.757 	1833.44 	1612.501 	1938.753 
A,EXP,PHA,MIO_EUR,INT_EU27_2020,IE	1585.975 	2129.971 	3132.234 	3363.618 	3336.198 	7180.386 	4884.67 	4666.567 	5397.581 	5568.39 	7618.666 	10111.526 	10749.134 	18084.469 	15941.82 	26228.925 
A,EXP,PHA,MIO_EUR,INT_EU27_2020,IS	2.076 	1.399 	1.683 	1.232 	0.236 	1.028 	1.834 	2.875 	3.146 	3.513 	6.732 	7.203 	7.967 	11.081 	11.241 	2.423 
A,EXP,PHA,MIO_EUR,INT_EU27_2020,IT	1710.875 	1641.321 	1875.301 	1749.036 	1898.801 	2395.021 	2990.688 	3537.922 	4038.756 	5002.131 	6274.58 	6694.271 	8040.755 	8439.243 	9928.837 	11867.415 
A,EXP,PHA,MIO_EUR,INT_EU27_2020,LT	6.625 	12.446 	18.498 	21.924 	25.071 	31.599 	40.183 	44.938 	51.146 	65.598 	63.689 	71.019 	80.53 	97.88 	114.849 	130.941 
A,EXP,PHA,MIO_EUR,INT_EU27_2020,LU	2.074 	2.207 	1.631 	10.769 	1.444 	11.195 	10.899 	9.132 	15.264 	30.394 	28.267 	21.777 	21.019 	17.542 	52.945 	18.188 
A,EXP,PHA,MIO_EUR,INT_EU27_2020,LV	25.161 	30.685 	41.441 	52.73 	57.533 	23.039 	26.98 	32.868 	39.047 	42.728 	45.383 	43.13 	49.398 	46.426 	61.92 	68.18 
A,EXP,PHA,MIO_EUR,INT_EU27_2020,MT	0.52 	0.559 	1.318 	1.5 	0.847 	1.64 	0.031 	0.005 	3.9 	1.61 	44.643 	70.114 	84.403 	120.451 	101.43 	80.884 
A,EXP,PHA,MIO_EUR,INT_EU27_2020,NL	1480.326 	1134.09 	1355.624 	1171.743 	1716.378 	3351.098 	3562.986 	4106.971 	4741.117 	6394.463 	5739.387 	7735.109 	6991.088 	7644.885 	11579.206 	14074.383 
A,EXP,PHA,MIO_EUR,INT_EU27_2020,NO	29.153 	32.906 	93.566 	133.814 	125.215 	58.588 	34.931 	40.91 	19.991 	107.587 	92.176 	99.565 	64.152 	16.734 	19.614 	54.522 
A,EXP,PHA,MIO_EUR,INT_EU27_2020,PL	77.282 	87.343 	93.157 	122.123 	111.897 	188.993 	216.298 	217.644 	256.118 	388.403 	935.929 	911.212 	1008.199 	1500.42 	1695.72 	2099.542 
A,EXP,PHA,MIO_EUR,INT_EU27_2020,PT	35.004 	44.103 	49.984 	42.114 	42.642 	42.592 	30.894 	32.66 	32.653 	35.564 	72.411 	107.921 	172.194 	218.302 	248.765 	244.226 
A,EXP,PHA,MIO_EUR,INT_EU27_2020,RO	13.363 	16.514 	33.047 	55.175 	62.131 	67.391 	81.796 	89.329 	69.689 	70.936 	68.964 	89.204 	86.931 	99.927 	113.619 	130.563 
A,EXP,PHA,MIO_EUR,INT_EU27_2020,SE	793.25 	752.123 	786.204 	975.059 	998.936 	1542.183 	1650.418 	1680.69 	1845.791 	1798.047 	1519.634 	1639.95 	1723.018 	1872.751 	1926.647 	2691.789 
A,EXP,PHA,MIO_EUR,INT_EU27_2020,SI	130.393 	125.449 	119.697 	116.814 	117.363 	129.927 	129.201 	145.373 	187.113 	232.8 	253.182 	314.11 	437.562 	558.841 	667.723 	761.266 
A,EXP,PHA,MIO_EUR,INT_EU27_2020,SK	26.042 	19.139 	21.841 	33.957 	40.809 	34.425 	42.157 	50.921 	90.968 	113.495 	59.54 	65.652 	84.378 	109.025 	112.849 	100.203 
A,EXP,PHA,MIO_EUR,WORLD,AT	2612.65 	2800.33 	2956.163 	3182.975 	3481.994 	4368.069 	4539.484 	5333.827 	5385.672 	5303.919 	6669.207 	5866.951 	7509.37 	8428.537 	8820.248 	9572.097 
A,EXP,PHA,MIO_EUR,WORLD,BE	7075.549 	7389.113 	10631.362 	12274.319 	11633.013 	15434.618 	16638.631 	19361.906 	18918.54 	18905.728 	18904.433 	22096.157 	27469.508 	32029.048 	58858.398 	67909.005 
A,EXP,PHA,MIO_EUR,WORLD,BG	55.69 	79.092 	91.553 	112.451 	129.672 	130.614 	133.312 	119.404 	155.005 	187.55 	194.842 	235.597 	251.438 	277.21 	258.497 	246.494 
A,EXP,PHA,MIO_EUR,WORLD,CH	11816.025 	13924.128 	15030.888 	19533.868 	20863.255 	23465.095 	24706.014 	26200.974 	29923.605 	31607.261 	32932.449 	31733.645 	38245.23 	42681.335 	50108.581 	55548.358 
A,EXP,PHA,MIO_EUR,WORLD,CY	35.61 	43.054 	33.567 	51.03 	60.102 	61.884 	32.089 	28.353 	30.241 	32.265 	28.188 	47.68 	54.883 	44.211 	42.453 	53.612 
A,EXP,PHA,MIO_EUR,WORLD,CZ	178.452 	206.351 	241.547 	315.122 	301.845 	288.221 	352.307 	478.481 	459.807 	482.55 	456.667 	548.961 	659.595 	760.937 	1040.797 	1135.644 
A,EXP,PHA,MIO_EUR,WORLD,DE	10036.698 	11798.627 	13963.567 	17118.342 	18396.205 	21511.806 	23059.988 	25560.587 	28322.692 	27901.38 	29024.929 	31656.333 	32836.499 	36410.966 	48980.442 	51259.145 
A,EXP,PHA,MIO_EUR,WORLD,DK	3471.337 	3523.718 	3833.71 	1705.282 	1947.035 	2144.158 	2561.426 	2671.938 	3374.323 	3256.765 	2369.879 	2429.35 	3153.402 	3904.448 	4937.895 	5493.798 
A,EXP,PHA,MIO_EUR,WORLD,EE	6.233 	8.893 	7.68 	9.599 	9.896 	10.034 	10.783 	12.37 	13.265 	14.757 	18.369 	20.627 	23.627 	30.676 	32.297 	37.882 
A,EXP,PHA,MIO_EUR,WORLD,EL	230.385 	202.968 	209.36 	250.723 	208.954 	131.829 	139.357 	159.451 	156.186 	192.733 	197.76 	204.557 	227.4 	287.251 	292.027 	291.232 
A,EXP,PHA,MIO_EUR,WORLD,ES	1189.881 	1368.646 	1485.919 	1683.708 	2109.368 	3123.885 	2830.86 	3438.544 	3728.613 	3685.064 	3664.104 	3600.735 	3574.956 	3658.168 	8910.287 	16819.958 
A,EXP,PHA,MIO_EUR,WORLD,EU27_2020	44003.26 	45889.905 	55066.575 	61309.542 	66550.433 	84049.657 	88260.224 	96335.388 	107822.89 	110563.926 	126036.081 	145005.01 	165299.061 	189417.616 	243842.759 	289602.677 
A,EXP,PHA,MIO_EUR,WORLD,FI	132.237 	121.687 	127.388 	197.256 	237.841 	245.605 	228.81 	189.32 	189.783 	133.073 	108.341 	114.9 	111.896 	117.6 	154.889 	130.654 
A,EXP,PHA,MIO_EUR,WORLD,FR	5436.998 	6243.499 	7489.959 	8675.391 	7617.899 	9192.359 	11151.673 	11561.335 	12460.301 	12391.896 	12338.923 	13754.942 	15368.895 	15639.014 	16377.407 	18167.279 
A,EXP,PHA,MIO_EUR,WORLD,HR	81.958 	85.389 	91.45 	115.312 	124.336 	176.211 	146.226 	139.644 	228.417 	429.797 	619.436 	446.86 	511.828 	579.926 	444.741 	489.541 
A,EXP,PHA,MIO_EUR,WORLD,HU	130.735 	218.813 	285.31 	439.609 	623.682 	666.003 	649.69 	743.604 	1284.391 	1207.721 	1421.338 	1875.027 	1991.448 	2608.183 	2367.486 	2548.252 
A,EXP,PHA,MIO_EUR,WORLD,IE	3152.511 	3844.711 	4991.117 	6591.173 	8767.723 	9332.332 	7470.369 	7567.439 	10874.964 	12526.312 	20552.115 	28448.969 	34402.646 	43688.871 	44751.873 	57024.908 
A,EXP,PHA,MIO_EUR,WORLD,IS	2.273 	1.422 	1.722 	1.234 	0.254 	1.522 	1.835 	2.875 	3.164 	3.59 	6.998 	7.25 	7.986 	11.195 	11.373 	22.947 
A,EXP,PHA,MIO_EUR,WORLD,IT	3609.791 	3648.499 	3939.677 	4175.685 	4888.41 	5583.062 	6531.09 	7003.022 	7631.344 	9063.553 	12140.467 	12768.878 	14971.53 	15267.131 	16318.144 	21120.675 
A,EXP,PHA,MIO_EUR,WORLD,LT	13.18 	20.432 	30.57 	35.582 	42.691 	56.744 	71.833 	101.42 	163.146 	197.716 	180.81 	216.067 	271.825 	285.367 	252.855 	343.609 
A,EXP,PHA,MIO_EUR,WORLD,LU	2.151 	2.264 	1.641 	10.774 	1.481 	11.939 	10.9 	9.133 	15.325 	30.398 	28.288 	21.779 	26.426 	19.568 	53.89 	18.58 
A,EXP,PHA,MIO_EUR,WORLD,LV	33.123 	33.338 	44.865 	55.124 	63.563 	27.077 	36.071 	45.643 	52.356 	61.441 	61.149 	60.417 	65.753 	65.991 	86.204 	117.163 
A,EXP,PHA,MIO_EUR,WORLD,MT	2.193 	1.594 	1.904 	2.175 	5.047 	2.539 	1.35 	6.79 	8.049 	10.072 	56.385 	81.071 	91.68 	127.62 	127.238 	99.611 
A,EXP,PHA,MIO_EUR,WORLD,NL	4476.531 	2206.948 	2636.182 	2124.543 	3429.115 	7896.069 	7414.401 	7558.809 	9282.989 	9574.165 	11686.436 	14834.463 	15052.087 	17148.935 	22314.245 	24540.648 
A,EXP,PHA,MIO_EUR,WORLD,NO	71.566 	63.671 	121.894 	170.968 	172.73 	207.089 	197.1 	267.436 	212.119 	185.972 	97.063 	105.904 	67.292 	28.855 	36.241 	67.472 
A,EXP,PHA,MIO_EUR,WORLD,PL	135.775 	131.475 	148.016 	192.91 	189.534 	292.102 	331.516 	326.086 	367.844 	513.947 	1100.113 	1034.645 	1218.218 	1939.189 	2298.437 	2792.323 
A,EXP,PHA,MIO_EUR,WORLD,PT	85.619 	90.991 	113.616 	105.371 	103.318 	123.001 	126.68 	159.152 	192.914 	175.936 	228.979 	273.342 	342.628 	392.618 	406.986 	438.942 
A,EXP,PHA,MIO_EUR,WORLD,RO	18.278 	22.503 	47.712 	73.266 	83.842 	106.985 	131.618 	137.812 	128.69 	126.992 	132.161 	159.325 	168.595 	178.505 	206.194 	210.209 
A,EXP,PHA,MIO_EUR,WORLD,SE	1406.981 	1384.079 	1298.697 	1448.219 	1646.353 	2663.597 	3185.443 	3159.092 	3852.646 	3541.022 	3284.234 	3399.529 	3852.852 	4009.705 	3852.662 	6638.115 
A,EXP,PHA,MIO_EUR,WORLD,SI	346.595 	374.871 	328.835 	318.969 	392.734 	425.776 	419.623 	397.084 	430.747 	483.033 	494.9 	723.235 	988.107 	1381.304 	1523.235 	1986.272 
A,EXP,PHA,MIO_EUR,WORLD,SK	46.121 	38.02 	35.208 	44.632 	54.779 	43.141 	54.693 	65.139 	114.64 	134.14 	73.628 	84.614 	101.97 	136.638 	132.935 	117.03 
A,EXP,SCI,MIO_EUR,EXT_EU27_2020,AT	641.139 	640.433 	625.757 	770.534 	868.261 	980.689 	990.05 	1044.782 	1020.666 	947.092 	1091.243 	1153.039 	1223.331 	1140.448 	1242.607 	1281.428 
A,EXP,SCI,MIO_EUR,EXT_EU27_2020,BE	641.408 	745.837 	996.971 	1508.876 	1725.249 	1845.215 	2073.247 	2198.805 	2618.039 	2639.201 	2568.642 	2472.494 	2902.309 	2662.925 	3014.808 	3090.476 
A,EXP,SCI,MIO_EUR,EXT_EU27_2020,BG	23.161 	26.184 	27.377 	29.888 	43.208 	44.054 	49.124 	56.264 	52.848 	80.125 	75.701 	81.262 	118.191 	123.763 	163.75 	165.637 
A,EXP,SCI,MIO_EUR,EXT_EU27_2020,CH	1832.071 	2006.351 	2021.488 	2513.865 	2760.814 	2956.303 	3084.142 	3129.561 	4118.943 	4081.844 	4325.781 	4470.652 	4683.068 	4403.209 	4906.016 	5692.532 
A,EXP,SCI,MIO_EUR,EXT_EU27_2020,CY	2.855 	1.291 	2.426 	3.344 	5.826 	6.186 	9.914 	9.28 	8.304 	8.756 	11.929 	8.792 	5.84 	6.666 	5.01 	9.553 
A,EXP,SCI,MIO_EUR,EXT_EU27_2020,CZ	178.287 	215.771 	216.712 	254.117 	408.487 	490.993 	508.281 	527.744 	592.891 	647.922 	628.793 	753.986 	808.248 	760.975 	925.081 	1135.531 
A,EXP,SCI,MIO_EUR,EXT_EU27_2020,DE	13747.879 	13875.921 	12760.321 	15499.299 	17778.014 	19429.89 	19229.944 	19187.209 	20858.154 	21656.595 	23907.51 	24374.437 	25723.111 	23510.832 	25676.698 	28603.428 
A,EXP,SCI,MIO_EUR,EXT_EU27_2020,DK	837.497 	888.846 	823.117 	963.337 	1070.489 	1237.325 	978.68 	1139.679 	1193.757 	1271.78 	1282.115 	1141.919 	1209.87 	1294.546 	1532.698 	1772.192 
A,EXP,SCI,MIO_EUR,EXT_EU27_2020,EE	21.604 	20.021 	19.795 	30.43 	73.541 	75.415 	75.266 	88.926 	93.197 	104.317 	88.199 	96.713 	119.09 	189.02 	123.481 	181.104 
A,EXP,SCI,MIO_EUR,EXT_EU27_2020,EL	15.572 	19.214 	34.045 	23.469 	24.269 	31.321 	25.579 	31.943 	49.024 	24.69 	28.787 	27.409 	34.952 	56.252 	69.67 	97.553 
A,EXP,SCI,MIO_EUR,EXT_EU27_2020,ES	371.604 	301.541 	277.988 	345.004 	386.222 	516.675 	463.205 	584.437 	697.098 	671.135 	655.122 	655.121 	666.282 	553.655 	566.973 	661.008 
A,EXP,SCI,MIO_EUR,EXT_EU27_2020,EU27_2020	29579.141 	30236.366 	28295.086 	33788.038 	37877.346 	42491.286 	42041.218 	42782.714 	46625.38 	48267.468 	52376.892 	54240.652 	58640.985 	53816.676 	59568.901 	66775.88 
A,EXP,SCI,MIO_EUR,EXT_EU27_2020,FI	662.437 	666.871 	581.392 	700.197 	712.669 	793.988 	810.624 	839.032 	859.401 	927.432 	930.183 	988.852 	1094.432 	1021.08 	1123.388 	1247.645 
A,EXP,SCI,MIO_EUR,EXT_EU27_2020,FR	3619.094 	3849.777 	3405.479 	4032.859 	4165.072 	4508.742 	4457.298 	4285.115 	4456.002 	4436.679 	4509.899 	4518.788 	4986.093 	4276.736 	4044.652 	4442.324 
A,EXP,SCI,MIO_EUR,EXT_EU27_2020,HR	19.333 	18.18 	14.078 	21.048 	15.992 	16.105 	17.413 	19.86 	19.561 	30.86 	25.038 	31.926 	30.496 	31.281 	40.269 	45.626 
A,EXP,SCI,MIO_EUR,EXT_EU27_2020,HU	126.934 	160.469 	242.204 	361.775 	415.613 	433.634 	467.01 	513.518 	457.851 	540.289 	598.256 	553.699 	602.005 	546.128 	497.932 	639.048 
A,EXP,SCI,MIO_EUR,EXT_EU27_2020,IE	1935.164 	1923.516 	2145.354 	2237.259 	2269.932 	2517.106 	2461.965 	2588.646 	2870.001 	3094.352 	3470.29 	3548.953 	3788.23 	3119.559 	4215.287 	4827.297 
A,EXP,SCI,MIO_EUR,EXT_EU27_2020,IS	26.712 	33.581 	28.65 	45.823 	41.413 	45.199 	37.003 	38.384 	51.247 	62.413 	66.476 	56.232 	60.517 	48.954 	60.088 	104.005 
A,EXP,SCI,MIO_EUR,EXT_EU27_2020,IT	1429.487 	1361.891 	1267.359 	1379.756 	1550.432 	1705.796 	1685.115 	1763.733 	1865.016 	1945.259 	2095.2 	2226.119 	2356.496 	2235.205 	2675.859 	3185.604 
A,EXP,SCI,MIO_EUR,EXT_EU27_2020,LT	83.836 	224.564 	57.027 	67.624 	79.141 	130.517 	126.016 	155.269 	188.328 	196.188 	250.023 	268.698 	313.15 	325.631 	340.725 	305.135 
A,EXP,SCI,MIO_EUR,EXT_EU27_2020,LU	27.094 	29.679 	25.889 	32.343 	46.111 	41.141 	35.806 	36.569 	30.735 	33.207 	36.418 	40.107 	42.378 	39.612 	42.497 	48.097 
A,EXP,SCI,MIO_EUR,EXT_EU27_2020,LV	23.7 	36.572 	21.62 	31.573 	36.921 	59.954 	62.974 	52.862 	74.371 	53.224 	62.765 	90.152 	73.915 	70.809 	83.413 	106.163 
A,EXP,SCI,MIO_EUR,EXT_EU27_2020,MT	3.075 	1.976 	1.422 	2.125 	2.724 	3.339 	3.174 	5.584 	7.162 	4.505 	6.915 	16.254 	16.042 	16.522 	16.594 	21.637 
A,EXP,SCI,MIO_EUR,EXT_EU27_2020,NL	3774.496 	3805.831 	3331.77 	3797.388 	4400.353 	5589.164 	5418.25 	5508.663 	6329.229 	6661.324 	7413.259 	8383.872 	9342.216 	8743.699 	9447.516 	10543.074 
A,EXP,SCI,MIO_EUR,EXT_EU27_2020,NO	584.402 	707.67 	592.25 	672.456 	821.562 	900.055 	942.55 	984.282 	1173.512 	913.77 	461.859 	454.991 	591.074 	563.138 	515.791 	594.595 
A,EXP,SCI,MIO_EUR,EXT_EU27_2020,PL	90.537 	121.004 	130.994 	150.136 	211.93 	350.177 	400.823 	430.498 	507.157 	480.392 	735.486 	939.48 	1096.882 	1077.352 	1477.974 	1730.046 
A,EXP,SCI,MIO_EUR,EXT_EU27_2020,PT	27.66 	29.811 	28.971 	48.984 	44.599 	47.876 	71.828 	78.408 	62.304 	43.594 	40.344 	46.128 	48.929 	44.006 	57.225 	68.56 
A,EXP,SCI,MIO_EUR,EXT_EU27_2020,RO	32.407 	34.243 	27.834 	33.436 	45.183 	68.687 	105.345 	135.268 	190.148 	216.207 	275.952 	301.539 	289.975 	310.208 	266.239 	362.294 
A,EXP,SCI,MIO_EUR,EXT_EU27_2020,SE	1118.285 	1097.148 	1143.44 	1351.541 	1374.366 	1431.277 	1356.084 	1336.467 	1340.261 	1355.799 	1350.391 	1291.312 	1505.195 	1484.389 	1699.999 	1929.812 
A,EXP,SCI,MIO_EUR,EXT_EU27_2020,SI	44.311 	44.543 	42.743 	54.022 	60.781 	57.307 	69.554 	76.399 	82.765 	94.921 	111.973 	112.791 	124.161 	99.658 	119.065 	135.107 
A,EXP,SCI,MIO_EUR,EXT_EU27_2020,SK	80.287 	95.231 	43.001 	57.675 	61.963 	78.712 	88.646 	87.754 	101.109 	101.625 	126.457 	116.808 	119.165 	75.722 	99.491 	140.501 
A,EXP,SCI,MIO_EUR,INT_EU27_2020,AT	892.572 	940.732 	742.806 	870.235 	939.76 	927.846 	977.122 	940.208 	903.755 	930.65 	957.882 	1071.414 	1126.497 	1069.617 	1292.953 	1366.417 
A,EXP,SCI,MIO_EUR,INT_EU27_2020,BE	1378.151 	1457.659 	1483.731 	1748.562 	1926.817 	1811.281 	1914.573 	2581.381 	2933.091 	2671.37 	2744.474 	2737.657 	2877.699 	2741.798 	3212.789 	3733.452 
A,EXP,SCI,MIO_EUR,INT_EU27_2020,BG	119.131 	124.511 	99.62 	128.48 	153.905 	126.298 	59.167 	63.918 	81.211 	97.181 	127.702 	144.129 	163.652 	199.296 	324.683 	354.394 
A,EXP,SCI,MIO_EUR,INT_EU27_2020,CH	3083.598 	3251.731 	3325.974 	3742.962 	3282.333 	3407.408 	3455.884 	3513.574 	4202.574 	4528.021 	4265.712 	4195.072 	4592.335 	4587.143 	5123.066 	5716.143 
A,EXP,SCI,MIO_EUR,INT_EU27_2020,CY	40.25 	66.582 	41.004 	26.367 	8.48 	5.678 	4.792 	4.961 	3.223 	2.668 	4.549 	7.893 	7.469 	7.123 	12.205 	12.091 
A,EXP,SCI,MIO_EUR,INT_EU27_2020,CZ	464.373 	509.831 	452.694 	507.445 	581.974 	579.919 	591.583 	600.254 	704.684 	738.341 	993.281 	1104.181 	1247.6 	1158.853 	1397.39 	1719.303 
A,EXP,SCI,MIO_EUR,INT_EU27_2020,DE	9269.677 	8788.173 	7756.729 	9307.617 	10137.543 	9697.67 	9696.489 	10270.276 	11236.068 	11638.044 	13125.817 	13849.181 	14172.784 	12850.161 	14679.725 	15532.035 
A,EXP,SCI,MIO_EUR,INT_EU27_2020,DK	866.295 	900.87 	814.167 	869.005 	918.204 	803.271 	631.599 	690.919 	725.174 	723.941 	787.764 	848.923 	833.533 	893.023 	895.724 	863.594 
A,EXP,SCI,MIO_EUR,INT_EU27_2020,EE	47.307 	61.739 	45.015 	64.563 	88.735 	65.713 	73.086 	68.63 	72.15 	77.061 	90.645 	103.313 	127.379 	118.012 	112.326 	146.546 
A,EXP,SCI,MIO_EUR,INT_EU27_2020,EL	27.616 	36.888 	21.491 	29.497 	27.958 	38.495 	39.794 	29.54 	31.034 	34.425 	30.448 	43.244 	64.177 	60.662 	75.223 	119.7 
A,EXP,SCI,MIO_EUR,INT_EU27_2020,ES	433.965 	433.68 	355.886 	414.028 	473.34 	487.627 	474.696 	606.084 	680.55 	678.887 	731.165 	740.61 	863.454 	850.987 	981.561 	985.579 
A,EXP,SCI,MIO_EUR,INT_EU27_2020,EU27_2020	25637.278 	25684.759 	23890.898 	27831.85 	29544.315 	28779.513 	28864.589 	30991.688 	32956.139 	35035.038 	38094.226 	39792.596 	41366.225 	39323.696 	46472.68 	52191.525 
A,EXP,SCI,MIO_EUR,INT_EU27_2020,FI	366.74 	381.891 	320.895 	304.861 	303.877 	337.738 	341.398 	374.821 	415.164 	422.019 	466.717 	493.806 	486.481 	470.471 	510.152 	608.889 
A,EXP,SCI,MIO_EUR,INT_EU27_2020,FR	3668.741 	3737.219 	3703.322 	4193.942 	4004.176 	3913.624 	3926.67 	4042.828 	4018.008 	4073.091 	3960.837 	3989.886 	4211.702 	3800.706 	3934.333 	4244.154 
A,EXP,SCI,MIO_EUR,INT_EU27_2020,HR	57.794 	57.476 	50.275 	56.116 	61.517 	58.985 	66.963 	62.538 	65.981 	63.977 	75.758 	85.794 	89.423 	95.191 	109.878 	123.94 
A,EXP,SCI,MIO_EUR,INT_EU27_2020,HU	1249.481 	1184.995 	1016.677 	1217.66 	1423.303 	1494.459 	1592.153 	1830.943 	1346.382 	1442.676 	1605.843 	1416.6 	1239.853 	1032.034 	1141.298 	1286.032 
A,EXP,SCI,MIO_EUR,INT_EU27_2020,IE	533.335 	581.427 	920.089 	776.803 	779.269 	625.39 	841.128 	693.77 	640.614 	1051.793 	997.044 	1116.779 	1013.383 	1279.395 	1441.611 	1780.878 
A,EXP,SCI,MIO_EUR,INT_EU27_2020,IS	18.648 	17.311 	10.805 	10.442 	18.88 	19.73 	17.802 	21.728 	28.927 	37.435 	44.231 	35.705 	33.904 	30.947 	32.488 	56.597 
A,EXP,SCI,MIO_EUR,INT_EU27_2020,IT	1411.62 	1396.453 	1161.598 	1317.656 	1344.886 	1356.536 	1363.59 	1399.037 	1491.602 	1503.514 	1601.995 	1685.576 	1717.466 	1624.566 	1989.17 	2227.039 
A,EXP,SCI,MIO_EUR,INT_EU27_2020,LT	33.479 	36.328 	37.746 	46.064 	55.434 	46.369 	55.76 	50.603 	67.264 	74.16 	93.471 	107.612 	140.306 	175.104 	219.112 	209.964 
A,EXP,SCI,MIO_EUR,INT_EU27_2020,LU	89.344 	94.585 	83.563 	107.23 	107.311 	96.375 	92.927 	103.062 	96.469 	97.896 	102.484 	108.247 	100.8 	92.002 	93.736 	94.881 
A,EXP,SCI,MIO_EUR,INT_EU27_2020,LV	7.436 	9.404 	6.075 	19.995 	20.889 	12.334 	19.009 	29.9 	31.478 	25.172 	35.046 	35.938 	41.562 	46.199 	86.493 	100.141 
A,EXP,SCI,MIO_EUR,INT_EU27_2020,MT	1.911 	3.17 	2.732 	3.082 	4.478 	5.362 	4.908 	3.85 	5.384 	4.144 	6.736 	8.514 	5.195 	17.917 	6.037 	6.532 
A,EXP,SCI,MIO_EUR,INT_EU27_2020,NL	3232.396 	3323.157 	3306.909 	4034.916 	4139.732 	4231.11 	4222.912 	4574.912 	5134.838 	6067.717 	6500.904 	6825.766 	7352.21 	7327.902 	9906.162 	12020.493 
A,EXP,SCI,MIO_EUR,INT_EU27_2020,NO	284.394 	285.089 	260.774 	255.664 	257.246 	315.433 	306.175 	318.912 	369.544 	371.808 	185.561 	192.555 	207.962 	188.418 	203.048 	204.867 
A,EXP,SCI,MIO_EUR,INT_EU27_2020,PL	274.14 	343.591 	267.152 	415.398 	495.125 	413.184 	523.384 	649.136 	808.145 	889.492 	1106.925 	1236.683 	1370.575 	1459.653 	1787.084 	2108.038 
A,EXP,SCI,MIO_EUR,INT_EU27_2020,PT	73.409 	67.535 	59.813 	62.908 	76.103 	75.617 	63.893 	80.626 	83.382 	79.926 	94.896 	95.56 	99.899 	83.491 	122.118 	147.022 
A,EXP,SCI,MIO_EUR,INT_EU27_2020,RO	105.904 	136.879 	139.461 	152.172 	170.094 	195.76 	207.539 	302.287 	372.728 	553.324 	787.672 	861.832 	964.629 	888.302 	1002.621 	1145.535 
A,EXP,SCI,MIO_EUR,INT_EU27_2020,SE	822.963 	813.815 	824.225 	971.945 	1044.641 	1029.9 	807.499 	674.382 	720.916 	765.671 	704.548 	709.983 	691.205 	667.411 	761.323 	791.071 
A,EXP,SCI,MIO_EUR,INT_EU27_2020,SI	104.38 	116.553 	105.398 	110.618 	150.612 	152.057 	146.226 	154.429 	163.91 	170.316 	187.434 	197.39 	183.186 	176.861 	213.073 	237.907 
A,EXP,SCI,MIO_EUR,INT_EU27_2020,SK	64.868 	79.615 	71.825 	74.685 	106.152 	190.915 	125.727 	108.393 	122.935 	157.58 	172.19 	166.084 	174.105 	136.959 	163.901 	225.899 
A,EXP,SCI,MIO_EUR,WORLD,AT	1533.711 	1581.165 	1368.563 	1640.769 	1808.021 	1908.535 	1967.173 	1984.99 	1924.422 	1877.742 	2049.124 	2224.454 	2349.828 	2210.066 	2535.56 	2647.846 
A,EXP,SCI,MIO_EUR,WORLD,BE	2019.559 	2203.496 	2480.702 	3257.438 	3652.065 	3656.496 	3987.821 	4780.186 	5551.13 	5310.572 	5313.116 	5210.15 	5780.007 	5404.723 	6227.597 	6823.928 
A,EXP,SCI,MIO_EUR,WORLD,BG	142.292 	150.695 	126.997 	158.367 	197.113 	170.352 	108.291 	120.182 	134.058 	177.305 	203.403 	225.391 	281.843 	323.059 	488.433 	520.03 
A,EXP,SCI,MIO_EUR,WORLD,CH	4915.669 	5258.082 	5347.462 	6256.828 	6043.147 	6363.71 	6540.026 	6643.135 	8321.517 	8609.865 	8591.493 	8665.724 	9275.404 	8990.352 	10029.082 	11408.676 
A,EXP,SCI,MIO_EUR,WORLD,CY	43.105 	67.873 	43.429 	29.71 	14.305 	11.864 	14.706 	14.241 	11.527 	11.424 	16.479 	16.684 	13.309 	13.79 	17.215 	21.644 
A,EXP,SCI,MIO_EUR,WORLD,CZ	642.66 	725.602 	669.406 	761.562 	990.461 	1070.913 	1099.865 	1127.997 	1297.575 	1386.263 	1622.074 	1858.167 	2055.848 	1919.828 	2322.47 	2854.833 
A,EXP,SCI,MIO_EUR,WORLD,DE	23017.555 	22664.094 	20517.051 	24806.916 	27915.557 	29127.56 	28926.433 	29457.486 	32094.223 	33294.638 	37033.327 	38223.618 	39895.895 	36360.993 	40356.423 	44135.463 
A,EXP,SCI,MIO_EUR,WORLD,DK	1703.792 	1789.716 	1637.284 	1832.342 	1988.693 	2040.596 	1610.28 	1830.599 	1918.93 	1995.72 	2069.879 	1990.841 	2043.403 	2187.569 	2428.421 	2635.786 
A,EXP,SCI,MIO_EUR,WORLD,EE	68.911 	81.76 	64.81 	94.994 	162.276 	141.128 	148.352 	157.556 	165.347 	181.378 	178.844 	200.027 	246.47 	307.032 	235.807 	327.65 
A,EXP,SCI,MIO_EUR,WORLD,EL	43.189 	56.103 	55.536 	52.967 	52.226 	69.817 	65.373 	61.483 	80.057 	59.115 	59.234 	70.653 	99.129 	116.913 	144.893 	217.253 
A,EXP,SCI,MIO_EUR,WORLD,ES	805.569 	735.221 	633.874 	759.032 	859.562 	1004.303 	937.901 	1190.521 	1377.648 	1350.022 	1386.287 	1395.731 	1529.736 	1404.643 	1548.534 	1646.587 
A,EXP,SCI,MIO_EUR,WORLD,EU27_2020	55216.419 	55921.125 	52185.984 	61619.888 	67421.661 	71270.798 	70905.807 	73774.403 	79581.518 	83302.505 	90471.117 	94033.248 	100007.21 	93140.372 	106041.581 	118967.405 
A,EXP,SCI,MIO_EUR,WORLD,FI	1029.177 	1048.762 	902.287 	1005.058 	1016.546 	1131.725 	1152.022 	1213.853 	1274.565 	1349.45 	1396.9 	1482.658 	1580.913 	1491.551 	1633.54 	1856.534 
A,EXP,SCI,MIO_EUR,WORLD,FR	7287.835 	7586.996 	7108.801 	8226.8 	8169.248 	8422.366 	8383.968 	8327.943 	8474.01 	8509.77 	8470.735 	8508.675 	9197.796 	8077.442 	7978.985 	8686.478 
A,EXP,SCI,MIO_EUR,WORLD,HR	77.127 	75.656 	64.353 	77.163 	77.509 	75.09 	84.376 	82.398 	85.541 	94.837 	100.795 	117.721 	119.92 	126.472 	150.147 	169.565 
A,EXP,SCI,MIO_EUR,WORLD,HU	1376.415 	1345.465 	1258.882 	1579.435 	1838.916 	1928.092 	2059.162 	2344.461 	1804.232 	1982.966 	2204.099 	1970.3 	1841.858 	1578.161 	1639.23 	1925.081 
A,EXP,SCI,MIO_EUR,WORLD,IE	2468.498 	2504.943 	3065.443 	3014.062 	3049.202 	3142.496 	3303.093 	3282.416 	3510.615 	4146.145 	4467.334 	4665.732 	4801.613 	4398.954 	5656.898 	6608.175 
A,EXP,SCI,MIO_EUR,WORLD,IS	45.36 	50.892 	39.455 	56.266 	60.293 	64.928 	54.805 	60.111 	80.174 	99.849 	110.707 	91.937 	94.421 	79.9 	92.576 	160.602 
A,EXP,SCI,MIO_EUR,WORLD,IT	2841.107 	2758.344 	2428.957 	2697.411 	2895.317 	3062.331 	3048.706 	3162.77 	3356.618 	3448.773 	3697.195 	3911.695 	4073.962 	3859.771 	4665.029 	5412.643 
A,EXP,SCI,MIO_EUR,WORLD,LT	117.315 	260.892 	94.773 	113.688 	134.575 	176.886 	181.776 	205.871 	255.593 	270.348 	343.495 	376.309 	453.456 	500.734 	559.837 	515.1 
A,EXP,SCI,MIO_EUR,WORLD,LU	116.438 	124.264 	109.451 	139.572 	153.422 	137.515 	128.732 	139.631 	127.204 	131.103 	138.902 	148.354 	143.178 	131.613 	136.233 	142.978 
A,EXP,SCI,MIO_EUR,WORLD,LV	31.136 	45.976 	27.695 	51.568 	57.81 	72.288 	81.983 	82.762 	105.849 	78.396 	97.811 	126.09 	115.477 	117.009 	169.906 	206.303 
A,EXP,SCI,MIO_EUR,WORLD,MT	4.986 	5.146 	4.153 	5.207 	7.202 	8.701 	8.082 	9.434 	12.546 	8.649 	13.651 	24.768 	21.238 	34.438 	22.631 	28.169 
A,EXP,SCI,MIO_EUR,WORLD,NL	7006.892 	7128.988 	6638.679 	7832.304 	8540.085 	9820.274 	9641.162 	10083.575 	11464.067 	12729.041 	13914.164 	15209.638 	16694.426 	16071.601 	19353.678 	22563.567 
A,EXP,SCI,MIO_EUR,WORLD,NO	868.796 	992.759 	853.024 	928.12 	1078.807 	1215.488 	1248.725 	1303.193 	1543.056 	1285.578 	647.42 	647.546 	799.036 	751.556 	718.839 	799.463 
A,EXP,SCI,MIO_EUR,WORLD,PL	364.677 	464.596 	398.146 	565.534 	707.055 	763.361 	924.208 	1079.635 	1315.302 	1369.885 	1842.41 	2176.163 	2467.457 	2537.004 	3265.058 	3838.084 
A,EXP,SCI,MIO_EUR,WORLD,PT	101.069 	97.346 	88.785 	111.893 	120.701 	123.493 	135.721 	159.034 	145.686 	123.52 	135.24 	141.688 	148.828 	127.497 	179.343 	215.582 
A,EXP,SCI,MIO_EUR,WORLD,RO	138.311 	171.122 	167.296 	185.608 	215.277 	264.448 	312.884 	437.556 	562.876 	769.53 	1063.624 	1163.371 	1254.603 	1198.51 	1268.86 	1507.829 
A,EXP,SCI,MIO_EUR,WORLD,SE	1941.248 	1910.963 	1967.665 	2323.486 	2419.006 	2461.177 	2163.583 	2010.849 	2061.176 	2121.471 	2054.94 	2001.296 	2196.4 	2151.8 	2461.321 	2720.883 
A,EXP,SCI,MIO_EUR,WORLD,SI	148.691 	161.096 	148.141 	164.641 	211.392 	209.364 	215.78 	230.827 	246.675 	265.237 	299.407 	310.182 	307.347 	276.519 	332.138 	373.014 
A,EXP,SCI,MIO_EUR,WORLD,SK	145.155 	174.846 	114.827 	132.36 	168.116 	269.627 	214.374 	196.147 	224.044 	259.205 	298.647 	282.893 	293.271 	212.68 	263.392 	366.399 
A,EXP,TOT_HT,MIO_EUR,EXT_EU27_2020,AT	4971.797 	5326.052 	4836.058 	5703.254 	6284.011 	6843.548 	7095.709 	7582.958 	7949.258 	8306.846 	8369.422 	8294.33 	8307.088 	8231.295 	8942.684 	10002.194 
A,EXP,TOT_HT,MIO_EUR,EXT_EU27_2020,BE	7850.717 	7960.163 	8968.516 	10627.123 	10654.512 	14479.082 	14191.467 	16188.552 	18067.947 	18004.736 	17828.555 	19101.317 	23486.85 	25003.266 	40331.161 	46100.327 
A,EXP,TOT_HT,MIO_EUR,EXT_EU27_2020,BG	176.137 	208.978 	226.364 	241.736 	290.937 	337.537 	384.884 	410.341 	477.937 	581.906 	634.514 	724.468 	757.748 	742.437 	846.741 	1051.274 
A,EXP,TOT_HT,MIO_EUR,EXT_EU27_2020,CH	8600.094 	9343.414 	9862.68 	12875.434 	13857.373 	15758.711 	16897.483 	17654.767 	23547.373 	24004.458 	25662.859 	26657.2 	31501.302 	32795.957 	34778.418 	43408.72 
A,EXP,TOT_HT,MIO_EUR,EXT_EU27_2020,CY	31.511 	31.34 	45.761 	52.408 	63.932 	82.224 	213.988 	51.807 	50.517 	49.559 	123.664 	134.049 	71.827 	68.361 	86.006 	104.038 
A,EXP,TOT_HT,MIO_EUR,EXT_EU27_2020,CZ	3669.667 	3973.103 	3561.605 	4565.132 	5323.419 	6085.405 	5906.222 	6394.813 	6582.527 	6506.343 	6949.083 	7545.554 	8289.966 	8289.697 	8146.57 	9707.446 
A,EXP,TOT_HT,MIO_EUR,EXT_EU27_2020,DE	60456.313 	58966.219 	55901.377 	65722.321 	71441.714 	83061.488 	84592.492 	87479.607 	98825.264 	101660.202 	104562.174 	108429.388 	114468.464 	100073.112 	110872.808 	126875.536 
A,EXP,TOT_HT,MIO_EUR,EXT_EU27_2020,DK	4156.506 	4246.823 	4435.737 	3459.149 	3998.791 	4514.194 	4450.454 	4731.938 	5489.211 	5294.895 	4826.157 	4729.878 	5428 	5902.429 	7376.409 	8357.207 
A,EXP,TOT_HT,MIO_EUR,EXT_EU27_2020,EE	106.31 	121.174 	98.727 	148.463 	522.977 	481.421 	424.951 	418.452 	366.149 	515.891 	449.368 	814.058 	807.936 	1140.066 	1496.727 	1235.073 
A,EXP,TOT_HT,MIO_EUR,EXT_EU27_2020,EL	309.173 	523.014 	921.038 	481.265 	432.725 	293.56 	257.123 	329.728 	340.892 	319.85 	388.301 	376.001 	374.529 	451.609 	449.21 	540.932 
A,EXP,TOT_HT,MIO_EUR,EXT_EU27_2020,ES	3559.356 	3738.257 	3440.618 	3744.569 	4698.177 	5456.533 	7473.837 	7280.793 	7933.499 	8274.972 	8401.552 	7972.752 	8630.639 	6966.498 	7588.363 	8944.25 
A,EXP,TOT_HT,MIO_EUR,EXT_EU27_2020,EU27_2020	204537.841 	206464.432 	187573.53 	215827.103 	234258.705 	259228.654 	260352.039 	266510.2 	301012.174 	307714.945 	332549.003 	347978.146 	381638.104 	342169.095 	384895.283 	445428.545 
A,EXP,TOT_HT,MIO_EUR,EXT_EU27_2020,FI	7139.904 	6451.158 	3351.891 	3110.242 	2899.505 	2646.611 	2154.441 	2394.341 	2110.599 	2163.626 	2329.159 	2452.496 	2737.024 	2419.891 	2740.13 	3151.101 
A,EXP,TOT_HT,MIO_EUR,EXT_EU27_2020,FR	38897.919 	42500.549 	37074.694 	43708.767 	46026.231 	51477.95 	51599.834 	51926.523 	59380.283 	58039.499 	63409.979 	64231.691 	69564.508 	45433.708 	50135.502 	57401.671 
A,EXP,TOT_HT,MIO_EUR,EXT_EU27_2020,HR	274.695 	287.251 	270.613 	266.239 	264.174 	412.677 	376.705 	377.483 	346.104 	597.773 	665.435 	422.461 	412.662 	505.673 	483.666 	551.915 
A,EXP,TOT_HT,MIO_EUR,EXT_EU27_2020,HU	6122.186 	6653.124 	5803.28 	7638.957 	8566.639 	6402.593 	5453.254 	3818.013 	3978.817 	4049.044 	4217.615 	4358.067 	5146.963 	4995.468 	5138.153 	6175.995 
A,EXP,TOT_HT,MIO_EUR,EXT_EU27_2020,IE	12838.763 	12146.343 	10568.776 	10139.628 	12048.904 	9232.833 	9333.043 	10226.99 	16364.438 	22681.804 	27957.736 	33393.659 	42509.352 	44015.904 	49020.247 	54161.68 
A,EXP,TOT_HT,MIO_EUR,EXT_EU27_2020,IS	280.919 	274.679 	88.012 	91.792 	48.043 	47.488 	40.53 	44.059 	59.666 	74.832 	77.474 	66.421 	219.587 	72.257 	83.736 	141.369 
A,EXP,TOT_HT,MIO_EUR,EXT_EU27_2020,IT	11670.881 	12356.679 	11541.595 	12593.519 	13699.739 	14187.786 	15048.719 	15148.888 	15732.368 	15832.377 	18284.913 	18802.045 	19712.964 	18424.487 	19819.524 	25290.951 
A,EXP,TOT_HT,MIO_EUR,EXT_EU27_2020,LT	266.773 	483.859 	230.371 	284.743 	328.557 	489.679 	554.804 	708.096 	742.261 	768.057 	942.857 	998.591 	1153.104 	1126.07 	1106.272 	1248.829 
A,EXP,TOT_HT,MIO_EUR,EXT_EU27_2020,LU	1019.774 	1122.966 	1574.45 	1840.139 	1823.042 	1726.869 	972.65 	494.349 	548.983 	555.918 	160.826 	169.042 	403.868 	137.267 	232.472 	269.831 
A,EXP,TOT_HT,MIO_EUR,EXT_EU27_2020,LV	134.606 	133.852 	114.883 	126.488 	324.498 	279.939 	278.066 	322.801 	417.157 	394.385 	613.357 	820.846 	507.123 	617.654 	612.42 	687.58 
A,EXP,TOT_HT,MIO_EUR,EXT_EU27_2020,MT	730.564 	656.948 	523.961 	667.139 	783.397 	834.477 	671.767 	503.137 	459.973 	413.868 	385.495 	397.31 	395.047 	381.758 	386.751 	514.984 
A,EXP,TOT_HT,MIO_EUR,EXT_EU27_2020,NL	26314.029 	23379.042 	21554.525 	24516.998 	26088.245 	33628.768 	32216.974 	32805.477 	36708.739 	34430.999 	42059.189 	44541.099 	46682.447 	45956.852 	45929.698 	52425.978 
A,EXP,TOT_HT,MIO_EUR,EXT_EU27_2020,NO	1207.435 	1346.031 	1218.519 	1433.79 	1498.531 	1604.092 	1550.766 	1737.826 	1897.05 	1833.858 	1093.248 	1065.948 	1154.317 	1277.668 	1207.407 	1647.665 
A,EXP,TOT_HT,MIO_EUR,EXT_EU27_2020,PL	1232.776 	1687.986 	2092.026 	2716.381 	2599.677 	3736.219 	4239.132 	4545.145 	5067.139 	5200.894 	5912.027 	6541.414 	7614.582 	7561.513 	8772.528 	11935.263 
A,EXP,TOT_HT,MIO_EUR,EXT_EU27_2020,PT	1927.759 	1762.089 	582.697 	552.391 	667.28 	676.744 	727.562 	857.331 	979.586 	1084.924 	1353.982 	1133.292 	1400.491 	1081.639 	957.147 	1167.376 
A,EXP,TOT_HT,MIO_EUR,EXT_EU27_2020,RO	272.324 	512.51 	751.819 	1347.999 	1470.861 	530.256 	611.502 	700.822 	798.973 	891.228 	1034.132 	1182.17 	1303.254 	1237.125 	1303.67 	1810.805 
A,EXP,TOT_HT,MIO_EUR,EXT_EU27_2020,SE	9442.413 	10176.056 	8195.12 	10590.796 	11759.464 	9707.419 	9261.362 	9134.849 	9506.304 	9334.163 	8841.037 	8444.479 	9198.44 	8951.665 	9518.176 	12308.768 
A,EXP,TOT_HT,MIO_EUR,EXT_EU27_2020,SI	508.001 	540.653 	422.483 	411.549 	555.248 	628.331 	641.828 	558.907 	655.201 	671.746 	697.257 	861.584 	1116.82 	1318.111 	1442.406 	1845.699 
A,EXP,TOT_HT,MIO_EUR,EXT_EU27_2020,SK	456.985 	518.246 	484.543 	569.708 	642.049 	994.513 	1219.27 	1118.057 	1132.05 	1089.438 	1151.213 	1106.105 	1156.408 	1135.538 	1159.845 	1561.842 
A,EXP,TOT_HT,MIO_EUR,INT_EU27_2020,AT	6729.392 	7914.241 	6582.976 	7839.127 	7912.774 	9657.254 	11602.619 	11676.091 	11553.035 	10764.393 	13614.975 	13342.139 	13847.735 	13762.573 	15024.699 	16852.787 
A,EXP,TOT_HT,MIO_EUR,INT_EU27_2020,BE	12987.894 	13840.419 	14393.909 	15212.799 	15687.816 	15245.108 	16548.485 	18292.029 	18677.534 	17960.869 	19306.334 	21349.654 	24230.576 	26068.151 	39102.879 	45170.279 
A,EXP,TOT_HT,MIO_EUR,INT_EU27_2020,BG	295.496 	334.258 	308.1 	402.058 	467.178 	455.994 	499.519 	458.669 	534.394 	653.34 	857.343 	990.27 	1125.71 	1159.246 	1384.093 	1551.772 
A,EXP,TOT_HT,MIO_EUR,INT_EU27_2020,CH	13756.802 	14520.617 	14202.183 	17127.558 	17525.436 	18540.061 	18787.07 	19895.113 	22811.405 	24025.965 	23909.793 	21500.661 	23885.256 	25430.272 	32506.828 	31503.138 
A,EXP,TOT_HT,MIO_EUR,INT_EU27_2020,CY	117.395 	180.606 	135.179 	152.099 	129.77 	76.581 	61.515 	71.948 	272.138 	134.187 	171.177 	278.189 	69.715 	66.127 	90.651 	104.664 
A,EXP,TOT_HT,MIO_EUR,INT_EU27_2020,CZ	8958.028 	10142.235 	8769.296 	11558.107 	13913.372 	13579.641 	12525.091 	13773.001 	15549.058 	15610.979 	18949.007 	23021.624 	25414.249 	26296.245 	27062.733 	34472.1 
A,EXP,TOT_HT,MIO_EUR,INT_EU27_2020,DE	64753.428 	63337.556 	56740.105 	67473.132 	71683.105 	72160.652 	70658.539 	73030.621 	79151.693 	81708.714 	88955.089 	92795.524 	94744.27 	85651.724 	97923.449 	104514.794 
A,EXP,TOT_HT,MIO_EUR,INT_EU27_2020,DK	4629.46 	4268.494 	3878.777 	3303.071 	3446.736 	3273.92 	3314.899 	3609.857 	3824.531 	3902.108 	3955.265 	4070.891 	4318.541 	4975.742 	5451.414 	5874.548 
A,EXP,TOT_HT,MIO_EUR,INT_EU27_2020,EE	521.288 	516.743 	351.755 	763.206 	1257.429 	1287.546 	1410.536 	1549.095 	1430.292 	1339.754 	1097.81 	851.472 	786.216 	793.216 	841.686 	1060.804 
A,EXP,TOT_HT,MIO_EUR,INT_EU27_2020,EL	505.695 	508.445 	463.507 	564.918 	546.342 	492.249 	414.301 	669.228 	788.617 	946.4 	852.451 	1129.234 	1243.307 	1347.282 	1496.535 	2174.764 
A,EXP,TOT_HT,MIO_EUR,INT_EU27_2020,ES	4272.474 	4227.837 	4352.79 	5374.774 	5884.978 	5990.858 	5551.088 	5325.489 	5958.018 	7045.694 	7843.423 	8173.398 	8790.36 	9337.426 	15335.803 	24693.515 
A,EXP,TOT_HT,MIO_EUR,INT_EU27_2020,EU27_2020	231625.435 	235094.401 	217723.664 	253946.823 	261770.284 	276212.863 	272646.865 	288696.663 	313840.151 	325104.556 	350848.948 	371131.759 	389198.42 	389844.791 	449211.821 	532600.27 
A,EXP,TOT_HT,MIO_EUR,INT_EU27_2020,FI	4368.181 	4914.339 	2898.467 	2130.289 	1639.765 	1518.067 	1309.994 	1336.479 	1677.395 	1417.6 	1640.726 	1455.964 	1398.195 	1506.09 	1977.819 	1984.042 
A,EXP,TOT_HT,MIO_EUR,INT_EU27_2020,FR	29162.677 	31120.547 	31606.65 	36902.437 	34173.256 	37135.676 	37699.381 	39123.241 	39648.872 	40195.492 	34060.837 	36619.13 	39814.393 	33588.623 	35290.8 	43408.968 
A,EXP,TOT_HT,MIO_EUR,INT_EU27_2020,HR	310.208 	352.506 	299.111 	353.145 	294.567 	278.627 	373.569 	308.317 	479.317 	609.689 	641.378 	763.65 	831.709 	886.235 	954.835 	1111.677 
A,EXP,TOT_HT,MIO_EUR,INT_EU27_2020,HU	8622.292 	8226.34 	7393.855 	7973.017 	8259.586 	7521.741 	7723.86 	8237.24 	9633.413 	10591.164 	11847.987 	12023.134 	12836.926 	12735.689 	12772.581 	15128.155 
A,EXP,TOT_HT,MIO_EUR,INT_EU27_2020,IE	9981.599 	8609.483 	7782.002 	7106.004 	7389.083 	10823.283 	9034.639 	8811.722 	10832.649 	11253.201 	14035.496 	15294.558 	15933.774 	23045.121 	21101.525 	32225.362 
A,EXP,TOT_HT,MIO_EUR,INT_EU27_2020,IS	278.361 	20.913 	98.057 	15.592 	62.278 	26.632 	20.994 	29.429 	35.868 	46.1 	68.173 	53.131 	59.469 	60.274 	127.857 	172.428 
A,EXP,TOT_HT,MIO_EUR,INT_EU27_2020,IT	10219.395 	9579.023 	8307.398 	9497.589 	10543.29 	10612.546 	10880.471 	11609.709 	12954.965 	13899.089 	15673.403 	16923.419 	18328.238 	17858.381 	20637.305 	24776.438 
A,EXP,TOT_HT,MIO_EUR,INT_EU27_2020,LT	651.217 	564.099 	458.304 	659.856 	809.016 	843.811 	879.836 	887.744 	989.679 	1004.099 	1192.345 	1252.153 	1277.922 	1334.348 	1668.137 	2202.736 
A,EXP,TOT_HT,MIO_EUR,INT_EU27_2020,LU	4487.523 	5097.354 	4838.188 	2514.08 	2040.422 	2187.175 	2063.885 	2330.207 	2520.014 	1631.11 	811.867 	817.603 	1738.17 	461.447 	579.536 	637.35 
A,EXP,TOT_HT,MIO_EUR,INT_EU27_2020,LV	145.318 	185.607 	179.3 	217.962 	308.67 	425.947 	598.404 	734.633 	783.559 	720.238 	691.668 	828.337 	888.113 	1049.243 	1102.947 	1309.833 
A,EXP,TOT_HT,MIO_EUR,INT_EU27_2020,MT	343.44 	249.098 	197.857 	223.978 	164.46 	145.484 	111.941 	129.365 	108.307 	112.073 	183.329 	253.244 	278.347 	357.367 	258.775 	449.719 
A,EXP,TOT_HT,MIO_EUR,INT_EU27_2020,NL	47140.583 	46709.704 	44066.035 	56021.01 	56966.532 	62150.127 	57341.598 	61524.473 	67976.086 	73914.802 	82677.935 	85887.385 	85965.8 	90897.954 	108416.122 	125345.832 
A,EXP,TOT_HT,MIO_EUR,INT_EU27_2020,NO	987.507 	1035.29 	987.871 	1042.608 	1256.378 	1047.205 	989.881 	1139.072 	965.816 	1432.499 	631.583 	643.326 	667.896 	579.183 	681.169 	783.078 
A,EXP,TOT_HT,MIO_EUR,INT_EU27_2020,PL	1875.414 	3261.523 	3492.685 	4572.33 	4367.829 	4857.517 	6034.769 	8576.731 	10116.259 	10456.619 	11541.221 	12068.228 	13067.838 	13896.462 	16492.109 	19403.868 
A,EXP,TOT_HT,MIO_EUR,INT_EU27_2020,PT	687.344 	704.514 	576.192 	577.838 	647.8 	815.663 	881.162 	884.151 	909.686 	1134.853 	1145.647 	1167.231 	1823.099 	1872.4 	2059.718 	2891.764 
A,EXP,TOT_HT,MIO_EUR,INT_EU27_2020,RO	762.98 	1306.773 	1637.34 	2321.631 	2521.589 	2307.792 	2154.044 	2676.159 	3204.352 	3860.286 	3929.075 	4476.674 	4957.364 	4887.149 	5363.213 	6368.245 
A,EXP,TOT_HT,MIO_EUR,INT_EU27_2020,SE	6917.982 	6286.615 	5535.318 	6731.455 	6796.67 	7528.318 	7201.571 	6868.703 	7574.868 	7514.137 	7245.685 	7403 	7885.19 	8540.165 	8807.69 	10179.973 
A,EXP,TOT_HT,MIO_EUR,INT_EU27_2020,SI	506.926 	664.028 	610.646 	755.645 	767.39 	674.95 	763.083 	890.007 	1035.086 	1027.344 	1197.363 	1306.079 	1494.66 	1664.732 	1994.6 	2602.37 
A,EXP,TOT_HT,MIO_EUR,INT_EU27_2020,SK	1671.808 	1992.014 	1867.922 	2745.268 	3150.857 	4166.339 	5008.068 	5311.754 	5656.336 	5696.318 	6730.112 	6589.573 	6108.002 	5805.653 	6020.167 	6103.912 
A,EXP,TOT_HT,MIO_EUR,WORLD,AT	11701.189 	13240.293 	11419.034 	13542.381 	14196.785 	16500.802 	18698.328 	19259.049 	19502.293 	19071.239 	21984.397 	21636.469 	22154.823 	21993.868 	23967.383 	26854.981 
A,EXP,TOT_HT,MIO_EUR,WORLD,BE	20838.611 	21800.582 	23362.425 	25839.922 	26342.328 	29724.19 	30739.952 	34480.581 	36745.48 	35965.605 	37134.889 	40450.971 	47717.427 	51071.418 	79434.039 	91270.605 
A,EXP,TOT_HT,MIO_EUR,WORLD,BG	471.633 	543.235 	534.463 	643.795 	758.115 	793.531 	884.403 	869.011 	1012.332 	1235.246 	1491.857 	1714.738 	1883.458 	1901.684 	2230.834 	2603.046 
A,EXP,TOT_HT,MIO_EUR,WORLD,CH	22356.896 	23864.031 	24064.862 	30002.992 	31382.809 	34298.772 	35684.553 	37549.881 	46358.778 	48030.423 	49572.651 	48157.861 	55386.558 	58226.23 	67285.246 	74911.858 
A,EXP,TOT_HT,MIO_EUR,WORLD,CY	148.906 	211.946 	180.94 	204.507 	193.702 	158.804 	275.503 	123.754 	322.655 	183.747 	294.841 	412.238 	141.542 	134.488 	176.657 	208.701 
A,EXP,TOT_HT,MIO_EUR,WORLD,CZ	12627.695 	14115.338 	12330.902 	16123.239 	19236.791 	19665.046 	18431.312 	20167.814 	22131.585 	22117.323 	25898.09 	30567.178 	33704.216 	34585.942 	35209.303 	44179.546 
A,EXP,TOT_HT,MIO_EUR,WORLD,DE	125209.741 	122303.775 	112641.482 	133195.453 	143124.819 	155222.14 	155251.031 	160510.228 	177976.958 	183368.916 	193517.263 	201224.912 	209212.734 	185724.836 	208796.257 	231390.33 
A,EXP,TOT_HT,MIO_EUR,WORLD,DK	8785.966 	8515.317 	8314.513 	6762.22 	7445.527 	7788.114 	7765.353 	8341.795 	9313.742 	9197.003 	8781.422 	8800.768 	9746.541 	10878.17 	12827.823 	14231.755 
A,EXP,TOT_HT,MIO_EUR,WORLD,EE	627.598 	637.917 	450.483 	911.669 	1780.406 	1768.967 	1835.486 	1967.548 	1796.441 	1855.645 	1547.178 	1665.53 	1594.152 	1933.283 	2338.413 	2295.877 
A,EXP,TOT_HT,MIO_EUR,WORLD,EL	814.868 	1031.459 	1384.545 	1046.183 	979.067 	785.809 	671.423 	998.956 	1129.508 	1266.251 	1240.752 	1505.234 	1617.836 	1798.891 	1945.745 	2715.696 
A,EXP,TOT_HT,MIO_EUR,WORLD,ES	7831.83 	7966.094 	7793.408 	9119.342 	10583.155 	11447.391 	13024.925 	12606.282 	13891.517 	15320.666 	16244.975 	16146.15 	17420.999 	16303.924 	22924.167 	33637.765 
A,EXP,TOT_HT,MIO_EUR,WORLD,EU27_2020	436163.276 	441558.833 	405297.194 	469773.926 	496028.989 	535441.518 	532998.905 	555206.863 	614852.326 	632819.501 	683397.951 	719109.905 	770836.523 	732013.886 	834107.104 	978028.815 
A,EXP,TOT_HT,MIO_EUR,WORLD,FI	11508.085 	11365.497 	6250.359 	5240.531 	4539.27 	4164.678 	3464.434 	3730.82 	3787.994 	3581.226 	3969.885 	3908.46 	4135.218 	3925.982 	4717.948 	5135.143 
A,EXP,TOT_HT,MIO_EUR,WORLD,FR	68060.596 	73621.096 	68681.344 	80611.203 	80199.487 	88613.626 	89299.215 	91049.764 	99029.155 	98234.992 	97470.817 	100850.821 	109378.902 	79022.331 	85426.302 	100810.64 
A,EXP,TOT_HT,MIO_EUR,WORLD,HR	584.903 	639.757 	569.725 	619.384 	558.741 	691.303 	750.274 	685.8 	825.422 	1207.463 	1306.813 	1186.111 	1244.371 	1391.908 	1438.5 	1663.593 
A,EXP,TOT_HT,MIO_EUR,WORLD,HU	14744.479 	14879.464 	13197.134 	15611.973 	16826.225 	13924.333 	13177.114 	12055.254 	13612.229 	14640.208 	16065.603 	16381.201 	17983.889 	17731.157 	17910.734 	21304.15 
A,EXP,TOT_HT,MIO_EUR,WORLD,IE	22820.362 	20755.826 	18350.777 	17245.632 	19437.987 	20056.116 	18367.683 	19038.711 	27197.088 	33935.005 	41993.232 	48688.217 	58443.126 	67061.025 	70121.772 	86387.042 
A,EXP,TOT_HT,MIO_EUR,WORLD,IS	559.28 	295.591 	186.07 	107.383 	110.322 	74.12 	61.525 	73.488 	95.534 	120.932 	145.646 	119.553 	279.057 	132.531 	211.593 	313.797 
A,EXP,TOT_HT,MIO_EUR,WORLD,IT	21890.275 	21935.701 	19848.993 	22091.108 	24243.028 	24800.332 	25929.189 	26758.596 	28687.333 	29731.466 	33958.317 	35725.464 	38041.201 	36282.868 	40456.829 	50067.388 
A,EXP,TOT_HT,MIO_EUR,WORLD,LT	917.99 	1047.958 	688.676 	944.598 	1137.573 	1333.49 	1434.641 	1595.839 	1731.94 	1772.157 	2135.202 	2250.744 	2431.026 	2460.418 	2774.409 	3451.564 
A,EXP,TOT_HT,MIO_EUR,WORLD,LU	5507.297 	6220.32 	6412.638 	4354.219 	3863.464 	3914.043 	3036.536 	2824.556 	3068.997 	2187.029 	972.693 	986.645 	2142.038 	598.715 	812.008 	907.181 
A,EXP,TOT_HT,MIO_EUR,WORLD,LV	279.924 	319.46 	294.184 	344.45 	633.168 	705.886 	876.469 	1057.434 	1200.715 	1114.623 	1305.025 	1649.184 	1395.237 	1666.897 	1715.366 	1997.414 
A,EXP,TOT_HT,MIO_EUR,WORLD,MT	1074.004 	906.046 	721.818 	891.116 	947.857 	979.961 	783.708 	632.502 	568.28 	525.941 	568.824 	650.554 	673.394 	739.125 	645.526 	964.703 
A,EXP,TOT_HT,MIO_EUR,WORLD,NL	73454.612 	70088.746 	65620.56 	80538.008 	83054.777 	95778.895 	89558.572 	94329.95 	104684.824 	108345.801 	124737.124 	130428.485 	132648.247 	136854.806 	154345.82 	177771.81 
A,EXP,TOT_HT,MIO_EUR,WORLD,NO	2194.941 	2381.321 	2206.389 	2476.398 	2754.909 	2651.297 	2540.647 	2876.897 	2862.866 	3266.357 	1724.831 	1709.275 	1822.213 	1856.851 	1888.576 	2430.743 
A,EXP,TOT_HT,MIO_EUR,WORLD,PL	3108.19 	4949.509 	5584.711 	7288.711 	6967.506 	8593.735 	10273.902 	13121.876 	15183.398 	15657.513 	17453.249 	18609.642 	20682.42 	21457.975 	25264.637 	31339.131 
A,EXP,TOT_HT,MIO_EUR,WORLD,PT	2615.103 	2466.603 	1158.889 	1130.229 	1315.08 	1492.407 	1608.723 	1741.483 	1889.272 	2219.777 	2499.629 	2300.524 	3223.589 	2954.039 	3016.864 	4059.14 
A,EXP,TOT_HT,MIO_EUR,WORLD,RO	1035.304 	1819.282 	2389.158 	3669.631 	3992.45 	2838.047 	2765.546 	3376.981 	4003.325 	4751.514 	4963.207 	5658.843 	6260.619 	6124.274 	6666.883 	8179.05 
A,EXP,TOT_HT,MIO_EUR,WORLD,SE	16360.395 	16462.672 	13730.438 	17322.251 	18556.134 	17235.737 	16462.933 	16003.552 	17081.172 	16848.301 	16086.722 	15847.48 	17083.629 	17491.83 	18325.866 	22488.741 
A,EXP,TOT_HT,MIO_EUR,WORLD,SI	1014.928 	1204.681 	1033.128 	1167.194 	1322.638 	1303.281 	1404.911 	1448.914 	1690.287 	1699.089 	1894.62 	2167.663 	2611.481 	2982.843 	3437.006 	4448.069 
A,EXP,TOT_HT,MIO_EUR,WORLD,SK	2128.793 	2510.26 	2352.466 	3314.976 	3792.906 	5160.851 	6227.338 	6429.811 	6788.385 	6785.756 	7881.325 	7695.678 	7264.41 	6941.19 	7180.012 	7665.753 
A,IMP,AER,MIO_EUR,EXT_EU27_2020,AT	624.921 	643.269 	473.811 	394.752 	319.958 	442.391 	434.124 	532.069 	356.387 	196.24 	409.844 	419.058 	958.621 	624.119 	329.146 	314.823 
A,IMP,AER,MIO_EUR,EXT_EU27_2020,BE	575.785 	673.109 	597.909 	372.017 	463.904 	473.873 	458.026 	661.849 	562.879 	967.237 	989.608 	1202.722 	957.385 	842.565 	915.093 	908.264 
A,IMP,AER,MIO_EUR,EXT_EU27_2020,BG	39.786 	34.178 	16.576 	17.925 	29.227 	145.618 	32.379 	41.357 	11.33 	31.353 	60.044 	50.498 	31.799 	57.343 	52.541 	137.098 
A,IMP,AER,MIO_EUR,EXT_EU27_2020,CH	1020.762 	230.174 	147.297 	149.988 	123.88 	170.231 	210.836 	255.3 	848.092 	2850.263 	2033.536 	2170.526 	1748.57 	1052.005 	975.948 	900.069 
A,IMP,AER,MIO_EUR,EXT_EU27_2020,CY	0.842 	11.985 	3.809 	5.144 	85.381 	2.262 	1.306 	17.273 	13.078 	123.496 	164.305 	82.938 	90.02 	83.577 	231.225 	5.274 
A,IMP,AER,MIO_EUR,EXT_EU27_2020,CZ	222.946 	164.13 	156.758 	268.732 	180.42 	307.216 	174.215 	295.744 	171.246 	236.389 	431.092 	787.718 	422.496 	196.233 	303.539 	546.01 
A,IMP,AER,MIO_EUR,EXT_EU27_2020,DE	4991.668 	4806.735 	5188.594 	5615.771 	5841.803 	7780.134 	7444.712 	7206.619 	8380.765 	7633.293 	7580.124 	10106.046 	13241.565 	9295.401 	10389.747 	12220.545 
A,IMP,AER,MIO_EUR,EXT_EU27_2020,DK	674.52 	619.729 	758.525 	346.312 	137.744 	298.344 	158.166 	398.457 	247.099 	259.8 	210.003 	334.447 	198.191 	89.961 	429.744 	300.412 
A,IMP,AER,MIO_EUR,EXT_EU27_2020,EE	11.436 	11.295 	20.933 	3.508 	65.385 	1.781 	5.251 	9.146 	2.803 	17.391 	4.904 	23.872 	22.225 	22.499 	42.042 	21.85 
A,IMP,AER,MIO_EUR,EXT_EU27_2020,EL	280.497 	471.349 	1134.033 	659.531 	68.23 	52.715 	34.064 	13.856 	39.18 	91.4 	43.528 	31.917 	83.606 	12.102 	42.447 	173.821 
A,IMP,AER,MIO_EUR,EXT_EU27_2020,ES	1809.978 	1436.666 	484.24 	837.3 	890.36 	1139.281 	1173.546 	849.69 	984.852 	2085.013 	3151.849 	1935.866 	2149.599 	1569.666 	1809.705 	2816.468 
A,IMP,AER,MIO_EUR,EXT_EU27_2020,EU27_2020	22023.061 	21518.189 	23270.109 	22456.734 	24415.217 	30222.487 	27504.92 	27397.868 	32444.727 	40600.159 	43248.101 	49738.968 	54321.138 	34043.607 	38829.173 	49854.811 
A,IMP,AER,MIO_EUR,EXT_EU27_2020,FI	231.44 	140.295 	157.989 	111.722 	82.908 	134.023 	222.037 	188.266 	114.303 	78.976 	111.608 	112.585 	114.819 	110.105 	125.815 	168.543 
A,IMP,AER,MIO_EUR,EXT_EU27_2020,FR	6873.372 	6341.333 	6448.532 	6167.258 	6566.43 	7079.061 	7335.262 	7397.586 	9818.376 	12370.261 	12095.031 	13049.56 	15854.512 	8404.46 	8899.774 	13420.542 
A,IMP,AER,MIO_EUR,EXT_EU27_2020,HR	32.53 	93.947 	71.181 	71.313 	12.347 	14.76 	10.206 	11.103 	19.489 	20.574 	13.216 	10.834 	11.064 	3.323 	38.547 	83.376 
A,IMP,AER,MIO_EUR,EXT_EU27_2020,HU	10.3 	21.154 	54.64 	52.484 	47.898 	45.532 	64.983 	76.312 	67.774 	80.004 	85.175 	92.66 	140.411 	189.341 	88.539 	67.449 
A,IMP,AER,MIO_EUR,EXT_EU27_2020,IE	1975.583 	1850.43 	3228.151 	3905.78 	5010.606 	5975.637 	4495.711 	4557.922 	4842.087 	7325.784 	8923.538 	12683.497 	10024.804 	6781.105 	7532.352 	7309.437 
A,IMP,AER,MIO_EUR,EXT_EU27_2020,IS	293.072 	141.014 	80.762 	36.244 	63.211 	132.719 	35.738 	47.643 	114.531 	196.759 	21.275 	112.678 	51.666 	31.926 	125.234 	53.549 
A,IMP,AER,MIO_EUR,EXT_EU27_2020,IT	1005.486 	971.201 	825.179 	602.986 	922.314 	813.007 	777.752 	801.801 	1187.318 	1072.939 	991.482 	1064.394 	1123.747 	737.56 	965.371 	1144.801 
A,IMP,AER,MIO_EUR,EXT_EU27_2020,LT	91.179 	79.002 	14.903 	28.399 	30.455 	28.347 	55.37 	51.731 	32.494 	44.713 	49.384 	32.42 	36.572 	22.268 	58.639 	80.934 
A,IMP,AER,MIO_EUR,EXT_EU27_2020,LU	644.031 	411.257 	284.398 	212.665 	600.666 	1332.34 	1108.85 	861.846 	1082.715 	796.968 	605.557 	276.262 	342.221 	233.154 	564.864 	414.296 
A,IMP,AER,MIO_EUR,EXT_EU27_2020,LV	2.506 	1.924 	1.929 	52.967 	14.441 	7.306 	7.244 	7.001 	17.866 	70.945 	394.762 	855.878 	595.488 	269.134 	607.388 	700.279 
A,IMP,AER,MIO_EUR,EXT_EU27_2020,MT	3.228 	34.903 	163.278 	131.256 	180.233 	107.513 	116.463 	318.61 	335.959 	718.539 	274.749 	186.487 	231.778 	270.705 	489.363 	1039.934 
A,IMP,AER,MIO_EUR,EXT_EU27_2020,NL	1040.651 	1586.45 	2146.843 	1489.148 	1502.548 	1793.077 	1400.388 	1256.527 	2411.622 	3839.393 	3658.328 	3264.699 	4060.514 	2137.156 	2239.112 	3593.538 
A,IMP,AER,MIO_EUR,EXT_EU27_2020,NO	361.623 	633.083 	645.773 	753.798 	743.191 	807.209 	432.596 	639.558 	685.153 	739.137 	1085.457 	1419.067 	1148.887 	1058.874 	587.569 	1082.09 
A,IMP,AER,MIO_EUR,EXT_EU27_2020,PL	121.662 	130.095 	322.76 	554.203 	683.861 	1200.21 	1232.208 	935.604 	947.713 	1337.244 	1530.883 	1712.183 	2267.015 	1566.868 	1735.407 	3180.139 
A,IMP,AER,MIO_EUR,EXT_EU27_2020,PT	158.831 	172.37 	207.987 	198.69 	123.058 	244.591 	275.424 	339.675 	230.77 	665.917 	640.606 	302.59 	303.623 	158.996 	181.567 	423.878 
A,IMP,AER,MIO_EUR,EXT_EU27_2020,RO	29.675 	63.428 	66.329 	53.756 	57.472 	46.617 	45.844 	25.433 	11.385 	22.772 	287.535 	149.579 	27.509 	18.729 	38.028 	68.503 
A,IMP,AER,MIO_EUR,EXT_EU27_2020,SE	417.727 	519.193 	363.759 	267.527 	449.312 	606.991 	328.035 	410.749 	501.109 	392.235 	364.791 	816.498 	781.472 	209.476 	584.024 	485.365 
A,IMP,AER,MIO_EUR,EXT_EU27_2020,SI	124.456 	174.542 	54.295 	3.766 	37.535 	127.858 	91.549 	72.065 	31.475 	41.741 	95.273 	114.845 	174.959 	88.729 	121.476 	217.456 
A,IMP,AER,MIO_EUR,EXT_EU27_2020,SK	28.026 	54.22 	22.77 	31.824 	10.721 	22.003 	21.805 	59.578 	22.651 	79.542 	80.883 	38.913 	75.124 	49.031 	13.678 	11.775 
A,IMP,AER,MIO_EUR,INT_EU27_2020,AT	515.481 	737.011 	240.052 	21.709 	227.386 	308.362 	1061.907 	131.012 	250.42 	389.17 	608.38 	54.341 	63.918 	33.849 	133.83 	197.466 
A,IMP,AER,MIO_EUR,INT_EU27_2020,BE	132.226 	130.203 	217.738 	126.705 	145.796 	130.977 	304.677 	397.159 	472.658 	555.864 	388.198 	386.322 	1497.512 	954.734 	1110.045 	518.382 
A,IMP,AER,MIO_EUR,INT_EU27_2020,BG	23.984 	32.442 	1.665 	30.723 	80.569 	5.882 	7.251 	2.882 	5.702 	12.502 	11.782 	8.167 	2.721 	10.798 	16.03 	10.467 
A,IMP,AER,MIO_EUR,INT_EU27_2020,CH	850.423 	173.485 	168.39 	151.861 	163.097 	132.401 	155.507 	133.916 	462.472 	424.352 	637.035 	445.337 	462.146 	585.271 	524.872 	604.804 
A,IMP,AER,MIO_EUR,INT_EU27_2020,CY	0.261 	0.921 	0.54 	217.401 	1.415 	0.207 	4.939 	0.434 	8.657 	46.539 	44.082 	6.268 	1.668 	14.446 	41.909 	113.621 
A,IMP,AER,MIO_EUR,INT_EU27_2020,CZ	359.852 	268.956 	141.521 	231.004 	125.551 	61.516 	65.729 	93.875 	82.92 	103.143 	43.497 	49.345 	89.349 	38.777 	139.321 	97.58 
A,IMP,AER,MIO_EUR,INT_EU27_2020,DE	6871.585 	9040.049 	9018.804 	11557.988 	11447.067 	11989.04 	13881.87 	14987.958 	14316.606 	13815.723 	9251.038 	6796.508 	8025.061 	5067.56 	3750.83 	3732.049 
A,IMP,AER,MIO_EUR,INT_EU27_2020,DK	119.517 	49.858 	93.732 	66.505 	79.476 	88.113 	133.22 	103.415 	83.442 	125.468 	131.748 	104.435 	108.893 	12.346 	35.626 	46.721 
A,IMP,AER,MIO_EUR,INT_EU27_2020,EE	14.66 	13.033 	0.724 	13.434 	0.706 	27.456 	4.216 	2.321 	6.326 	10.889 	29.602 	32.913 	13.005 	18.046 	21.3 	12.999 
A,IMP,AER,MIO_EUR,INT_EU27_2020,EL	633.026 	245.081 	23.711 	58.147 	174.22 	127.073 	68.824 	132.922 	44.071 	10.449 	112.012 	8.881 	7.924 	6.11 	70.591 	46.381 
A,IMP,AER,MIO_EUR,INT_EU27_2020,ES	1047.638 	674.888 	596.048 	813.185 	559.012 	585.33 	700.518 	569.099 	1232.501 	1268.69 	1105.981 	1002.896 	789.862 	759.43 	805.112 	2329.749 
A,IMP,AER,MIO_EUR,INT_EU27_2020,EU27_2020	19807.075 	21804.026 	21068.274 	26511.921 	26742.12 	30259.868 	31086.395 	33516.694 	35328.822 	36403.376 	31642.49 	23935.352 	32113.99 	20169.616 	10109.991 	11287.552 
A,IMP,AER,MIO_EUR,INT_EU27_2020,FI	193.34 	207.332 	381.762 	274.957 	46.508 	47.71 	182.781 	115.848 	452.406 	626.671 	618.674 	192.933 	440.691 	373.67 	58.2 	96.448 
A,IMP,AER,MIO_EUR,INT_EU27_2020,FR	8126.451 	8692.482 	8469.664 	9334.711 	9890.817 	12325.383 	10327.913 	10296.695 	10324.755 	8865.379 	5584.571 	3739.637 	4581.481 	2157.531 	1074.824 	1141.49 
A,IMP,AER,MIO_EUR,INT_EU27_2020,HR	22.532 	35.061 	43.979 	14.473 	24.847 	18.929 	19.358 	27.471 	27.256 	52.321 	22.007 	22.838 	23.091 	28.214 	6.918 	25.039 
A,IMP,AER,MIO_EUR,INT_EU27_2020,HU	9.476 	7.226 	4.477 	3.033 	29.805 	5.191 	3.74 	15.742 	19.609 	23.895 	20.421 	22.647 	16.433 	4.59 	5.462 	44.369 
A,IMP,AER,MIO_EUR,INT_EU27_2020,IE	405.478 	164.323 	518.844 	2365.474 	2821.946 	3580.724 	3401.496 	5511.47 	6809.097 	9114.028 	11743.687 	9383.807 	11921.955 	8183.271 	45.931 	88.351 
A,IMP,AER,MIO_EUR,INT_EU27_2020,IS	17.062 	2.7 	4.932 	0.395 	1.686 	14.722 	4.237 	1.992 	47.622 	16.002 	27.09 	19.233 	20.85 	17.329 	4.201 	90.584 
A,IMP,AER,MIO_EUR,INT_EU27_2020,IT	199.257 	268.934 	282.275 	410.201 	256.397 	282.454 	215.182 	197.552 	216.334 	153.284 	179.159 	168.024 	259.485 	186.665 	223.24 	244.239 
A,IMP,AER,MIO_EUR,INT_EU27_2020,LT	9.214 	33.475 	26.857 	5.388 	5.342 	6.209 	3.872 	3.38 	6.484 	6.867 	15.809 	22.491 	17.352 	19.447 	12.524 	6.637 
A,IMP,AER,MIO_EUR,INT_EU27_2020,LU	34.645 	240.604 	52.266 	296.719 	292.336 	141.27 	142.038 	323.273 	42.748 	43.808 	205.967 	10.042 	60.469 	183.037 	374.942 	6.93 
A,IMP,AER,MIO_EUR,INT_EU27_2020,LV	12.375 	19.269 	7.439 	4.459 	15.434 	8.019 	7.574 	7.541 	116.757 	6.881 	88.764 	12.938 	65.648 	16.002 	26.362 	19.415 
A,IMP,AER,MIO_EUR,INT_EU27_2020,MT	82.166 	5.86 	37.862 	1.672 	16.408 	14.495 	0.839 	27.242 	0.695 	2.368 	14.617 	180.907 	175.859 	252.271 	274.644 	224.767 
A,IMP,AER,MIO_EUR,INT_EU27_2020,NL	147.592 	187.939 	197.504 	89.945 	75.478 	139.848 	128.338 	135.525 	192.883 	337.518 	415.845 	421.699 	522.393 	540.585 	661.83 	1134.433 
A,IMP,AER,MIO_EUR,INT_EU27_2020,NO	165.452 	220.204 	196.138 	159.908 	110.555 	113.858 	191.187 	278.439 	266.434 	239.16 	143.783 	281.551 	371.906 	194.7 	147.484 	137.198 
A,IMP,AER,MIO_EUR,INT_EU27_2020,PL	155.043 	89.549 	174.295 	228.399 	159.621 	227.499 	207.529 	232.393 	280.379 	308.262 	586.104 	467.969 	445.977 	434.841 	729.095 	514.644 
A,IMP,AER,MIO_EUR,INT_EU27_2020,PT	408.119 	487.689 	367.398 	131.29 	82.1 	32.793 	45.71 	76.936 	36.338 	72.805 	193.337 	668.947 	2701 	682.187 	359.013 	446.512 
A,IMP,AER,MIO_EUR,INT_EU27_2020,RO	128.47 	55.719 	42.711 	73.871 	113.638 	55.754 	68.619 	19.457 	56.719 	132.765 	51.71 	18.838 	92.916 	107.917 	53.201 	39.65 
A,IMP,AER,MIO_EUR,INT_EU27_2020,SE	120.433 	75.599 	75.782 	45.114 	58.561 	35.523 	85.042 	100.623 	229.814 	304.965 	123.866 	106.232 	149.849 	70.566 	65.128 	108.072 
A,IMP,AER,MIO_EUR,INT_EU27_2020,SI	24.448 	29.913 	37.411 	76.021 	5.718 	4.286 	1.695 	1.516 	1.802 	2.021 	1.631 	2.818 	23.007 	3.963 	6.314 	18.665 
A,IMP,AER,MIO_EUR,INT_EU27_2020,SK	9.807 	10.612 	13.212 	19.392 	5.965 	9.824 	11.518 	2.954 	11.442 	11.103 	50 	42.511 	16.47 	8.761 	7.77 	22.474 
A,IMP,AER,MIO_EUR,WORLD,AT	1140.402 	1380.279 	713.863 	416.461 	547.344 	750.753 	1496.031 	663.081 	606.807 	585.41 	1018.223 	473.399 	1022.539 	657.969 	462.976 	512.289 
A,IMP,AER,MIO_EUR,WORLD,BE	708.011 	803.312 	815.647 	498.723 	609.7 	604.85 	762.704 	1059.008 	1035.537 	1523.101 	1377.807 	1589.044 	2454.897 	1797.299 	2025.137 	1426.646 
A,IMP,AER,MIO_EUR,WORLD,BG	63.77 	66.62 	18.24 	48.648 	109.797 	151.5 	39.63 	44.239 	17.032 	43.855 	71.826 	58.665 	34.52 	68.141 	68.57 	147.565 
A,IMP,AER,MIO_EUR,WORLD,CH	1871.186 	403.659 	315.687 	301.848 	286.977 	302.631 	366.344 	389.217 	1310.564 	3274.615 	2670.571 	2615.863 	2210.716 	1637.276 	1500.821 	1504.873 
A,IMP,AER,MIO_EUR,WORLD,CY	1.103 	12.907 	4.349 	222.545 	86.796 	2.468 	6.244 	17.707 	21.735 	170.035 	208.387 	89.206 	91.689 	98.023 	273.134 	118.895 
A,IMP,AER,MIO_EUR,WORLD,CZ	582.799 	433.086 	298.279 	499.736 	305.971 	368.733 	239.944 	389.619 	254.166 	339.532 	474.588 	837.063 	511.845 	235.01 	442.86 	643.589 
A,IMP,AER,MIO_EUR,WORLD,DE	11863.253 	13846.784 	14207.398 	17173.759 	17288.87 	19769.173 	21326.582 	22194.576 	22697.371 	21449.016 	16831.162 	16902.554 	21266.626 	14362.961 	14140.577 	15952.593 
A,IMP,AER,MIO_EUR,WORLD,DK	794.037 	669.587 	852.256 	412.817 	217.22 	386.457 	291.386 	501.872 	330.541 	385.268 	341.751 	438.882 	307.084 	102.307 	465.37 	347.134 
A,IMP,AER,MIO_EUR,WORLD,EE	26.096 	24.328 	21.657 	16.943 	66.091 	29.236 	9.468 	11.468 	9.129 	28.279 	34.506 	56.785 	35.23 	40.545 	63.343 	34.849 
A,IMP,AER,MIO_EUR,WORLD,EL	913.522 	716.431 	1157.743 	717.677 	242.451 	179.789 	102.888 	146.778 	83.252 	101.848 	155.541 	40.798 	91.529 	18.211 	113.038 	220.202 
A,IMP,AER,MIO_EUR,WORLD,ES	2857.615 	2111.554 	1080.289 	1650.485 	1449.372 	1724.611 	1874.065 	1418.789 	2217.353 	3353.703 	4257.83 	2938.762 	2939.461 	2329.096 	2614.816 	5146.218 
A,IMP,AER,MIO_EUR,WORLD,EU27_2020	41830.137 	43322.215 	44338.383 	48968.655 	51157.336 	60482.355 	58591.315 	60914.562 	67773.548 	77003.535 	74890.591 	73674.32 	86435.128 	54213.223 	48939.163 	61142.362 
A,IMP,AER,MIO_EUR,WORLD,FI	424.78 	347.626 	539.751 	386.679 	129.417 	181.734 	404.819 	304.114 	566.709 	705.646 	730.283 	305.518 	555.509 	483.776 	184.015 	264.991 
A,IMP,AER,MIO_EUR,WORLD,FR	14999.823 	15033.815 	14918.196 	15501.969 	16457.247 	19404.444 	17663.174 	17694.281 	20143.131 	21235.64 	17679.602 	16789.197 	20435.993 	10561.991 	9974.597 	14562.032 
A,IMP,AER,MIO_EUR,WORLD,HR	55.062 	129.008 	115.161 	85.785 	37.194 	33.689 	29.564 	38.574 	46.745 	72.895 	35.223 	33.672 	34.156 	31.538 	45.465 	108.415 
A,IMP,AER,MIO_EUR,WORLD,HU	19.776 	28.379 	59.118 	55.516 	77.702 	50.722 	68.722 	92.053 	87.383 	103.899 	105.596 	115.306 	156.844 	193.931 	94 	111.818 
A,IMP,AER,MIO_EUR,WORLD,IE	2381.061 	2014.753 	3746.995 	6271.254 	7832.552 	9556.362 	7897.207 	10069.392 	11651.184 	16439.812 	20667.225 	22067.305 	21946.759 	14964.376 	7578.283 	7397.788 
A,IMP,AER,MIO_EUR,WORLD,IS	310.134 	143.714 	85.695 	36.639 	64.897 	147.441 	39.975 	49.635 	162.153 	212.761 	48.365 	131.912 	72.516 	49.254 	129.435 	144.133 
A,IMP,AER,MIO_EUR,WORLD,IT	1204.742 	1240.135 	1107.454 	1013.187 	1178.711 	1095.461 	992.934 	999.353 	1403.652 	1226.222 	1170.64 	1232.418 	1383.232 	924.225 	1188.611 	1389.041 
A,IMP,AER,MIO_EUR,WORLD,LT	100.393 	112.477 	41.76 	33.787 	35.797 	34.556 	59.242 	55.112 	38.978 	51.58 	65.193 	54.911 	53.924 	41.715 	71.164 	87.571 
A,IMP,AER,MIO_EUR,WORLD,LU	678.676 	651.861 	336.663 	509.385 	893.002 	1473.61 	1250.888 	1185.119 	1125.463 	840.776 	811.524 	286.304 	402.69 	416.192 	939.806 	421.226 
A,IMP,AER,MIO_EUR,WORLD,LV	14.881 	21.193 	9.368 	57.426 	29.875 	15.325 	14.818 	14.543 	134.622 	77.826 	483.526 	868.816 	661.136 	285.136 	633.75 	719.694 
A,IMP,AER,MIO_EUR,WORLD,MT	85.394 	40.764 	201.14 	132.928 	196.641 	122.008 	117.302 	345.852 	336.654 	720.907 	289.367 	367.394 	407.637 	522.976 	764.007 	1264.701 
A,IMP,AER,MIO_EUR,WORLD,NL	1188.243 	1774.389 	2344.347 	1579.093 	1578.026 	1932.925 	1528.726 	1392.052 	2604.505 	4176.911 	4074.172 	3686.398 	4582.907 	2677.741 	2900.942 	4727.971 
A,IMP,AER,MIO_EUR,WORLD,NO	527.075 	853.287 	841.911 	913.706 	853.746 	921.066 	623.783 	917.998 	951.587 	978.298 	1229.24 	1700.618 	1520.793 	1253.574 	735.053 	1219.289 
A,IMP,AER,MIO_EUR,WORLD,PL	276.705 	219.643 	497.055 	782.602 	843.482 	1427.71 	1439.737 	1167.997 	1228.091 	1645.506 	2116.987 	2180.153 	2712.992 	2001.71 	2464.503 	3694.783 
A,IMP,AER,MIO_EUR,WORLD,PT	566.95 	660.059 	575.385 	329.98 	205.158 	277.384 	321.135 	416.611 	267.108 	738.722 	833.943 	971.537 	3004.623 	841.183 	540.579 	870.39 
A,IMP,AER,MIO_EUR,WORLD,RO	158.144 	119.148 	109.04 	127.627 	171.11 	102.371 	114.462 	44.891 	68.105 	155.536 	339.245 	168.417 	120.425 	126.646 	91.228 	108.153 
A,IMP,AER,MIO_EUR,WORLD,SE	538.161 	594.792 	439.541 	312.641 	507.873 	642.513 	413.077 	511.372 	730.923 	697.2 	488.657 	922.731 	931.321 	280.041 	649.153 	593.437 
A,IMP,AER,MIO_EUR,WORLD,SI	148.904 	204.455 	91.706 	79.787 	43.253 	132.144 	93.244 	73.58 	33.277 	43.762 	96.904 	117.663 	197.966 	92.692 	127.79 	236.121 
A,IMP,AER,MIO_EUR,WORLD,SK	37.833 	64.832 	35.982 	51.216 	16.685 	31.827 	33.323 	62.532 	34.093 	90.645 	130.883 	81.424 	91.595 	57.793 	21.448 	34.248 
A,IMP,ARM,MIO_EUR,EXT_EU27_2020,AT	39.711 	26.637 	34.61 	59.264 	68.332 	85.056 	101.797 	38.761 	23.669 	32.808 	36.184 	42.763 	48.812 	45.525 	47.438 	80.486 
A,IMP,ARM,MIO_EUR,EXT_EU27_2020,BE	60.998 	69.131 	58.971 	71.477 	68.598 	67.308 	66.457 	60.529 	88.146 	24.59 	99.488 	77.008 	66.132 	109.304 	111.924 	62.837 
A,IMP,ARM,MIO_EUR,EXT_EU27_2020,BG	0.004 	0.039 	0.021 	0.012 	0.012 	0.025 	0.007 	0.013 	0 	0.004 	0.007 	0.006 	0.01 	0.011 	: 	: 
A,IMP,ARM,MIO_EUR,EXT_EU27_2020,CH	: 	: 	: 	: 	: 	: 	: 	: 	27.894 	37.031 	32.644 	41.224 	78.713 	45.125 	39.56 	28.213 
A,IMP,ARM,MIO_EUR,EXT_EU27_2020,CY	12.152 	10.176 	2.788 	98.03 	1.336 	0.925 	0.542 	0.436 	0.197 	0.548 	0.544 	0.525 	0.567 	0.353 	0.347 	0.362 
A,IMP,ARM,MIO_EUR,EXT_EU27_2020,CZ	5.947 	7.287 	7.056 	8.729 	8.276 	9.931 	10.771 	13.145 	13.297 	16.655 	21.033 	23.338 	20.162 	18.537 	34.556 	35.979 
A,IMP,ARM,MIO_EUR,EXT_EU27_2020,DE	62.1 	69.612 	70.468 	80.592 	97.009 	98.79 	96.129 	85.452 	96.169 	121.632 	112.035 	111.759 	120.232 	125.631 	126.501 	187.607 
A,IMP,ARM,MIO_EUR,EXT_EU27_2020,DK	26.889 	43.764 	23.829 	28.551 	28.624 	32.914 	19.472 	17.765 	24.081 	21.778 	20.083 	54.827 	120.241 	215.777 	91.833 	118.505 
A,IMP,ARM,MIO_EUR,EXT_EU27_2020,EE	1.569 	8.154 	4.706 	7.518 	9.41 	24.201 	18.64 	9.68 	22.879 	50.304 	15.915 	29.959 	54.366 	81.228 	32.179 	42.532 
A,IMP,ARM,MIO_EUR,EXT_EU27_2020,EL	4.012 	4.71 	6.988 	8.81 	6.24 	6.918 	3.32 	3.351 	4.393 	5.716 	4.304 	3.068 	3.869 	5.005 	3.975 	2.482 
A,IMP,ARM,MIO_EUR,EXT_EU27_2020,ES	21.181 	29.903 	41.736 	42.272 	116.46 	44.018 	47.673 	31.299 	29.543 	26.791 	73.584 	99.036 	100.553 	127.037 	120.909 	147.82 
A,IMP,ARM,MIO_EUR,EXT_EU27_2020,EU27_2020	546.14 	547.968 	485.24 	656.782 	632.822 	654.515 	692.938 	555.632 	677.933 	759.649 	778.044 	908.662 	1035.031 	1273.431 	1204.539 	2024.629 
A,IMP,ARM,MIO_EUR,EXT_EU27_2020,FI	14.675 	20.317 	10.423 	7.865 	10.195 	14.263 	11.714 	6.874 	8.073 	9.303 	7.713 	10.761 	8.293 	14.031 	8.364 	14.365 
A,IMP,ARM,MIO_EUR,EXT_EU27_2020,FR	31.436 	38.742 	27.596 	34.537 	28.854 	39.519 	53.506 	32.51 	41.11 	53.376 	42.274 	40.261 	42.827 	43.601 	62.383 	78.721 
A,IMP,ARM,MIO_EUR,EXT_EU27_2020,HR	1.755 	1.95 	1.221 	1.237 	5.569 	7.381 	18.46 	13.384 	2.355 	4.653 	6.729 	5.641 	11.46 	5.626 	4.904 	7.707 
A,IMP,ARM,MIO_EUR,EXT_EU27_2020,HU	2.54 	2.274 	3.203 	1.179 	3.206 	4.793 	5.183 	4.122 	5.449 	3.307 	9.26 	8.58 	7.567 	27.614 	10.084 	58.194 
A,IMP,ARM,MIO_EUR,EXT_EU27_2020,IE	40.409 	7.86 	8.679 	14.309 	7.069 	6.99 	5.754 	5.384 	3.64 	7.457 	3.44 	27.244 	5.525 	4.333 	7.25 	2.655 
A,IMP,ARM,MIO_EUR,EXT_EU27_2020,IS	: 	: 	: 	: 	: 	: 	: 	: 	0.664 	0.776 	1.14 	1.465 	1.125 	1.14 	1.09 	1.372 
A,IMP,ARM,MIO_EUR,EXT_EU27_2020,IT	29.15 	32.035 	30.494 	24.284 	46.068 	55.956 	32.646 	42.052 	53.424 	55.031 	30.787 	32.726 	45.488 	23.954 	38.671 	46.771 
A,IMP,ARM,MIO_EUR,EXT_EU27_2020,LT	9.316 	2.099 	1.175 	0.703 	2.575 	7.008 	2.474 	3.136 	18.611 	6.741 	27.292 	4.47 	23.65 	109.157 	60.204 	39.751 
A,IMP,ARM,MIO_EUR,EXT_EU27_2020,LU	0.471 	0.596 	0.417 	0.518 	0.562 	0.77 	0.53 	0.445 	0.949 	1.595 	0.58 	0.554 	0.157 	0.356 	0.481 	0.715 
A,IMP,ARM,MIO_EUR,EXT_EU27_2020,LV	4.311 	2.651 	0.955 	1.842 	1.201 	0.583 	1.021 	0.987 	4.411 	13.696 	15.543 	8.962 	15.212 	25.258 	36.335 	8.911 
A,IMP,ARM,MIO_EUR,EXT_EU27_2020,MT	0.163 	0.374 	0.387 	0.662 	0.235 	0.544 	0.629 	0.691 	0.599 	0.691 	0.547 	0.516 	0.724 	0.446 	0.623 	0.92 
A,IMP,ARM,MIO_EUR,EXT_EU27_2020,NL	25.795 	3.888 	4.288 	51.122 	35.056 	29.027 	66.013 	57.247 	61.974 	82.818 	76.833 	109.723 	95.932 	70.243 	102.679 	87.877 
A,IMP,ARM,MIO_EUR,EXT_EU27_2020,NO	: 	: 	: 	: 	: 	: 	: 	: 	63.179 	91.454 	66.182 	60.031 	98.244 	146.442 	105.684 	171.986 
A,IMP,ARM,MIO_EUR,EXT_EU27_2020,PL	65.647 	45.536 	45.834 	51.957 	49.661 	65.912 	63.161 	62.871 	94.31 	154.598 	112.349 	123.962 	76.441 	125.096 	166.132 	894.847 
A,IMP,ARM,MIO_EUR,EXT_EU27_2020,PT	5.39 	11.35 	23.106 	9.15 	9.292 	7.638 	10.159 	14.271 	13.644 	11.79 	12.924 	9.359 	10.156 	10.13 	11.564 	12.038 
A,IMP,ARM,MIO_EUR,EXT_EU27_2020,RO	7.565 	39.204 	2.288 	10.692 	2.548 	13.176 	0.565 	1.842 	12.559 	0.132 	12.881 	39.49 	98.194 	51.814 	69.535 	27.658 
A,IMP,ARM,MIO_EUR,EXT_EU27_2020,SE	68.309 	57.831 	64.538 	20.038 	23.106 	27.668 	51.247 	43.058 	37.908 	35.541 	24.628 	24.57 	35.043 	24.215 	23.929 	45.553 
A,IMP,ARM,MIO_EUR,EXT_EU27_2020,SI	2.474 	8.859 	7.583 	17.491 	1.382 	1.967 	1.972 	1.604 	2.804 	1.203 	1.75 	2.416 	4.077 	3.346 	22.108 	: 
A,IMP,ARM,MIO_EUR,EXT_EU27_2020,SK	2.17 	2.988 	1.882 	3.943 	1.945 	1.235 	3.091 	4.721 	13.739 	16.891 	9.336 	17.139 	19.341 	5.804 	9.632 	19.334 
A,IMP,ARM,MIO_EUR,INT_EU27_2020,AT	67.386 	93.583 	90.269 	66.606 	76.304 	86.745 	90.689 	63.703 	60.469 	69.656 	84.464 	116.329 	131.9 	90.795 	106.95 	135.089 
A,IMP,ARM,MIO_EUR,INT_EU27_2020,BE	173.517 	65.133 	119.73 	52.724 	44.754 	72.496 	71.441 	124.973 	87.449 	20.701 	101.435 	97.879 	89.847 	133.978 	119.725 	78.247 
A,IMP,ARM,MIO_EUR,INT_EU27_2020,BG	0.027 	0.066 	0.039 	0.03 	0.046 	0.036 	0.043 	0.036 	0.027 	0.052 	0.045 	0.045 	0.022 	0.025 	: 	: 
A,IMP,ARM,MIO_EUR,INT_EU27_2020,CH	: 	: 	: 	: 	: 	: 	: 	: 	74.852 	68.59 	80.634 	121.235 	128.499 	104.134 	126.846 	131.473 
A,IMP,ARM,MIO_EUR,INT_EU27_2020,CY	7.629 	22.404 	11.421 	24.183 	5.375 	4.525 	5.119 	7.024 	7.324 	5.216 	5.579 	5.203 	6.441 	5.236 	8.032 	6.899 
A,IMP,ARM,MIO_EUR,INT_EU27_2020,CZ	10.224 	11.941 	12.985 	12.036 	13.006 	19.633 	19.832 	19.841 	20.366 	28.879 	31.913 	33.418 	31.264 	30.013 	46.613 	44.979 
A,IMP,ARM,MIO_EUR,INT_EU27_2020,DE	64.965 	63.952 	62.108 	56.649 	71.787 	92.04 	95.255 	74.074 	83.589 	102.833 	107.795 	94.998 	107.204 	106.007 	111.356 	160.341 
A,IMP,ARM,MIO_EUR,INT_EU27_2020,DK	141.498 	48.61 	26.583 	35.056 	24.119 	24.701 	27.588 	25.835 	23.459 	32.679 	29.975 	40.038 	34.281 	42.361 	53.68 	38.784 
A,IMP,ARM,MIO_EUR,INT_EU27_2020,EE	6.567 	9.01 	30.68 	32.622 	3.353 	4.62 	4.915 	5.21 	4.084 	57.659 	16.72 	24.375 	33.449 	38.432 	49.865 	48.375 
A,IMP,ARM,MIO_EUR,INT_EU27_2020,EL	24.564 	19.383 	18.673 	11.624 	9.361 	9.632 	6.28 	6.903 	6.003 	8.279 	9.519 	6.952 	7.485 	6.042 	6.829 	10.312 
A,IMP,ARM,MIO_EUR,INT_EU27_2020,ES	112.286 	131.512 	104.01 	104.992 	109.244 	40.846 	37.685 	44.605 	47.227 	56.036 	79.975 	85.609 	76.443 	84.807 	166.83 	156.021 
A,IMP,ARM,MIO_EUR,INT_EU27_2020,EU27_2020	1179.585 	1089.901 	1040.419 	1078.449 	984.485 	992.903 	849.661 	1021.516 	1108.546 	1173.399 	1182.633 	1309.038 	1438.448 	1686.576 	1638.755 	2572.552 
A,IMP,ARM,MIO_EUR,INT_EU27_2020,FI	78.957 	58.309 	58.951 	28.606 	31.356 	32.399 	54.615 	47.887 	124.901 	84.091 	17.715 	71.642 	31.985 	18.782 	22.451 	34.896 
A,IMP,ARM,MIO_EUR,INT_EU27_2020,FR	108.334 	147.749 	101.837 	115.686 	119.255 	116.798 	116.466 	101.714 	124.901 	118.305 	130.236 	118.911 	116.444 	93.767 	110.199 	123.223 
A,IMP,ARM,MIO_EUR,INT_EU27_2020,HR	4.504 	5.274 	15.039 	17.052 	44.91 	44.517 	10.888 	6.121 	6.106 	60.314 	33.765 	6.225 	6.773 	7.062 	9.62 	14.091 
A,IMP,ARM,MIO_EUR,INT_EU27_2020,HU	24.414 	9.804 	5.958 	8.606 	4.606 	8.959 	6.642 	9.777 	14.958 	25.788 	29.128 	25.839 	72.755 	61.571 	53.63 	355.256 
A,IMP,ARM,MIO_EUR,INT_EU27_2020,IE	13.911 	6.381 	7.061 	2.923 	5.623 	9.11 	7.064 	5.725 	6.731 	4.109 	3.601 	7.727 	5.402 	5.786 	9.803 	8.846 
A,IMP,ARM,MIO_EUR,INT_EU27_2020,IS	: 	: 	: 	: 	: 	: 	: 	: 	1.045 	1.149 	1.513 	1.759 	1.901 	1.483 	1.736 	1.734 
A,IMP,ARM,MIO_EUR,INT_EU27_2020,IT	107.226 	68.828 	69.366 	75.784 	71.063 	51.663 	58.02 	51.973 	60.893 	54.235 	59.442 	56.388 	50.272 	48.128 	60.104 	82.918 
A,IMP,ARM,MIO_EUR,INT_EU27_2020,LT	4.269 	4.67 	3.203 	2.949 	2.997 	2.404 	2.58 	2.888 	2.882 	11.581 	35.059 	43.205 	73.429 	239.444 	33.05 	162.185 
A,IMP,ARM,MIO_EUR,INT_EU27_2020,LU	3.534 	4.346 	3.656 	81.076 	47.675 	4.095 	4.515 	4.621 	5.214 	5.989 	12.141 	5.965 	5.769 	5.217 	6.48 	8.227 
A,IMP,ARM,MIO_EUR,INT_EU27_2020,LV	8.317 	21.399 	13.921 	10.056 	10.356 	10.104 	10.994 	5.841 	4.153 	11.943 	10.371 	44.169 	29.76 	62.963 	81.39 	77.123 
A,IMP,ARM,MIO_EUR,INT_EU27_2020,MT	0.917 	1.053 	1.12 	1.005 	1.265 	1.25 	2.391 	2.338 	1.383 	1.379 	1.017 	1.32 	1.603 	1.057 	1.69 	1.859 
A,IMP,ARM,MIO_EUR,INT_EU27_2020,NL	3.908 	4.888 	6.878 	145.849 	88.066 	125.348 	83.68 	120.959 	170.186 	181.801 	172.549 	174.517 	215.755 	277.808 	227.719 	186.468 
A,IMP,ARM,MIO_EUR,INT_EU27_2020,NO	: 	: 	: 	: 	: 	: 	: 	: 	262.513 	292.094 	77.378 	82.005 	84.725 	104.993 	119.663 	121.815 
A,IMP,ARM,MIO_EUR,INT_EU27_2020,PL	94.316 	106.734 	62.782 	67.033 	125.403 	154.769 	44.617 	199.231 	128.709 	85.135 	90.948 	120.446 	172.268 	146.908 	142.592 	618.04 
A,IMP,ARM,MIO_EUR,INT_EU27_2020,PT	27.936 	68.048 	135.532 	80.328 	33.039 	25.161 	31.197 	36.182 	33.856 	32.656 	25.143 	31.62 	43.785 	79.204 	46.266 	54.258 
A,IMP,ARM,MIO_EUR,INT_EU27_2020,RO	1.496 	9.786 	0.859 	1.036 	3.39 	0.01 	0.097 	0.003 	0.21 	0.022 	0.018 	0.254 	0.364 	0.182 	1.83 	0.086 
A,IMP,ARM,MIO_EUR,INT_EU27_2020,SE	50.774 	73.58 	49.801 	19.614 	17.11 	20.872 	21.52 	23.616 	31.844 	30.656 	36.496 	32.191 	31.295 	31.404 	36.905 	50.051 
A,IMP,ARM,MIO_EUR,INT_EU27_2020,SI	29.107 	20.562 	13.544 	14.866 	11.219 	5.139 	3.564 	5.093 	4.263 	7.15 	10.057 	14.102 	18.83 	10.451 	23.839 	: 
A,IMP,ARM,MIO_EUR,INT_EU27_2020,SK	9.001 	12.893 	14.413 	9.458 	9.802 	25.03 	31.966 	25.343 	47.358 	76.255 	47.527 	49.671 	43.624 	59.147 	101.306 	115.975 
A,IMP,ARM,MIO_EUR,WORLD,AT	107.097 	120.219 	124.879 	125.871 	144.636 	171.801 	192.486 	102.464 	84.138 	102.465 	120.648 	159.092 	180.712 	136.319 	154.388 	215.575 
A,IMP,ARM,MIO_EUR,WORLD,BE	234.515 	134.264 	178.701 	124.2 	113.351 	139.804 	137.898 	185.502 	175.595 	45.291 	200.922 	174.887 	155.979 	243.282 	231.649 	141.085 
A,IMP,ARM,MIO_EUR,WORLD,BG	0.031 	0.105 	0.06 	0.043 	0.059 	0.061 	0.05 	0.049 	0.027 	0.057 	0.052 	0.051 	0.032 	0.036 	: 	: 
A,IMP,ARM,MIO_EUR,WORLD,CH	: 	: 	: 	: 	: 	: 	: 	: 	102.746 	105.62 	113.278 	162.459 	207.212 	149.259 	166.406 	159.686 
A,IMP,ARM,MIO_EUR,WORLD,CY	19.781 	32.58 	14.209 	122.212 	6.711 	5.449 	5.661 	7.459 	7.521 	5.764 	6.123 	5.728 	7.008 	5.589 	8.379 	7.261 
A,IMP,ARM,MIO_EUR,WORLD,CZ	16.171 	19.228 	20.04 	20.765 	21.282 	29.564 	30.603 	32.986 	33.663 	45.534 	52.946 	56.756 	51.426 	48.55 	81.169 	80.958 
A,IMP,ARM,MIO_EUR,WORLD,DE	127.065 	133.564 	132.575 	137.241 	168.796 	190.83 	191.384 	159.526 	179.758 	224.466 	219.83 	206.758 	227.435 	231.639 	237.857 	347.948 
A,IMP,ARM,MIO_EUR,WORLD,DK	168.388 	92.375 	50.412 	63.607 	52.743 	57.615 	47.06 	43.6 	47.541 	54.457 	50.057 	94.864 	154.522 	258.138 	145.513 	157.289 
A,IMP,ARM,MIO_EUR,WORLD,EE	8.135 	17.164 	35.386 	40.14 	12.763 	28.821 	23.556 	14.89 	26.964 	107.963 	32.635 	54.334 	87.816 	119.66 	82.045 	90.908 
A,IMP,ARM,MIO_EUR,WORLD,EL	28.575 	24.094 	25.662 	20.434 	15.601 	16.55 	9.6 	10.255 	10.396 	13.996 	13.824 	10.02 	11.354 	11.046 	10.803 	12.795 
A,IMP,ARM,MIO_EUR,WORLD,ES	133.466 	161.415 	145.746 	147.264 	225.704 	84.863 	85.358 	75.905 	76.77 	82.827 	153.559 	184.645 	176.996 	211.843 	287.739 	303.841 
A,IMP,ARM,MIO_EUR,WORLD,EU27_2020	1725.724 	1637.869 	1525.658 	1735.231 	1617.307 	1647.417 	1542.599 	1577.148 	1786.479 	1933.048 	1960.677 	2217.7 	2473.479 	2960.007 	2843.294 	4597.181 
A,IMP,ARM,MIO_EUR,WORLD,FI	93.632 	78.626 	69.375 	36.471 	41.55 	46.663 	66.329 	54.762 	132.975 	93.394 	25.428 	82.402 	40.277 	32.813 	30.815 	49.262 
A,IMP,ARM,MIO_EUR,WORLD,FR	139.77 	186.491 	129.433 	150.223 	148.109 	156.317 	169.972 	134.224 	166.011 	171.681 	172.51 	159.171 	159.27 	137.367 	172.582 	201.944 
A,IMP,ARM,MIO_EUR,WORLD,HR	6.259 	7.225 	16.26 	18.289 	50.479 	51.897 	29.349 	19.505 	8.461 	64.967 	40.495 	11.865 	18.233 	12.688 	14.523 	21.798 
A,IMP,ARM,MIO_EUR,WORLD,HU	26.954 	12.078 	9.16 	9.785 	7.813 	13.752 	11.825 	13.899 	20.406 	29.095 	38.388 	34.419 	80.322 	89.185 	63.714 	413.45 
A,IMP,ARM,MIO_EUR,WORLD,IE	54.32 	14.242 	15.74 	17.233 	12.692 	16.1 	12.818 	11.109 	10.371 	11.566 	7.041 	34.971 	10.927 	10.119 	17.053 	11.501 
A,IMP,ARM,MIO_EUR,WORLD,IS	: 	: 	: 	: 	: 	: 	: 	: 	1.709 	1.925 	2.653 	3.224 	3.026 	2.623 	2.825 	3.106 
A,IMP,ARM,MIO_EUR,WORLD,IT	136.376 	100.863 	99.86 	100.068 	117.131 	107.619 	90.667 	94.025 	114.317 	109.266 	90.229 	89.114 	95.76 	72.081 	98.775 	129.689 
A,IMP,ARM,MIO_EUR,WORLD,LT	13.586 	6.769 	4.378 	3.652 	5.572 	9.412 	5.054 	6.024 	21.492 	18.322 	62.35 	47.675 	97.079 	348.601 	93.254 	201.937 
A,IMP,ARM,MIO_EUR,WORLD,LU	4.006 	4.942 	4.073 	81.593 	48.237 	4.866 	5.045 	5.066 	6.163 	7.583 	12.722 	6.519 	5.926 	5.574 	6.961 	8.942 
A,IMP,ARM,MIO_EUR,WORLD,LV	12.628 	24.051 	14.876 	11.898 	11.557 	10.687 	12.015 	6.828 	8.564 	25.639 	25.914 	53.131 	44.972 	88.221 	117.726 	86.034 
A,IMP,ARM,MIO_EUR,WORLD,MT	1.08 	1.427 	1.507 	1.667 	1.5 	1.794 	3.02 	3.029 	1.981 	2.07 	1.564 	1.836 	2.327 	1.502 	2.313 	2.78 
A,IMP,ARM,MIO_EUR,WORLD,NL	29.703 	8.776 	11.166 	196.972 	123.123 	154.375 	149.693 	178.206 	232.16 	264.619 	249.382 	284.24 	311.687 	348.051 	330.399 	274.345 
A,IMP,ARM,MIO_EUR,WORLD,NO	: 	: 	: 	: 	: 	: 	: 	: 	325.691 	383.548 	143.561 	142.036 	182.969 	251.435 	225.346 	293.801 
A,IMP,ARM,MIO_EUR,WORLD,PL	159.963 	152.271 	108.616 	118.991 	175.064 	220.681 	107.778 	262.102 	223.02 	239.733 	203.297 	244.408 	248.709 	272.003 	308.724 	1512.887 
A,IMP,ARM,MIO_EUR,WORLD,PT	33.326 	79.399 	158.638 	89.478 	42.331 	32.799 	41.356 	50.453 	47.5 	44.446 	38.067 	40.979 	53.941 	89.334 	57.83 	66.296 
A,IMP,ARM,MIO_EUR,WORLD,RO	9.061 	48.99 	3.147 	11.728 	5.938 	13.186 	0.663 	1.845 	12.769 	0.154 	12.899 	39.743 	98.558 	51.995 	71.365 	27.744 
A,IMP,ARM,MIO_EUR,WORLD,SE	119.083 	131.411 	114.338 	39.652 	40.216 	48.54 	72.767 	66.674 	69.752 	66.197 	61.124 	56.762 	66.337 	55.619 	60.833 	95.605 
A,IMP,ARM,MIO_EUR,WORLD,SI	31.581 	29.421 	21.127 	32.356 	12.601 	7.106 	5.536 	6.697 	7.067 	8.353 	11.807 	16.518 	22.907 	13.797 	45.947 	: 
A,IMP,ARM,MIO_EUR,WORLD,SK	11.171 	15.882 	16.295 	13.401 	11.747 	26.265 	35.057 	30.064 	61.098 	93.146 	56.863 	66.81 	62.966 	64.951 	110.937 	135.308 
A,IMP,CHE,MIO_EUR,EXT_EU27_2020,AT	93.594 	112.588 	77.928 	98.833 	162.821 	95.251 	77.783 	80.587 	91.732 	96.547 	101.333 	84.492 	101.455 	77.817 	68.497 	93.306 
A,IMP,CHE,MIO_EUR,EXT_EU27_2020,BE	511.627 	585.253 	569.06 	611.603 	689.488 	539.232 	626.185 	598 	545.115 	542.464 	620.456 	650.461 	646.59 	537.087 	619.183 	901.928 
A,IMP,CHE,MIO_EUR,EXT_EU27_2020,BG	49.418 	51.325 	41.471 	52.274 	59.436 	58.291 	70.314 	75.231 	83.623 	68.971 	79.29 	82.538 	98.625 	74.624 	83.703 	145.454 
A,IMP,CHE,MIO_EUR,EXT_EU27_2020,CH	70.954 	96.419 	49.892 	92.186 	84.691 	60.209 	57.752 	49.002 	184.848 	169.957 	184.74 	187.614 	186.059 	158.757 	186.037 	224.656 
A,IMP,CHE,MIO_EUR,EXT_EU27_2020,CY	5.181 	5.632 	5.435 	7.443 	6.422 	5.891 	4.95 	4.011 	4.722 	6.984 	7.528 	8.501 	8.557 	4.718 	6.288 	7.644 
A,IMP,CHE,MIO_EUR,EXT_EU27_2020,CZ	96.284 	181.465 	76.068 	111.503 	210.186 	172.755 	181.691 	202.199 	166.484 	107.071 	158.035 	383.366 	323.018 	175.84 	236.469 	301.115 
A,IMP,CHE,MIO_EUR,EXT_EU27_2020,DE	1748.075 	1916.365 	1771.243 	2410.526 	2393.244 	1985.328 	1940.656 	2151.669 	1969.069 	1825.593 	1833.01 	1724.597 	1655.757 	1596.301 	1558.641 	2400.31 
A,IMP,CHE,MIO_EUR,EXT_EU27_2020,DK	61.192 	66.34 	58.421 	60.117 	55.607 	52.876 	72.249 	65.668 	83.531 	71.759 	72.184 	64.04 	68.687 	61.791 	68.488 	62.754 
A,IMP,CHE,MIO_EUR,EXT_EU27_2020,EE	3.666 	3.172 	1.927 	2.807 	62.007 	33.076 	15.781 	14.851 	15.908 	7.841 	7.746 	11.796 	15.764 	15.325 	18.696 	42.39 
A,IMP,CHE,MIO_EUR,EXT_EU27_2020,EL	72.466 	73.186 	56.422 	70.718 	68.516 	51.95 	93.559 	84.965 	82.95 	71.132 	65.978 	75.665 	87.114 	84.355 	62.686 	95.879 
A,IMP,CHE,MIO_EUR,EXT_EU27_2020,ES	485.475 	643.967 	667.603 	835.523 	775.189 	743.511 	659.618 	697.445 	716.422 	640.683 	549.101 	615.854 	600.766 	690.837 	693.899 	1021.729 
A,IMP,CHE,MIO_EUR,EXT_EU27_2020,EU27_2020	8843.477 	8485.241 	8295.939 	9557.974 	10342.615 	9480.369 	9474.582 	9503.159 	9225.306 	8317.136 	8193.03 	8178.363 	8045.581 	7681.114 	8136.794 	12002.255 
A,IMP,CHE,MIO_EUR,EXT_EU27_2020,FI	35.412 	25.339 	21.466 	24.896 	30.01 	19.943 	20.162 	19.088 	17.173 	16.052 	16.932 	18.252 	28.525 	25.761 	18.022 	29.733 
A,IMP,CHE,MIO_EUR,EXT_EU27_2020,FR	2116.92 	1726.133 	2452.76 	2452.064 	2548.263 	2421.876 	2618.465 	2306.51 	1922.055 	1764.176 	1692.436 	919.619 	1016.204 	1000.053 	1360.684 	2104.728 
A,IMP,CHE,MIO_EUR,EXT_EU27_2020,HR	30.138 	32.784 	25.768 	31.537 	40.868 	41.097 	58.689 	29.086 	27.252 	26.228 	21.982 	39.777 	46.925 	47.952 	67.584 	98.41 
A,IMP,CHE,MIO_EUR,EXT_EU27_2020,HU	58.771 	65.616 	55.491 	59.189 	72.873 	54.162 	63.866 	87.086 	100.043 	94.944 	121.498 	142.785 	108.801 	114.498 	89.598 	132.607 
A,IMP,CHE,MIO_EUR,EXT_EU27_2020,IE	70.902 	76.386 	69.399 	65.878 	74.12 	67.016 	67.343 	75.541 	82.643 	83.354 	109.307 	116.275 	125.663 	142.782 	135.012 	173.501 
A,IMP,CHE,MIO_EUR,EXT_EU27_2020,IS	0.509 	4.52 	0.862 	7.161 	8.86 	11.921 	5.622 	6.933 	12.799 	12.538 	14.951 	20.162 	16.429 	13.455 	20.854 	35.048 
A,IMP,CHE,MIO_EUR,EXT_EU27_2020,IT	626.502 	726.381 	617.187 	682.747 	672.177 	612.513 	715.469 	788.383 	740.602 	747.971 	825.546 	901.497 	935.75 	750.649 	719.616 	1223.084 
A,IMP,CHE,MIO_EUR,EXT_EU27_2020,LT	15.857 	14.111 	14.655 	8.221 	17.815 	17.784 	9.241 	19.043 	19.552 	13.706 	25.495 	20.443 	22.447 	24.678 	24.81 	72.524 
A,IMP,CHE,MIO_EUR,EXT_EU27_2020,LU	8.472 	5.234 	2.629 	7.607 	7.456 	7.507 	14.337 	7.764 	12.442 	9.067 	11.388 	13.122 	7.596 	4.933 	5.558 	6.382 
A,IMP,CHE,MIO_EUR,EXT_EU27_2020,LV	5.399 	3.77 	3.27 	5.784 	5.617 	6.729 	7.655 	6.655 	7.218 	7.599 	9.125 	9.34 	9.015 	9.834 	4.827 	10.546 
A,IMP,CHE,MIO_EUR,EXT_EU27_2020,MT	2.836 	3.085 	2.786 	2.601 	2.94 	2.993 	2.741 	3.367 	4.202 	2.501 	2.781 	1.816 	2.672 	3.524 	2.512 	4.368 
A,IMP,CHE,MIO_EUR,EXT_EU27_2020,NL	1963.449 	1415.817 	1137.464 	1125.274 	1359.116 	1325.621 	1151.622 	1198.962 	1417.276 	1170.013 	1071.181 	1203.206 	1065.267 	1331.267 	1301.842 	1815.545 
A,IMP,CHE,MIO_EUR,EXT_EU27_2020,NO	173.558 	230.536 	219.803 	258.609 	236.302 	98.156 	43.845 	61.899 	15.262 	100.82 	111.886 	97.276 	148.666 	97.067 	154.936 	160.252 
A,IMP,CHE,MIO_EUR,EXT_EU27_2020,PL	162.142 	187.609 	127.314 	147.021 	217.123 	225.909 	247.575 	311.635 	278.429 	251.032 	258.5 	291.853 	264.154 	296.619 	301.321 	529.762 
A,IMP,CHE,MIO_EUR,EXT_EU27_2020,PT	37.48 	45.152 	35.651 	51.018 	58.849 	35.853 	40.197 	50.213 	46.789 	52.723 	51.745 	69.759 	91.365 	87.575 	83.425 	79.995 
A,IMP,CHE,MIO_EUR,EXT_EU27_2020,RO	110.278 	125.47 	99.392 	111.103 	147.5 	113.76 	141.003 	127.066 	119.065 	158.653 	175.392 	194.087 	184.407 	166.967 	176.892 	200.434 
A,IMP,CHE,MIO_EUR,EXT_EU27_2020,SE	443.084 	352.275 	267.749 	481.031 	556.286 	751.889 	539.269 	449.72 	582.992 	397.359 	231.703 	478.515 	485.973 	318.359 	396.337 	374.307 
A,IMP,CHE,MIO_EUR,EXT_EU27_2020,SI	17.036 	23.059 	21.865 	32.281 	39.269 	28.552 	24.341 	36.285 	76.973 	71.687 	61.415 	46.669 	33.443 	23.996 	26.1 	65.13 
A,IMP,CHE,MIO_EUR,EXT_EU27_2020,SK	11.819 	17.726 	15.515 	8.376 	9.417 	9.005 	9.821 	12.128 	11.045 	11.029 	11.945 	10.038 	11.041 	12.97 	6.105 	8.688 
A,IMP,CHE,MIO_EUR,INT_EU27_2020,AT	323.573 	349.487 	313.643 	337.942 	407.848 	404.353 	399.54 	391.182 	372.874 	340.606 	383.657 	413.833 	406.927 	412.637 	439.63 	516.774 
A,IMP,CHE,MIO_EUR,INT_EU27_2020,BE	1343.125 	1341.914 	1348.211 	1182.205 	1398.241 	1162.259 	1032.844 	1020.509 	936.806 	1031.875 	1126.884 	1025.746 	969.646 	1039.569 	1055.322 	1184.922 
A,IMP,CHE,MIO_EUR,INT_EU27_2020,BG	65.274 	72.677 	66.501 	80.351 	110.161 	124.141 	129.612 	150.453 	160.484 	159.5 	182.645 	185.206 	175.015 	167.24 	193.396 	232.007 
A,IMP,CHE,MIO_EUR,INT_EU27_2020,CH	99.634 	68.959 	52.306 	67.768 	61.006 	49.155 	48.388 	42.766 	255.542 	221.716 	240.328 	246.448 	232.276 	265.078 	277.398 	333.509 
A,IMP,CHE,MIO_EUR,INT_EU27_2020,CY	9.14 	10.384 	11.974 	12.937 	14.334 	12.914 	13.161 	13.536 	12.761 	13.134 	15.795 	21.068 	18.869 	21.508 	20.775 	24.636 
A,IMP,CHE,MIO_EUR,INT_EU27_2020,CZ	326.848 	349.848 	274.405 	340.583 	390.819 	399.242 	422.513 	425.652 	438.03 	426.522 	451.673 	505.429 	505.727 	439.058 	496.117 	678.409 
A,IMP,CHE,MIO_EUR,INT_EU27_2020,DE	2317.026 	2848.061 	2594.492 	2686.467 	2641.662 	2713.011 	2545.822 	2421.476 	2617.585 	2560.528 	2548.872 	2799.535 	2614.975 	2498.892 	2836.436 	3842.278 
A,IMP,CHE,MIO_EUR,INT_EU27_2020,DK	214.147 	262.122 	198.756 	195.313 	218.443 	265.841 	250.615 	252.361 	270.044 	263.505 	319.961 	311.488 	327.016 	317.646 	419.569 	444.965 
A,IMP,CHE,MIO_EUR,INT_EU27_2020,EE	15.995 	24.862 	20.75 	21.653 	24.373 	30.286 	31.379 	33.84 	35.12 	41.106 	35.946 	39.582 	44.405 	51.004 	59.61 	72.581 
A,IMP,CHE,MIO_EUR,INT_EU27_2020,EL	160.387 	177.743 	152.672 	147.053 	173.386 	165.908 	186.755 	185.853 	186.953 	178.235 	202.749 	229.859 	251.023 	280.138 	283.836 	297.213 
A,IMP,CHE,MIO_EUR,INT_EU27_2020,ES	618.294 	713.624 	641.359 	640.048 	756.954 	778.554 	812.845 	799.95 	879.666 	844.153 	948.58 	981.483 	1018.513 	942.033 	1079.343 	1246.659 
A,IMP,CHE,MIO_EUR,INT_EU27_2020,EU27_2020	11031.34 	12207.457 	11157.298 	11521.069 	13032.607 	13086.622 	13035.857 	13110.052 	13886.027 	13458.257 	14144.051 	14569.203 	14620.908 	14395.071 	15959.875 	20581.002 
A,IMP,CHE,MIO_EUR,INT_EU27_2020,FI	121.847 	130.391 	120.798 	115.446 	119.717 	124.719 	130.185 	131.258 	139.328 	127.459 	117.103 	129.355 	120.35 	123.577 	159.605 	191.619 
A,IMP,CHE,MIO_EUR,INT_EU27_2020,FR	1837.684 	2070.709 	2055.961 	1979.716 	2614.696 	2528.921 	2607.327 	2536.465 	2580.58 	2266.089 	2225.371 	2268.831 	2443.972 	2292.67 	2253.716 	2982.999 
A,IMP,CHE,MIO_EUR,INT_EU27_2020,HR	46.799 	50.31 	45.549 	42.575 	44.934 	45.373 	53.809 	68.421 	92.382 	91.742 	92.108 	103.575 	102.278 	115.622 	120.942 	151.017 
A,IMP,CHE,MIO_EUR,INT_EU27_2020,HU	250.972 	280.565 	259.811 	263.072 	325.052 	339.628 	351.427 	374.46 	399.144 	378.716 	411.088 	452.131 	513.779 	478.684 	530.31 	632.686 
A,IMP,CHE,MIO_EUR,INT_EU27_2020,IE	45.937 	47.925 	37.948 	45.772 	53.324 	57.958 	52.897 	49.002 	65.82 	78.702 	106.875 	94.711 	67.177 	59.898 	75.629 	463.257 
A,IMP,CHE,MIO_EUR,INT_EU27_2020,IS	0.184 	0.142 	0.541 	1.338 	0.606 	0.13 	6.735 	8.222 	11.857 	10.209 	8.479 	6.617 	4.57 	4.686 	7.175 	8.495 
A,IMP,CHE,MIO_EUR,INT_EU27_2020,IT	1009.668 	914.125 	796.642 	905.829 	1045.415 	1025.286 	988.965 	1053.492 	1132.224 	1113.825 	1192.528 	1269.97 	1230.863 	1191.666 	1538.988 	1895.104 
A,IMP,CHE,MIO_EUR,INT_EU27_2020,LT	80.018 	89.669 	73.913 	91.323 	117.076 	134.114 	161.228 	151.976 	157.022 	172.676 	165.466 	172.893 	176.947 	193.211 	246.653 	295.884 
A,IMP,CHE,MIO_EUR,INT_EU27_2020,LU	100.149 	115.564 	95.644 	116.266 	133.901 	134.479 	127.984 	126.631 	118.102 	128.959 	132.614 	159.555 	156.767 	159.973 	181.096 	275.396 
A,IMP,CHE,MIO_EUR,INT_EU27_2020,LV	28.715 	33.498 	29.288 	33.395 	43.129 	57.118 	62.422 	74.384 	78.941 	89.323 	94.936 	93.302 	97.706 	100.842 	131.26 	166.173 
A,IMP,CHE,MIO_EUR,INT_EU27_2020,MT	2.168 	2.741 	2.652 	2.697 	3.134 	3.707 	3.551 	3.285 	3.746 	3.876 	3.542 	3.733 	3.858 	4.69 	4.55 	4.636 
A,IMP,CHE,MIO_EUR,INT_EU27_2020,NL	561.649 	515.517 	459.718 	545.152 	628.907 	698.661 	856.002 	744.374 	864.389 	896.785 	1043.243 	895.74 	864.559 	927.827 	1042.547 	1267.803 
A,IMP,CHE,MIO_EUR,INT_EU27_2020,NO	7.732 	19.554 	123.503 	134.142 	126.345 	29.92 	22.25 	40.836 	39.951 	122.109 	81.655 	90.552 	62.514 	113.431 	119.562 	73.41 
A,IMP,CHE,MIO_EUR,INT_EU27_2020,PL	510.295 	670.845 	574.599 	703.965 	729.227 	710.681 	770.046 	826.907 	971.941 	944.286 	924.464 	1012.134 	1078.794 	1037.315 	1157.929 	1442.558 
A,IMP,CHE,MIO_EUR,INT_EU27_2020,PT	190.358 	217.646 	198.561 	213.099 	251.986 	237.198 	257.689 	272.607 	297.845 	280.699 	294.187 	318.677 	307.592 	334.254 	417.675 	541.853 
A,IMP,CHE,MIO_EUR,INT_EU27_2020,RO	158.751 	167.186 	156.166 	201.011 	250.65 	289.678 	283.41 	313.576 	366.818 	384.663 	453.44 	471.106 	479.913 	520.461 	572.29 	706.044 
A,IMP,CHE,MIO_EUR,INT_EU27_2020,SE	515.204 	542.288 	450.11 	451.811 	335.059 	429.202 	283.19 	447.387 	444.089 	375.37 	396.975 	334.515 	371.214 	413.404 	352.919 	705.216 
A,IMP,CHE,MIO_EUR,INT_EU27_2020,SI	73.286 	66.697 	54.894 	59.582 	70.55 	68.29 	64.131 	68.322 	80.626 	80.977 	81.323 	82.613 	77.247 	85.922 	91.95 	93.161 
A,IMP,CHE,MIO_EUR,INT_EU27_2020,SK	104.032 	141.06 	122.281 	105.806 	129.626 	145.101 	156.505 	172.692 	182.707 	184.946 	192.026 	193.132 	195.777 	185.332 	197.78 	225.151 
A,IMP,CHE,MIO_EUR,WORLD,AT	417.168 	462.074 	391.571 	436.774 	570.669 	499.604 	477.323 	471.768 	464.606 	437.153 	484.99 	498.326 	508.382 	490.454 	508.127 	610.08 
A,IMP,CHE,MIO_EUR,WORLD,BE	1854.752 	1927.168 	1917.271 	1793.808 	2087.729 	1701.49 	1659.029 	1618.509 	1481.921 	1574.339 	1747.34 	1676.207 	1616.236 	1576.656 	1674.505 	2086.849 
A,IMP,CHE,MIO_EUR,WORLD,BG	114.693 	124.002 	107.972 	132.624 	169.596 	182.432 	199.926 	225.684 	244.107 	228.472 	261.935 	267.744 	273.64 	241.864 	277.099 	377.462 
A,IMP,CHE,MIO_EUR,WORLD,CH	170.588 	165.378 	102.198 	159.955 	145.697 	109.364 	106.14 	91.768 	440.39 	391.674 	425.068 	434.062 	418.335 	423.835 	463.435 	558.165 
A,IMP,CHE,MIO_EUR,WORLD,CY	14.321 	16.015 	17.409 	20.38 	20.756 	18.805 	18.111 	17.548 	17.483 	20.118 	23.323 	29.57 	27.426 	26.226 	27.063 	32.279 
A,IMP,CHE,MIO_EUR,WORLD,CZ	423.133 	531.313 	350.473 	452.086 	601.005 	571.998 	604.204 	627.851 	604.514 	533.592 	609.708 	888.795 	828.745 	614.898 	732.586 	979.524 
A,IMP,CHE,MIO_EUR,WORLD,DE	4065.101 	4764.426 	4365.734 	5096.994 	5034.906 	4698.339 	4486.479 	4573.145 	4586.654 	4386.121 	4381.882 	4524.132 	4270.732 	4095.193 	4395.077 	6242.588 
A,IMP,CHE,MIO_EUR,WORLD,DK	275.339 	328.462 	257.178 	255.429 	274.051 	318.717 	322.864 	318.029 	353.574 	335.264 	392.145 	375.528 	395.703 	379.438 	488.057 	507.719 
A,IMP,CHE,MIO_EUR,WORLD,EE	19.661 	28.035 	22.677 	24.46 	86.38 	63.362 	47.16 	48.69 	51.028 	48.947 	43.691 	51.378 	60.169 	66.329 	78.306 	114.972 
A,IMP,CHE,MIO_EUR,WORLD,EL	232.853 	250.929 	209.094 	217.771 	241.902 	217.858 	280.315 	270.818 	269.903 	249.367 	268.727 	305.524 	338.137 	364.493 	346.522 	393.093 
A,IMP,CHE,MIO_EUR,WORLD,ES	1103.769 	1357.591 	1308.962 	1475.571 	1532.143 	1522.064 	1472.463 	1497.395 	1596.088 	1484.836 	1497.682 	1597.337 	1619.279 	1632.87 	1773.242 	2268.388 
A,IMP,CHE,MIO_EUR,WORLD,EU27_2020	19874.817 	20692.698 	19453.237 	21079.043 	23375.222 	22566.991 	22510.439 	22613.211 	23111.333 	21775.393 	22337.082 	22747.566 	22666.489 	22076.185 	24096.668 	32583.257 
A,IMP,CHE,MIO_EUR,WORLD,FI	157.259 	155.73 	142.265 	140.341 	149.727 	144.663 	150.347 	150.346 	156.502 	143.51 	134.035 	147.607 	148.875 	149.338 	177.627 	221.352 
A,IMP,CHE,MIO_EUR,WORLD,FR	3954.604 	3796.843 	4508.72 	4431.78 	5162.959 	4950.797 	5225.792 	4842.975 	4502.635 	4030.265 	3917.807 	3188.45 	3460.176 	3292.724 	3614.4 	5087.727 
A,IMP,CHE,MIO_EUR,WORLD,HR	76.936 	83.094 	71.317 	74.111 	85.803 	86.47 	112.498 	97.507 	119.634 	117.969 	114.089 	143.352 	149.203 	163.574 	188.526 	249.428 
A,IMP,CHE,MIO_EUR,WORLD,HU	309.743 	346.182 	315.302 	322.261 	397.925 	393.79 	415.294 	461.546 	499.186 	473.66 	532.586 	594.916 	622.58 	593.182 	619.908 	765.293 
A,IMP,CHE,MIO_EUR,WORLD,IE	116.839 	124.311 	107.347 	111.65 	127.445 	124.974 	120.24 	124.542 	148.463 	162.055 	216.182 	210.986 	192.84 	202.68 	210.641 	636.758 
A,IMP,CHE,MIO_EUR,WORLD,IS	0.693 	4.662 	1.403 	8.5 	9.466 	12.051 	12.357 	15.156 	24.656 	22.746 	23.431 	26.779 	20.999 	18.141 	28.029 	43.543 
A,IMP,CHE,MIO_EUR,WORLD,IT	1636.17 	1640.506 	1413.829 	1588.576 	1717.592 	1637.799 	1704.435 	1841.875 	1872.826 	1861.796 	2018.074 	2171.467 	2166.612 	1942.315 	2258.604 	3118.188 
A,IMP,CHE,MIO_EUR,WORLD,LT	95.875 	103.78 	88.568 	99.544 	134.891 	151.899 	170.469 	171.02 	176.574 	186.382 	190.961 	193.336 	199.394 	217.888 	271.462 	368.408 
A,IMP,CHE,MIO_EUR,WORLD,LU	108.621 	120.798 	98.273 	123.873 	141.357 	141.986 	142.321 	134.395 	130.544 	138.026 	144.002 	172.677 	164.363 	164.906 	186.653 	281.778 
A,IMP,CHE,MIO_EUR,WORLD,LV	34.114 	37.269 	32.558 	39.179 	48.745 	63.847 	70.077 	81.04 	86.16 	96.922 	104.061 	102.642 	106.721 	110.676 	136.087 	176.72 
A,IMP,CHE,MIO_EUR,WORLD,MT	5.004 	5.826 	5.438 	5.298 	6.073 	6.699 	6.292 	6.652 	7.949 	6.377 	6.323 	5.549 	6.53 	8.214 	7.061 	9.004 
A,IMP,CHE,MIO_EUR,WORLD,NL	2525.098 	1931.334 	1597.183 	1670.427 	1988.023 	2024.282 	2007.624 	1943.336 	2281.665 	2066.798 	2114.423 	2098.947 	1929.827 	2259.094 	2344.39 	3083.348 
A,IMP,CHE,MIO_EUR,WORLD,NO	181.289 	250.09 	343.306 	392.751 	362.647 	128.076 	66.094 	102.735 	55.214 	222.929 	193.541 	187.827 	211.18 	210.499 	274.499 	233.662 
A,IMP,CHE,MIO_EUR,WORLD,PL	672.437 	858.454 	701.913 	850.986 	946.35 	936.59 	1017.62 	1138.542 	1250.37 	1195.318 	1182.963 	1303.987 	1342.948 	1333.933 	1459.25 	1972.32 
A,IMP,CHE,MIO_EUR,WORLD,PT	227.838 	262.798 	234.213 	264.116 	310.835 	273.05 	297.887 	322.821 	344.634 	333.421 	345.933 	388.437 	398.957 	421.829 	501.1 	621.848 
A,IMP,CHE,MIO_EUR,WORLD,RO	269.029 	292.657 	255.557 	312.114 	398.15 	403.438 	424.413 	440.642 	485.883 	543.316 	628.832 	665.193 	664.319 	687.429 	749.182 	906.478 
A,IMP,CHE,MIO_EUR,WORLD,SE	958.288 	894.562 	717.859 	932.842 	891.345 	1181.091 	822.459 	897.107 	1027.08 	772.73 	628.679 	813.03 	857.187 	731.763 	749.256 	1079.523 
A,IMP,CHE,MIO_EUR,WORLD,SI	90.322 	89.756 	76.759 	91.863 	109.82 	96.842 	88.472 	104.607 	157.599 	152.664 	142.738 	129.281 	110.69 	109.918 	118.05 	158.291 
A,IMP,CHE,MIO_EUR,WORLD,SK	115.851 	158.785 	137.796 	114.182 	139.043 	154.105 	166.326 	184.82 	193.753 	195.975 	203.971 	203.17 	206.818 	198.302 	203.885 	233.839 
A,IMP,COM,MIO_EUR,EXT_EU27_2020,AT	482.905 	635.812 	442.847 	620.52 	255.889 	275.68 	481.243 	568.807 	500.629 	646.218 	788.37 	821.776 	761.508 	835.699 	885.107 	869.799 
A,IMP,COM,MIO_EUR,EXT_EU27_2020,BE	1303.444 	1109.087 	795.523 	633.431 	910.113 	849.777 	871.163 	934.581 	1007.981 	942.991 	847.971 	699.301 	637.823 	604.727 	727.361 	997.924 
A,IMP,COM,MIO_EUR,EXT_EU27_2020,BG	56.597 	52.429 	27.626 	30.962 	38.466 	42.605 	53.916 	68.346 	75.662 	67.63 	81.977 	75.308 	82.76 	101.805 	135.736 	124.098 
A,IMP,COM,MIO_EUR,EXT_EU27_2020,CH	132.317 	118.232 	168.431 	189.513 	176.155 	309.241 	310.586 	292.872 	1905.208 	1709.522 	1897.066 	2012.598 	2272.821 	2359.537 	2556.922 	3107.453 
A,IMP,COM,MIO_EUR,EXT_EU27_2020,CY	29.918 	31.398 	23.784 	23.687 	25.709 	17.807 	17.675 	15.336 	21.391 	15.901 	20.616 	22.693 	27.653 	24.275 	25.989 	32.183 
A,IMP,COM,MIO_EUR,EXT_EU27_2020,CZ	1684.082 	2443.579 	2519.161 	3954.287 	5433.364 	5164.895 	4316.412 	4498.507 	5304.875 	4374.937 	4838.571 	5372.719 	5229.424 	6373.612 	7592.861 	8360.841 
A,IMP,COM,MIO_EUR,EXT_EU27_2020,DE	14124.014 	12455.911 	9646.475 	12612.589 	11339.296 	11084.769 	10285.74 	11744.54 	13850.67 	12903.478 	14888.846 	15238.398 	13536.626 	14232.742 	15783.74 	15468.483 
A,IMP,COM,MIO_EUR,EXT_EU27_2020,DK	519.519 	479.325 	427.468 	569.82 	572.689 	517.681 	465.834 	454.898 	475.054 	444.118 	440.225 	373.488 	314.396 	404.311 	462.687 	472.416 
A,IMP,COM,MIO_EUR,EXT_EU27_2020,EE	23.839 	20.76 	11.843 	13.647 	14.496 	16.349 	15.842 	17.41 	20.049 	15.621 	20.761 	33.462 	17.657 	18.374 	34.335 	35.104 
A,IMP,COM,MIO_EUR,EXT_EU27_2020,EL	168.089 	147.958 	116.795 	125.56 	103.25 	88.053 	135.56 	388.336 	510.087 	456.666 	492.585 	653.618 	626.682 	577.921 	527.899 	963.049 
A,IMP,COM,MIO_EUR,EXT_EU27_2020,ES	878.729 	800.073 	798.16 	1267.02 	965.57 	836.946 	934.735 	842.995 	973.129 	867.479 	904.07 	871.993 	802.002 	922.829 	919.418 	1012.013 
A,IMP,COM,MIO_EUR,EXT_EU27_2020,EU27_2020	59909.176 	56686.697 	46637.422 	52218.619 	50231.702 	53370.911 	52526.5 	53855.822 	57670.171 	54472.386 	60863.173 	64113.165 	63450.318 	68976.826 	76091.268 	83810.711 
A,IMP,COM,MIO_EUR,EXT_EU27_2020,FI	174.899 	171.033 	139.307 	169.431 	194.334 	170.233 	164.18 	185.518 	226.246 	243.752 	245.852 	243.001 	171.592 	166.162 	177.909 	170.653 
A,IMP,COM,MIO_EUR,EXT_EU27_2020,FR	3609.691 	2984.596 	1976.046 	2084.354 	2181.826 	2380.418 	2655.813 	2372.346 	2439.445 	2242.323 	2640.497 	2776.396 	2510.568 	2533.72 	2684.954 	3003.45 
A,IMP,COM,MIO_EUR,EXT_EU27_2020,HR	264.027 	244.953 	163.949 	170.897 	166.01 	146.993 	115.47 	57.069 	58.618 	58.483 	62.545 	60.9 	80.568 	101.534 	69.358 	81.344 
A,IMP,COM,MIO_EUR,EXT_EU27_2020,HU	1433.891 	920.851 	886.453 	853.345 	920.838 	1088.023 	1209.315 	1162.23 	1241.459 	1339.582 	1413.443 	1786.554 	1962.802 	2246.941 	2182.228 	2296.151 
A,IMP,COM,MIO_EUR,EXT_EU27_2020,IE	6287.733 	4703.228 	2453.781 	1779.602 	1756.438 	1780.533 	2002.125 	2092.371 	2686.033 	2334.006 	2412.45 	2869.971 	2858.915 	2883.031 	2742.073 	3395.653 
A,IMP,COM,MIO_EUR,EXT_EU27_2020,IS	19.268 	11.205 	5.526 	8.378 	9.312 	8.977 	8.956 	9.319 	81.775 	96.182 	105.188 	142.119 	156.702 	122.323 	214.235 	168.66 
A,IMP,COM,MIO_EUR,EXT_EU27_2020,IT	1226.813 	1336.665 	1317.174 	1923.215 	2306.803 	2486.048 	2271.719 	2162.569 	2051.223 	1962.846 	2056.06 	1998.767 	2073.308 	2137.232 	2303.24 	2561.887 
A,IMP,COM,MIO_EUR,EXT_EU27_2020,LT	67.306 	78.281 	27.656 	59.186 	65.012 	80.406 	78.276 	98.475 	81.216 	63.325 	82.526 	59.939 	91.635 	104.631 	66.96 	74.698 
A,IMP,COM,MIO_EUR,EXT_EU27_2020,LU	3422.253 	4143.337 	3225.992 	868.687 	251.754 	235.429 	247.623 	274.344 	345.182 	273.492 	147.288 	27.473 	38.826 	27.259 	28.942 	19.055 
A,IMP,COM,MIO_EUR,EXT_EU27_2020,LV	25.868 	33.461 	19.238 	30.139 	39.904 	67.588 	65.997 	55.161 	45.326 	39.181 	46.824 	59.086 	42.499 	56.659 	84.49 	70.876 
A,IMP,COM,MIO_EUR,EXT_EU27_2020,MT	19.196 	20.038 	15.139 	12.312 	11.611 	12.812 	12.534 	11.71 	14.862 	14.732 	14.49 	20.316 	14.389 	16.726 	21.179 	22.978 
A,IMP,COM,MIO_EUR,EXT_EU27_2020,NL	22349.412 	21537.467 	19166.081 	21220.109 	19620.494 	22576.448 	22589.545 	22427.879 	22084.1 	21835.544 	25120.481 	26508.402 	28084.124 	30470.58 	34434.221 	38687.631 
A,IMP,COM,MIO_EUR,EXT_EU27_2020,NO	407.445 	379.884 	301.347 	336.955 	371.856 	340.701 	324.213 	327.63 	1307.165 	1276.866 	1277.489 	1408.628 	1405.634 	1321.502 	1683.259 	1660.753 
A,IMP,COM,MIO_EUR,EXT_EU27_2020,PL	491.902 	1039.547 	1413.809 	1942.053 	1484.191 	1730.009 	1702.309 	1826.356 	2198.291 	2073.024 	2044.368 	2203.776 	2306.922 	2867.665 	2641.838 	3521.279 
A,IMP,COM,MIO_EUR,EXT_EU27_2020,PT	109.474 	155.738 	120.704 	82.911 	66.202 	80.105 	101.278 	96.157 	89.043 	67.343 	68.072 	82.561 	95.693 	121.246 	257.637 	166.143 
A,IMP,COM,MIO_EUR,EXT_EU27_2020,RO	238.395 	209.645 	110.476 	122.935 	165.685 	172.977 	189.566 	218.023 	235.816 	283.419 	274.47 	279.72 	259.607 	302.59 	317.24 	339.304 
A,IMP,COM,MIO_EUR,EXT_EU27_2020,SE	749.613 	700.02 	580.576 	719.415 	803.253 	920.66 	947.425 	767.004 	658.355 	622.367 	714.992 	807.115 	652.819 	689.921 	794.79 	844.321 
A,IMP,COM,MIO_EUR,EXT_EU27_2020,SI	52.735 	60.248 	48.424 	53.79 	43.063 	41.141 	40.258 	53.828 	77.547 	74.903 	71.601 	82.685 	81.419 	82.337 	95.513 	101.662 
A,IMP,COM,MIO_EUR,EXT_EU27_2020,SK	114.832 	171.255 	162.935 	274.714 	495.442 	506.528 	554.947 	461.028 	397.879 	209.024 	123.222 	83.748 	88.101 	72.297 	93.561 	117.716 
A,IMP,COM,MIO_EUR,INT_EU27_2020,AT	2018.836 	1817.664 	1577.81 	1804.833 	1772.695 	1784.397 	1778.671 	1658.433 	1642.834 	1697.437 	1918.757 	1871.187 	2013.863 	2014.654 	2098.438 	2260.525 
A,IMP,COM,MIO_EUR,INT_EU27_2020,BE	2650.491 	2725.975 	2288.685 	2518.677 	2713.871 	2845.849 	2650.887 	2768.332 	2484.771 	2564.113 	2778.051 	3116.29 	2953.716 	3028.669 	3398.668 	3310.937 
A,IMP,COM,MIO_EUR,INT_EU27_2020,BG	224.457 	249.184 	187.173 	196.39 	174.85 	207.208 	222.547 	238.081 	225.715 	234.113 	259.724 	254.632 	260.879 	284.604 	373.26 	410.504 
A,IMP,COM,MIO_EUR,INT_EU27_2020,CH	553.504 	545.316 	413.146 	403.023 	408.288 	227.846 	227.107 	212.577 	1421.55 	1409.918 	1257.918 	1320.538 	1228.713 	1148.1 	1095.8 	1319.433 
A,IMP,COM,MIO_EUR,INT_EU27_2020,CY	71.722 	79.688 	61.707 	66.125 	57.693 	54.183 	41.58 	45.706 	56.531 	57.71 	57.703 	57.124 	58.777 	72.229 	89.26 	95.571 
A,IMP,COM,MIO_EUR,INT_EU27_2020,CZ	3536.567 	2797.546 	2260.916 	3038.731 	2445.887 	2333.046 	2104.114 	2414.307 	3040.845 	2882.642 	3545.825 	3880.615 	4700.065 	5492.917 	5458.72 	4600.366 
A,IMP,COM,MIO_EUR,INT_EU27_2020,DE	10114.913 	9447.751 	8623.301 	9907.747 	10135.714 	10113.235 	9445.891 	10918.232 	11763.463 	12077.894 	13248.106 	13632.751 	15405.456 	16945.242 	19371.092 	19529.985 
A,IMP,COM,MIO_EUR,INT_EU27_2020,DK	1777.215 	1540.567 	1348.659 	1357.557 	1591.635 	1840.122 	1713.619 	1738.022 	1751.411 	1843.535 	1941.206 	1955.623 	2150.064 	2478.819 	2606.725 	2702.734 
A,IMP,COM,MIO_EUR,INT_EU27_2020,EE	132.181 	97.963 	54.963 	74.608 	92.688 	106.618 	107.148 	106.433 	114.631 	116.825 	134.165 	151.73 	170.011 	178.21 	256.279 	264.924 
A,IMP,COM,MIO_EUR,INT_EU27_2020,EL	788.783 	815.941 	692.565 	510.788 	367.715 	304.895 	350.188 	406.217 	375.613 	334.772 	350.186 	389.626 	429.049 	521.941 	641.883 	545.964 
A,IMP,COM,MIO_EUR,INT_EU27_2020,ES	4484.291 	3886.91 	2930.445 	2887.12 	2555.171 	2646.825 	2541.806 	2750.079 	2871.689 	2811.233 	3768.1 	3802.932 	3653.627 	3925.249 	4626.947 	4794.499 
A,IMP,COM,MIO_EUR,INT_EU27_2020,EU27_2020	56293.985 	52517.221 	44283.909 	48092.646 	46998.282 	47482.419 	45580.423 	48755.798 	51306.143 	51711.011 	58163.373 	60957.917 	64791.569 	69781.527 	78492.452 	81882.59 
A,IMP,COM,MIO_EUR,INT_EU27_2020,FI	1069.121 	948.553 	798.224 	964.148 	997.819 	1085.939 	1055.509 	1083.303 	1078.591 	1094.055 	1341.202 	1524.723 	1292.834 	1226.226 	1514.45 	1595.144 
A,IMP,COM,MIO_EUR,INT_EU27_2020,FR	8245.486 	7857.359 	7334.513 	8006.102 	7939.11 	7632.488 	7518.547 	7509.218 	7914.601 	7697.611 	8327.072 	8049.402 	8365.274 	8677.875 	9743.126 	9803.054 
A,IMP,COM,MIO_EUR,INT_EU27_2020,HR	78.523 	71.884 	60.444 	56.21 	51.141 	54.174 	109.42 	168.141 	185.874 	170.854 	200.659 	214.167 	233.228 	227.418 	277.534 	311.848 
A,IMP,COM,MIO_EUR,INT_EU27_2020,HU	1088.592 	921.69 	672.806 	739.074 	783.779 	764.824 	839.88 	900.226 	1081.58 	1019.988 	1112.451 	1062.399 	1135.16 	1000.858 	1018.637 	1657.928 
A,IMP,COM,MIO_EUR,INT_EU27_2020,IE	1906.798 	1796.281 	1268.728 	786.478 	748.985 	748.822 	671.822 	812.789 	955.805 	907.571 	920.146 	1551.255 	2126.489 	1948.775 	1782.855 	2217.485 
A,IMP,COM,MIO_EUR,INT_EU27_2020,IS	9.886 	4.373 	2.931 	3.611 	2.275 	2.472 	3.2 	4.777 	28.049 	28.253 	35.331 	47.471 	35.051 	39.422 	65.09 	127.581 
A,IMP,COM,MIO_EUR,INT_EU27_2020,IT	5311.195 	4378.71 	3664.902 	3911.158 	3451.954 	3280.169 	3213.207 	3382.201 	3636.252 	3609.763 	3827.369 	3826.081 	3930.349 	4428.381 	4907.307 	4873.137 
A,IMP,COM,MIO_EUR,INT_EU27_2020,LT	222.064 	157.158 	100.773 	131.881 	182.452 	223.543 	230.532 	257.764 	279.207 	309.014 	345.989 	343.42 	407.483 	424.752 	562.231 	566.364 
A,IMP,COM,MIO_EUR,INT_EU27_2020,LU	442.958 	251.213 	211.27 	229.141 	216.918 	238.773 	225.037 	234.272 	234.425 	254.048 	267.235 	267.832 	275.651 	287.1 	298.589 	316.298 
A,IMP,COM,MIO_EUR,INT_EU27_2020,LV	193.069 	158.046 	76.006 	88.784 	104.501 	125.103 	122.156 	144.091 	179.683 	238.945 	214.298 	227.523 	245.194 	307.324 	333.441 	362.886 
A,IMP,COM,MIO_EUR,INT_EU27_2020,MT	28.795 	26.481 	19.125 	22.276 	19.688 	29.275 	23.415 	23.695 	35.248 	27.569 	33.055 	36.521 	34.538 	36.841 	44.332 	53.438 
A,IMP,COM,MIO_EUR,INT_EU27_2020,NL	4852.654 	4700.979 	4488.54 	4526.288 	4356.093 	4374.603 	3651.533 	3757.831 	3847.365 	4292.739 	5080.183 	5665.004 	6026.308 	6362.341 	7033.11 	9289.067 
A,IMP,COM,MIO_EUR,INT_EU27_2020,NO	315.367 	307.79 	226.743 	246.859 	243.053 	182.691 	169.564 	154.529 	385.151 	326.504 	332.315 	382.451 	370.143 	350.69 	379.534 	491.325 
A,IMP,COM,MIO_EUR,INT_EU27_2020,PL	1808.296 	2489.136 	1561.085 	1710.006 	1801.816 	2109.456 	2078.558 	2158.274 	2455.161 	2323.825 	2955.883 	3024.711 	2989.521 	3563.607 	4134.589 	4283.701 
A,IMP,COM,MIO_EUR,INT_EU27_2020,PT	978.187 	1035.323 	882.709 	835.805 	698.761 	630.395 	663.938 	668.382 	671.319 	628.313 	729.434 	777.889 	840.918 	832.41 	1010.305 	1012.071 
A,IMP,COM,MIO_EUR,INT_EU27_2020,RO	648.269 	630.762 	379.065 	448.5 	459.716 	451.266 	415.04 	479.364 	517.847 	489.553 	526.964 	580.047 	657.309 	803.974 	938.878 	1054.616 
A,IMP,COM,MIO_EUR,INT_EU27_2020,SE	2723.523 	2526.701 	2087.472 	2600.489 	2650.283 	2761.502 	2791.156 	2992.475 	2767.311 	2721.026 	2906.929 	3301.291 	3043.182 	3250.265 	4124.616 	4241.285 
A,IMP,COM,MIO_EUR,INT_EU27_2020,SI	247.416 	322.363 	252.94 	252.059 	172.361 	154.165 	150.4 	176.815 	181.243 	182.819 	209.136 	200.111 	192.062 	213.971 	245.856 	283.765 
A,IMP,COM,MIO_EUR,INT_EU27_2020,SK	649.585 	785.395 	399.082 	421.671 	454.985 	581.544 	863.819 	963.115 	957.129 	1123.046 	1163.545 	1193.032 	1200.56 	1246.874 	1601.322 	1444.494 
A,IMP,COM,MIO_EUR,WORLD,AT	2501.741 	2453.476 	2020.657 	2425.353 	2028.584 	2060.076 	2259.915 	2227.24 	2143.463 	2343.655 	2707.128 	2692.963 	2775.37 	2850.354 	2983.545 	3130.324 
A,IMP,COM,MIO_EUR,WORLD,BE	3953.935 	3835.062 	3084.208 	3152.108 	3623.983 	3695.626 	3522.049 	3702.913 	3492.752 	3507.104 	3626.022 	3815.591 	3591.539 	3633.396 	4126.03 	4308.86 
A,IMP,COM,MIO_EUR,WORLD,BG	281.055 	301.614 	214.8 	227.352 	213.317 	249.813 	276.463 	306.427 	301.377 	301.743 	341.7 	329.94 	343.639 	386.409 	508.996 	534.602 
A,IMP,COM,MIO_EUR,WORLD,CH	685.821 	663.548 	581.577 	592.536 	584.442 	537.086 	537.693 	505.449 	3326.758 	3119.44 	3154.984 	3333.137 	3501.534 	3507.637 	3652.722 	4426.886 
A,IMP,COM,MIO_EUR,WORLD,CY	101.64 	111.086 	85.49 	89.812 	83.402 	71.99 	59.255 	61.042 	77.923 	73.611 	78.32 	79.817 	86.43 	96.504 	115.249 	127.754 
A,IMP,COM,MIO_EUR,WORLD,CZ	5220.649 	5241.125 	4780.077 	6993.018 	7879.251 	7497.941 	6420.526 	6912.813 	8345.72 	7257.579 	8384.396 	9253.334 	9929.489 	11866.529 	13051.581 	12961.206 
A,IMP,COM,MIO_EUR,WORLD,DE	24238.927 	21903.662 	18269.776 	22520.336 	21475.01 	21198.004 	19731.631 	22662.772 	25614.133 	24981.372 	28136.952 	28871.149 	28942.082 	31177.984 	35154.832 	34998.469 
A,IMP,COM,MIO_EUR,WORLD,DK	2296.733 	2019.892 	1776.127 	1927.377 	2164.324 	2357.804 	2179.453 	2192.919 	2226.465 	2287.653 	2381.431 	2329.111 	2464.459 	2883.13 	3069.411 	3175.151 
A,IMP,COM,MIO_EUR,WORLD,EE	156.019 	118.723 	66.806 	88.256 	107.183 	122.966 	122.99 	123.843 	134.68 	132.445 	154.927 	185.192 	187.668 	196.584 	290.614 	300.028 
A,IMP,COM,MIO_EUR,WORLD,EL	956.872 	963.899 	809.359 	636.348 	470.965 	392.948 	485.748 	794.554 	885.7 	791.438 	842.771 	1043.244 	1055.731 	1099.862 	1169.782 	1509.013 
A,IMP,COM,MIO_EUR,WORLD,ES	5363.02 	4686.984 	3728.605 	4154.141 	3520.742 	3483.771 	3476.541 	3593.074 	3844.818 	3678.711 	4672.17 	4674.924 	4455.629 	4848.078 	5546.365 	5806.512 
A,IMP,COM,MIO_EUR,WORLD,EU27_2020	116203.161 	109203.918 	90921.331 	100311.265 	97229.984 	100853.33 	98106.923 	102611.62 	108976.314 	106183.397 	119026.546 	125071.082 	128241.886 	138758.353 	154583.719 	165693.301 
A,IMP,COM,MIO_EUR,WORLD,FI	1244.019 	1119.585 	937.531 	1133.58 	1192.152 	1256.171 	1219.689 	1268.821 	1304.837 	1337.807 	1587.054 	1767.724 	1464.427 	1392.388 	1692.359 	1765.797 
A,IMP,COM,MIO_EUR,WORLD,FR	11855.177 	10841.955 	9310.559 	10090.456 	10120.936 	10012.905 	10174.36 	9881.564 	10354.046 	9939.934 	10967.569 	10825.798 	10875.843 	11211.595 	12428.08 	12806.505 
A,IMP,COM,MIO_EUR,WORLD,HR	342.55 	316.837 	224.394 	227.107 	217.151 	201.167 	224.89 	225.209 	244.492 	229.338 	263.204 	275.067 	313.795 	328.952 	346.892 	393.192 
A,IMP,COM,MIO_EUR,WORLD,HU	2522.483 	1842.541 	1559.26 	1592.419 	1704.616 	1852.846 	2049.195 	2062.456 	2323.039 	2359.57 	2525.894 	2848.952 	3097.962 	3247.799 	3200.866 	3954.079 
A,IMP,COM,MIO_EUR,WORLD,IE	8194.531 	6499.51 	3722.509 	2566.08 	2505.423 	2529.355 	2673.948 	2905.16 	3641.838 	3241.577 	3332.595 	4421.226 	4985.404 	4831.806 	4524.928 	5613.138 
A,IMP,COM,MIO_EUR,WORLD,IS	29.154 	15.577 	8.456 	11.99 	11.588 	11.45 	12.156 	14.096 	109.824 	124.435 	140.518 	189.589 	191.753 	161.744 	279.325 	296.241 
A,IMP,COM,MIO_EUR,WORLD,IT	6538.008 	5715.375 	4982.076 	5834.373 	5758.757 	5766.217 	5484.926 	5544.769 	5687.474 	5572.609 	5883.429 	5824.848 	6003.657 	6565.613 	7210.547 	7435.023 
A,IMP,COM,MIO_EUR,WORLD,LT	289.37 	235.439 	128.429 	191.067 	247.465 	303.949 	308.807 	356.24 	360.423 	372.339 	428.515 	403.359 	499.118 	529.382 	629.191 	641.062 
A,IMP,COM,MIO_EUR,WORLD,LU	3865.211 	4394.55 	3437.262 	1097.827 	468.672 	474.202 	472.66 	508.616 	579.608 	527.54 	414.523 	295.305 	314.477 	314.359 	327.532 	335.353 
A,IMP,COM,MIO_EUR,WORLD,LV	218.937 	191.506 	95.244 	118.923 	144.405 	192.69 	188.153 	199.252 	225.009 	278.126 	261.122 	286.609 	287.694 	363.983 	417.932 	433.762 
A,IMP,COM,MIO_EUR,WORLD,MT	47.99 	46.519 	34.264 	34.588 	31.299 	42.087 	35.95 	35.406 	50.11 	42.301 	47.545 	56.837 	48.928 	53.567 	65.511 	76.417 
A,IMP,COM,MIO_EUR,WORLD,NL	27202.067 	26238.446 	23654.621 	25746.398 	23976.588 	26951.05 	26241.078 	26185.71 	25931.465 	26128.283 	30200.664 	32173.407 	34110.433 	36832.921 	41467.331 	47976.698 
A,IMP,COM,MIO_EUR,WORLD,NO	722.813 	687.674 	528.091 	583.815 	614.909 	523.392 	493.777 	482.159 	1692.316 	1603.37 	1609.804 	1791.079 	1775.777 	1672.192 	2062.793 	2152.078 
A,IMP,COM,MIO_EUR,WORLD,PL	2300.198 	3528.684 	2974.894 	3652.059 	3286.007 	3839.465 	3780.867 	3984.63 	4653.453 	4396.849 	5000.251 	5228.486 	5296.442 	6431.272 	6776.427 	7804.98 
A,IMP,COM,MIO_EUR,WORLD,PT	1087.661 	1191.061 	1003.413 	918.716 	764.963 	710.499 	765.216 	764.539 	760.362 	695.657 	797.506 	860.45 	936.611 	953.656 	1267.942 	1178.214 
A,IMP,COM,MIO_EUR,WORLD,RO	886.663 	840.407 	489.542 	571.435 	625.401 	624.243 	604.607 	697.387 	753.663 	772.972 	801.435 	859.767 	916.916 	1106.565 	1256.118 	1393.92 
A,IMP,COM,MIO_EUR,WORLD,SE	3473.135 	3226.721 	2668.048 	3319.904 	3453.536 	3682.163 	3738.581 	3759.479 	3425.666 	3343.392 	3621.92 	4108.405 	3696.001 	3940.186 	4919.406 	5085.606 
A,IMP,COM,MIO_EUR,WORLD,SI	300.15 	382.611 	301.364 	305.849 	215.424 	195.306 	190.659 	230.643 	258.79 	257.722 	280.737 	282.796 	273.481 	296.308 	341.369 	385.427 
A,IMP,COM,MIO_EUR,WORLD,SK	764.416 	956.65 	562.017 	696.385 	950.427 	1088.072 	1418.766 	1424.143 	1355.008 	1332.069 	1286.768 	1276.78 	1288.661 	1319.171 	1694.883 	1562.209 
A,IMP,ELM,MIO_EUR,EXT_EU27_2020,AT	72.057 	84.441 	89.431 	109.622 	116.454 	123.569 	142.09 	145.014 	170.266 	190.092 	187.74 	263.834 	255.077 	170.394 	158.424 	216.874 
A,IMP,ELM,MIO_EUR,EXT_EU27_2020,BE	256.998 	280.067 	149.134 	147.519 	170.832 	195.434 	181.801 	199.624 	285.982 	287.71 	323.549 	293.255 	346.813 	278.369 	378.538 	454.462 
A,IMP,ELM,MIO_EUR,EXT_EU27_2020,BG	11.65 	12.911 	10.764 	9.895 	13.034 	15.335 	16.303 	27.642 	56.086 	67.142 	62.433 	65.657 	59.827 	52.544 	89.937 	71.373 
A,IMP,ELM,MIO_EUR,EXT_EU27_2020,CH	67.873 	66.673 	65.536 	75.116 	86.99 	147.331 	135.267 	159.05 	193.703 	200.028 	207.546 	208.72 	233.694 	242.865 	291.102 	376.995 
A,IMP,ELM,MIO_EUR,EXT_EU27_2020,CY	2.816 	4.129 	2.652 	4.512 	4.738 	6.038 	4.839 	5.926 	14.835 	9.09 	9.103 	8.938 	6.832 	5.913 	7.855 	16.179 
A,IMP,ELM,MIO_EUR,EXT_EU27_2020,CZ	136.476 	138.199 	97.452 	185.103 	251.137 	284.29 	297.017 	313.141 	314.655 	327.05 	313.335 	366.311 	451.521 	392.942 	477.429 	520.01 
A,IMP,ELM,MIO_EUR,EXT_EU27_2020,DE	1998.692 	1861.751 	1609.18 	2211.963 	2500.192 	2395.9 	2504.699 	2675.022 	2824.711 	2937.686 	3253.002 	3531.664 	3540.335 	3250.657 	3916.293 	4989.907 
A,IMP,ELM,MIO_EUR,EXT_EU27_2020,DK	71.077 	72.997 	60.345 	74.244 	87.511 	90.225 	75.825 	101.62 	115.116 	113.84 	117.3 	133.926 	134.263 	119.715 	111.288 	150.117 
A,IMP,ELM,MIO_EUR,EXT_EU27_2020,EE	13.455 	10.519 	6.277 	9.844 	10.824 	9.949 	9.789 	8.482 	10.934 	11.685 	15.239 	17.417 	14.999 	15.363 	17.817 	34.582 
A,IMP,ELM,MIO_EUR,EXT_EU27_2020,EL	19.891 	22.622 	17.597 	17.797 	18.204 	18.006 	18.468 	23.783 	36.98 	53.29 	58.645 	53.557 	60.843 	57.882 	66.307 	111.585 
A,IMP,ELM,MIO_EUR,EXT_EU27_2020,ES	254.348 	247.223 	183.103 	178.406 	199.781 	277.193 	381.994 	421.851 	484.477 	415.761 	432.456 	371.199 	394.098 	361.215 	418.093 	537.872 
A,IMP,ELM,MIO_EUR,EXT_EU27_2020,EU27_2020	5619.728 	5517.292 	4413.286 	5707.691 	6178.299 	6355.743 	6666.219 	7229.737 	8111.881 	8009.919 	8809.839 	9483.365 	9944.08 	8937.001 	10547.182 	13342.449 
A,IMP,ELM,MIO_EUR,EXT_EU27_2020,FI	242.982 	77.042 	64.506 	55.918 	57.688 	53.132 	56.612 	66.258 	69.602 	73.264 	74.117 	88.88 	77.232 	75.233 	74.477 	84.236 
A,IMP,ELM,MIO_EUR,EXT_EU27_2020,FR	541.017 	605.94 	405.697 	510.444 	615.224 	699.653 	743.38 	853.797 	996.754 	919.683 	1005.083 	1092.645 	1163.997 	1051.503 	1146.611 	1372.738 
A,IMP,ELM,MIO_EUR,EXT_EU27_2020,HR	24.503 	23.16 	16.631 	14.493 	15.803 	15.222 	10.759 	7.969 	9.76 	13.389 	18.466 	14.656 	13.685 	40.816 	111.902 	160.347 
A,IMP,ELM,MIO_EUR,EXT_EU27_2020,HU	651.848 	565.737 	430.293 	476.293 	216.672 	157.468 	168.766 	196.912 	214.414 	160.726 	172.56 	189.447 	200.23 	209.591 	254.814 	280.838 
A,IMP,ELM,MIO_EUR,EXT_EU27_2020,IE	121.877 	145.084 	122.633 	130.365 	167.871 	119.971 	111.808 	132.923 	159.558 	133.622 	139.472 	135.638 	140.355 	122.137 	135.345 	196.149 
A,IMP,ELM,MIO_EUR,EXT_EU27_2020,IS	13.997 	3.553 	2.499 	5.059 	5.591 	3.15 	3.172 	7.33 	7.344 	11.138 	9.836 	11.316 	8.57 	8.003 	18.632 	12.057 
A,IMP,ELM,MIO_EUR,EXT_EU27_2020,IT	272.883 	264.295 	229.127 	287.23 	300.689 	363.302 	389.633 	419.188 	523.381 	505.918 	542.924 	506.566 	530.867 	479.088 	631.131 	694.077 
A,IMP,ELM,MIO_EUR,EXT_EU27_2020,LT	7.455 	7.817 	5.549 	8.526 	8.015 	10.495 	11.935 	12.788 	14.429 	14.963 	19.026 	23.053 	21.604 	23.178 	35.736 	22.003 
A,IMP,ELM,MIO_EUR,EXT_EU27_2020,LU	14.718 	11.068 	6.209 	7.935 	7.72 	10.226 	11.562 	12.561 	12.507 	8.461 	13.451 	14.444 	10.734 	10.755 	14.716 	11.641 
A,IMP,ELM,MIO_EUR,EXT_EU27_2020,LV	2.757 	3.928 	2.096 	3.621 	3.533 	5.017 	6.345 	5.794 	6.57 	6.28 	7.156 	8.982 	9.906 	14.924 	45.28 	51.915 
A,IMP,ELM,MIO_EUR,EXT_EU27_2020,MT	2.461 	2.453 	1.703 	2.522 	3.436 	3.936 	4.068 	4.604 	4.798 	4.877 	4.673 	5.588 	4.869 	3.568 	4.425 	6.084 
A,IMP,ELM,MIO_EUR,EXT_EU27_2020,NL	570.222 	702.106 	530.341 	747.617 	845.093 	870.935 	732.986 	711.826 	802.616 	806.267 	997.778 	1259.697 	1416.961 	1134.141 	1260.076 	1892.627 
A,IMP,ELM,MIO_EUR,EXT_EU27_2020,NO	67.053 	65.782 	75.107 	80.324 	95.865 	92.569 	118.94 	120.885 	: 	125.498 	96.488 	143.548 	201.334 	197.721 	239.787 	139.559 
A,IMP,ELM,MIO_EUR,EXT_EU27_2020,PL	81.693 	90.883 	106.459 	138.765 	133.366 	194.474 	233.903 	281.848 	376.91 	372.889 	416.303 	457.793 	514.734 	498.991 	541.156 	629.112 
A,IMP,ELM,MIO_EUR,EXT_EU27_2020,PT	43.072 	58.258 	70.328 	98.92 	125.73 	112.683 	112.523 	101.903 	109.534 	143.414 	160.186 	110.836 	103.982 	110.857 	96.559 	126.681 
A,IMP,ELM,MIO_EUR,EXT_EU27_2020,RO	30.843 	39.539 	29.423 	35.897 	36.807 	39.046 	41.993 	44.462 	52.209 	68.83 	74.222 	86.648 	84.231 	85.789 	102.878 	128.097 
A,IMP,ELM,MIO_EUR,EXT_EU27_2020,SE	123.942 	128.182 	115.316 	163.934 	194.506 	197.485 	206.221 	239.281 	277.803 	260.815 	278.537 	278.186 	264.826 	250.504 	316.39 	414.005 
A,IMP,ELM,MIO_EUR,EXT_EU27_2020,SI	9.903 	13.425 	12.838 	23.901 	20.519 	20.93 	102.597 	126.112 	105.632 	31.483 	41.04 	44.082 	53.685 	57.876 	59.276 	72.512 
A,IMP,ELM,MIO_EUR,EXT_EU27_2020,SK	40.091 	43.517 	38.2 	52.407 	52.922 	65.83 	88.301 	89.407 	61.365 	71.691 	72.044 	60.466 	67.574 	63.058 	74.432 	96.427 
A,IMP,ELM,MIO_EUR,INT_EU27_2020,AT	320.84 	324.104 	260.803 	283.41 	290.025 	285.6 	314.279 	330.424 	338.349 	340.368 	352.158 	396.147 	442.588 	460.324 	573.266 	632.675 
A,IMP,ELM,MIO_EUR,INT_EU27_2020,BE	305.273 	287.809 	222.044 	226.084 	269.286 	298.136 	279.336 	238.663 	236.565 	274.293 	293.44 	304.162 	321.588 	332.822 	393.591 	482.202 
A,IMP,ELM,MIO_EUR,INT_EU27_2020,BG	20.615 	23.774 	19.921 	19.204 	20.024 	29.324 	21.237 	26.702 	28.868 	35.367 	42.293 	62.67 	100.339 	85.875 	161.043 	218.957 
A,IMP,ELM,MIO_EUR,INT_EU27_2020,CH	228.638 	250.391 	225.236 	278.718 	284.068 	233.806 	239.467 	250.906 	262.456 	247.314 	257.689 	279.538 	296.693 	313.739 	307.332 	353.955 
A,IMP,ELM,MIO_EUR,INT_EU27_2020,CY	3.753 	3.726 	3.185 	4.453 	4.155 	2.572 	2.765 	2.771 	4.05 	4.225 	5.443 	6.9 	7.21 	8.033 	7.368 	13.153 
A,IMP,ELM,MIO_EUR,INT_EU27_2020,CZ	141.052 	172.571 	154.225 	203.448 	262.401 	242.424 	264.784 	266.202 	297.523 	319.396 	364.175 	377.323 	380.512 	377.008 	472.596 	577.839 
A,IMP,ELM,MIO_EUR,INT_EU27_2020,DE	885.509 	907.61 	753.745 	925.266 	1055.935 	1027.077 	1204.185 	1491.346 	1613.707 	1632.954 	1679.079 	1726.77 	1843.917 	1774.328 	2142.46 	2539.656 
A,IMP,ELM,MIO_EUR,INT_EU27_2020,DK	104.802 	104.728 	107.295 	131.732 	133.167 	107.518 	109.475 	120.277 	133.481 	152.803 	159.543 	195.781 	190.356 	180.11 	210.243 	231.596 
A,IMP,ELM,MIO_EUR,INT_EU27_2020,EE	32.917 	31.996 	19.147 	34.835 	51.918 	55.498 	52.402 	64.823 	47.329 	49.303 	57.211 	59.692 	65.989 	58.237 	56.918 	79.325 
A,IMP,ELM,MIO_EUR,INT_EU27_2020,EL	42.988 	46.891 	44.986 	32.242 	29.744 	26.636 	30.637 	40.635 	36.876 	37.202 	43.385 	53.891 	54.721 	56.819 	83.727 	97.347 
A,IMP,ELM,MIO_EUR,INT_EU27_2020,ES	455.479 	474.166 	350.016 	409.969 	362.994 	327.236 	377.542 	451.705 	552.31 	503.266 	548.486 	491.619 	510.422 	556.765 	657.798 	821.666 
A,IMP,ELM,MIO_EUR,INT_EU27_2020,EU27_2020	4934.396 	5209.248 	4091.95 	4900.253 	5400.748 	5018.101 	5323.46 	5946.872 	6668.834 	7132.467 	7873.137 	8222.967 	9075.585 	8786.93 	10603.478 	12700.133 
A,IMP,ELM,MIO_EUR,INT_EU27_2020,FI	98.88 	77.77 	69.405 	87.806 	106.07 	102.159 	91.446 	94.559 	87.22 	102.025 	114.534 	128.884 	124.93 	128.253 	183.469 	180.333 
A,IMP,ELM,MIO_EUR,INT_EU27_2020,FR	583.366 	623.357 	539.172 	611.711 	604.963 	562.556 	567.834 	669.321 	853.944 	842.015 	879.879 	982.856 	1042.551 	1004.01 	1132.672 	1235.928 
A,IMP,ELM,MIO_EUR,INT_EU27_2020,HR	74.672 	58.388 	28.719 	26.01 	16.061 	12.872 	15.812 	22.049 	27.567 	29.124 	33.614 	42.101 	52.764 	46.932 	67.373 	94.71 
A,IMP,ELM,MIO_EUR,INT_EU27_2020,HU	202.09 	260.209 	180.851 	219.52 	245.012 	255.448 	245.955 	257.282 	331.625 	430.521 	413.05 	382.069 	502.871 	434.746 	448.275 	485.872 
A,IMP,ELM,MIO_EUR,INT_EU27_2020,IE	73.764 	62.931 	33.505 	20.444 	23.139 	23.806 	27.639 	29.947 	37.435 	43.384 	41.976 	44.717 	47.896 	49.351 	55.467 	59.382 
A,IMP,ELM,MIO_EUR,INT_EU27_2020,IS	4.814 	3.665 	5.813 	6.886 	4.378 	1.868 	2.098 	2.352 	2.83 	3.617 	4.171 	3.871 	3.015 	3.093 	4.13 	3.872 
A,IMP,ELM,MIO_EUR,INT_EU27_2020,IT	398.647 	404.42 	297.731 	375.877 	423.231 	340.619 	354.772 	369.153 	395.42 	432.532 	509.182 	573.68 	663.839 	616.047 	835.24 	1231.667 
A,IMP,ELM,MIO_EUR,INT_EU27_2020,LT	19.431 	16.927 	12.081 	13.044 	19.312 	17.743 	23.266 	20.312 	25.799 	27.827 	32.395 	54.038 	65.839 	54.282 	72.795 	81.081 
A,IMP,ELM,MIO_EUR,INT_EU27_2020,LU	17.343 	17.586 	15.49 	19.584 	19.678 	21.459 	26.646 	30.684 	30.048 	31.385 	28.34 	30.544 	32.702 	33.173 	29.131 	33.377 
A,IMP,ELM,MIO_EUR,INT_EU27_2020,LV	13.329 	11.352 	8.296 	9.599 	10.223 	11.974 	13.037 	15.755 	18.728 	17.48 	24.876 	40.306 	38.928 	34.341 	39.91 	48.296 
A,IMP,ELM,MIO_EUR,INT_EU27_2020,MT	4.397 	3.607 	6.228 	4.011 	3.422 	4.406 	2.299 	3.527 	3.981 	2.75 	2.611 	3.335 	5.975 	4.367 	4.733 	7.055 
A,IMP,ELM,MIO_EUR,INT_EU27_2020,NL	475.735 	560.916 	334.324 	367.341 	446.497 	421.092 	417.974 	467.622 	472.513 	642.386 	661.225 	695.751 	817.734 	735.631 	915.728 	1107.88 
A,IMP,ELM,MIO_EUR,INT_EU27_2020,NO	63.763 	66.325 	64.406 	76.085 	77.475 	76.883 	88.677 	99.182 	: 	99.219 	88.649 	80.511 	108.118 	84.722 	122.713 	120.533 
A,IMP,ELM,MIO_EUR,INT_EU27_2020,PL	186.903 	214.042 	179.259 	223.596 	230.18 	251.265 	247.372 	289.898 	407.611 	395.221 	675.611 	478.949 	503.368 	556.508 	689.351 	818.647 
A,IMP,ELM,MIO_EUR,INT_EU27_2020,PT	136.697 	131.672 	108.452 	124.27 	111.005 	93.692 	93.64 	100.511 	140.084 	154.806 	182.649 	197.662 	215.184 	229.352 	298.062 	402.867 
A,IMP,ELM,MIO_EUR,INT_EU27_2020,RO	111.913 	140.001 	114.281 	172.322 	189.137 	187.093 	197.156 	233.636 	253.951 	276.467 	314.506 	399.147 	473.794 	441.661 	465.157 	541.878 
A,IMP,ELM,MIO_EUR,INT_EU27_2020,SE	127.781 	140.715 	122.966 	192.453 	293.379 	163.111 	119.833 	132.988 	143.018 	162.097 	189.772 	231.668 	274.089 	270.043 	291.705 	318.772 
A,IMP,ELM,MIO_EUR,INT_EU27_2020,SI	27.969 	29.939 	24.105 	23.853 	26.29 	25.299 	25.653 	34.147 	39.491 	43.377 	54.796 	62.763 	78.772 	73.998 	82.585 	97.242 
A,IMP,ELM,MIO_EUR,INT_EU27_2020,SK	68.251 	78.042 	81.716 	138.167 	153.5 	121.486 	196.487 	141.933 	111.343 	149.894 	168.909 	199.542 	216.706 	183.915 	232.814 	260.731 
A,IMP,ELM,MIO_EUR,WORLD,AT	392.897 	408.545 	350.234 	393.031 	406.478 	409.169 	456.369 	475.437 	508.615 	530.46 	539.897 	659.981 	697.665 	630.718 	731.69 	849.549 
A,IMP,ELM,MIO_EUR,WORLD,BE	562.271 	567.876 	371.178 	373.603 	440.118 	493.57 	461.137 	438.287 	522.547 	562.003 	616.989 	597.417 	668.401 	611.191 	772.129 	936.664 
A,IMP,ELM,MIO_EUR,WORLD,BG	32.265 	36.685 	30.684 	29.099 	33.057 	44.659 	37.539 	54.344 	84.954 	102.509 	104.726 	128.327 	160.166 	138.418 	250.98 	290.33 
A,IMP,ELM,MIO_EUR,WORLD,CH	296.51 	317.064 	290.772 	353.834 	371.058 	381.137 	374.734 	409.956 	456.159 	447.342 	465.235 	488.258 	530.387 	556.604 	598.434 	730.95 
A,IMP,ELM,MIO_EUR,WORLD,CY	6.569 	7.855 	5.838 	8.965 	8.893 	8.611 	7.604 	8.697 	18.885 	13.315 	14.545 	15.838 	14.043 	13.946 	15.223 	29.332 
A,IMP,ELM,MIO_EUR,WORLD,CZ	277.528 	310.77 	251.678 	388.552 	513.538 	526.714 	561.801 	579.344 	612.177 	646.446 	677.509 	743.634 	832.033 	769.95 	950.025 	1097.849 
A,IMP,ELM,MIO_EUR,WORLD,DE	2884.2 	2769.362 	2362.925 	3137.228 	3556.127 	3422.977 	3708.884 	4166.368 	4438.419 	4570.64 	4932.08 	5258.434 	5384.252 	5024.985 	6058.754 	7529.564 
A,IMP,ELM,MIO_EUR,WORLD,DK	175.879 	177.724 	167.64 	205.976 	220.678 	197.743 	185.3 	221.897 	248.597 	266.644 	276.842 	329.707 	324.619 	299.824 	321.531 	381.713 
A,IMP,ELM,MIO_EUR,WORLD,EE	46.372 	42.515 	25.425 	44.679 	62.742 	65.447 	62.191 	73.305 	58.262 	60.988 	72.451 	77.109 	80.988 	73.599 	74.735 	113.906 
A,IMP,ELM,MIO_EUR,WORLD,EL	62.879 	69.513 	62.583 	50.038 	47.947 	44.642 	49.105 	64.418 	73.856 	90.491 	102.03 	107.447 	115.564 	114.702 	150.034 	208.931 
A,IMP,ELM,MIO_EUR,WORLD,ES	709.827 	721.389 	533.12 	588.375 	562.774 	604.428 	759.537 	873.556 	1036.786 	919.027 	980.943 	862.818 	904.521 	917.98 	1075.891 	1359.538 
A,IMP,ELM,MIO_EUR,WORLD,EU27_2020	10554.124 	10726.54 	8505.236 	10607.944 	11579.047 	11373.844 	11989.679 	13176.609 	14780.716 	15142.386 	16682.976 	17706.332 	19019.666 	17723.931 	21150.66 	26042.582 
A,IMP,ELM,MIO_EUR,WORLD,FI	341.862 	154.811 	133.911 	143.724 	163.758 	155.292 	148.057 	160.816 	156.822 	175.289 	188.651 	217.763 	202.162 	203.486 	257.946 	264.569 
A,IMP,ELM,MIO_EUR,WORLD,FR	1124.383 	1229.298 	944.87 	1122.155 	1220.187 	1262.208 	1311.214 	1523.117 	1850.698 	1761.698 	1884.962 	2075.502 	2206.548 	2055.513 	2279.283 	2608.666 
A,IMP,ELM,MIO_EUR,WORLD,HR	99.175 	81.549 	45.35 	40.503 	31.865 	28.093 	26.571 	30.019 	37.327 	42.513 	52.08 	56.757 	66.449 	87.748 	179.276 	255.057 
A,IMP,ELM,MIO_EUR,WORLD,HU	853.937 	825.945 	611.144 	695.814 	461.683 	412.916 	414.721 	454.194 	546.039 	591.247 	585.61 	571.516 	703.101 	644.338 	703.088 	766.71 
A,IMP,ELM,MIO_EUR,WORLD,IE	195.642 	208.015 	156.137 	150.809 	191.011 	143.776 	139.448 	162.87 	196.993 	177.006 	181.448 	180.355 	188.251 	171.488 	190.812 	255.531 
A,IMP,ELM,MIO_EUR,WORLD,IS	18.811 	7.218 	8.313 	11.945 	9.97 	5.018 	5.27 	9.682 	10.174 	14.754 	14.006 	15.186 	11.585 	11.097 	22.762 	15.929 
A,IMP,ELM,MIO_EUR,WORLD,IT	671.531 	668.715 	526.858 	663.106 	723.92 	703.921 	744.405 	788.341 	918.801 	938.45 	1052.107 	1080.246 	1194.706 	1095.134 	1466.37 	1925.743 
A,IMP,ELM,MIO_EUR,WORLD,LT	26.886 	24.744 	17.63 	21.57 	27.327 	28.238 	35.201 	33.1 	40.228 	42.79 	51.421 	77.09 	87.444 	77.46 	108.531 	103.084 
A,IMP,ELM,MIO_EUR,WORLD,LU	32.062 	28.654 	21.699 	27.518 	27.399 	31.685 	38.207 	43.245 	42.555 	39.846 	41.791 	44.987 	43.437 	43.929 	43.847 	45.018 
A,IMP,ELM,MIO_EUR,WORLD,LV	16.086 	15.281 	10.392 	13.22 	13.756 	16.991 	19.381 	21.548 	25.298 	23.76 	32.032 	49.289 	48.835 	49.265 	85.189 	100.211 
A,IMP,ELM,MIO_EUR,WORLD,MT	6.858 	6.06 	7.931 	6.533 	6.858 	8.342 	6.367 	8.131 	8.779 	7.627 	7.284 	8.923 	10.843 	7.935 	9.158 	13.139 
A,IMP,ELM,MIO_EUR,WORLD,NL	1045.956 	1263.022 	864.665 	1114.958 	1291.59 	1292.027 	1150.961 	1179.449 	1275.129 	1448.653 	1659.003 	1955.448 	2234.696 	1869.772 	2175.803 	3000.507 
A,IMP,ELM,MIO_EUR,WORLD,NO	130.816 	132.107 	139.513 	156.409 	173.34 	169.452 	207.617 	220.067 	: 	224.717 	185.138 	224.059 	309.452 	282.443 	362.499 	260.092 
A,IMP,ELM,MIO_EUR,WORLD,PL	268.596 	304.925 	285.718 	362.361 	363.545 	445.738 	481.275 	571.745 	784.52 	768.11 	1091.913 	936.742 	1018.101 	1055.499 	1230.507 	1447.759 
A,IMP,ELM,MIO_EUR,WORLD,PT	179.769 	189.93 	178.78 	223.19 	236.735 	206.375 	206.163 	202.414 	249.618 	298.22 	342.835 	308.498 	319.167 	340.209 	394.621 	529.548 
A,IMP,ELM,MIO_EUR,WORLD,RO	142.756 	179.54 	143.705 	208.22 	225.944 	226.139 	239.149 	278.098 	306.16 	345.297 	388.728 	485.795 	558.025 	527.45 	568.035 	669.976 
A,IMP,ELM,MIO_EUR,WORLD,SE	251.723 	268.897 	238.282 	356.387 	487.885 	360.596 	326.055 	372.269 	420.82 	422.912 	468.309 	509.855 	538.915 	520.546 	608.095 	732.778 
A,IMP,ELM,MIO_EUR,WORLD,SI	37.872 	43.364 	36.944 	47.754 	46.809 	46.229 	128.25 	160.259 	145.123 	74.86 	95.836 	106.845 	132.456 	131.874 	141.861 	169.754 
A,IMP,ELM,MIO_EUR,WORLD,SK	108.343 	121.559 	119.916 	190.575 	206.422 	187.316 	284.788 	231.341 	172.708 	221.585 	240.953 	260.008 	284.28 	246.973 	307.246 	357.159 
A,IMP,ELT,MIO_EUR,EXT_EU27_2020,AT	1706.116 	1765 	1508.258 	1834.198 	2027.129 	3190.562 	3875.542 	3760.549 	4142.852 	4046.852 	4969.964 	5050.216 	4447.896 	4057.704 	4532.227 	5536.064 
A,IMP,ELT,MIO_EUR,EXT_EU27_2020,BE	2664.594 	2672.239 	2202.527 	2447.612 	2748.083 	2213.501 	1617.859 	1925.401 	2116.132 	2073.908 	1886.202 	1701.366 	2586.22 	2850.443 	3616.377 	4914.435 
A,IMP,ELT,MIO_EUR,EXT_EU27_2020,BG	156.338 	191.161 	147.384 	217.795 	272.927 	264.621 	167.803 	189.578 	219.902 	237.45 	249.157 	286.736 	303.978 	313.649 	437.095 	785.795 
A,IMP,ELT,MIO_EUR,EXT_EU27_2020,CH	502.34 	524.366 	614.42 	818.588 	863.456 	1564.046 	1709.597 	1875.259 	2192.139 	1988.779 	2285.129 	2230.688 	2283.074 	2263.167 	2378.779 	2700.933 
A,IMP,ELT,MIO_EUR,EXT_EU27_2020,CY	66.239 	75.407 	54.362 	48.604 	50.907 	51.823 	35.731 	38.754 	45.217 	47.968 	53.45 	59.636 	64.106 	48.965 	53.314 	89.797 
A,IMP,ELT,MIO_EUR,EXT_EU27_2020,CZ	1659.187 	2169.226 	1995.135 	3240.633 	2642.558 	2465.899 	2720.567 	2966.518 	4945.675 	4872.401 	5911.315 	8267.583 	9489.299 	10281.856 	8926.208 	15166.887 
A,IMP,ELT,MIO_EUR,EXT_EU27_2020,DE	22593.331 	20877.28 	18745.882 	26107.234 	24156.921 	21095.272 	21124.678 	21974.466 	25784.663 	27994.267 	30585.47 	31215.945 	30477.567 	28253.695 	30479.604 	38510.529 
A,IMP,ELT,MIO_EUR,EXT_EU27_2020,DK	1006.917 	815.304 	744.931 	912.344 	907.937 	974.101 	840.055 	774.487 	886.743 	831.746 	925.119 	980.164 	982.566 	1035.921 	1105.789 	1652.627 
A,IMP,ELT,MIO_EUR,EXT_EU27_2020,EE	155.342 	144.726 	85.223 	195.907 	354.374 	345.082 	324.883 	365.605 	317.387 	315.113 	346.92 	358.575 	332.777 	378.325 	486.607 	505.091 
A,IMP,ELT,MIO_EUR,EXT_EU27_2020,EL	390.84 	400.482 	395.363 	390.384 	506.06 	649.545 	416.782 	299.829 	312.586 	348.726 	319.827 	372.148 	404.567 	590.776 	825.422 	1655.5 
A,IMP,ELT,MIO_EUR,EXT_EU27_2020,ES	4026.858 	6332.852 	2936.636 	3813.572 	3460.101 	3128.486 	2849.416 	3075.033 	3520.792 	3635.093 	3771.37 	4394.871 	5203.909 	4801.03 	5383.681 	7925.369 
A,IMP,ELT,MIO_EUR,EXT_EU27_2020,EU27_2020	82657.225 	84796.388 	72862.215 	102216.287 	98525.806 	92103.219 	87096.91 	87569.544 	111182.527 	111097.664 	124454.991 	130561.621 	137348.686 	136725.019 	151888.862 	202427.984 
A,IMP,ELT,MIO_EUR,EXT_EU27_2020,FI	3668.174 	3638.442 	1886.358 	1517.333 	1545.839 	1161.141 	464.679 	529.189 	499.056 	601.14 	612.692 	815.388 	848.752 	620.646 	830.608 	1105.2 
A,IMP,ELT,MIO_EUR,EXT_EU27_2020,FR	7677.703 	7441.814 	6660.361 	9143.267 	9671.311 	9549.142 	9285.951 	8407.262 	9605.168 	9792.287 	10038.611 	10982.72 	10540.269 	9459.764 	10779.891 	13434.068 
A,IMP,ELT,MIO_EUR,EXT_EU27_2020,HR	295.235 	326.843 	255.536 	304.412 	253.745 	262.155 	318.091 	84.335 	88.466 	110.169 	128.398 	136.266 	148.342 	137.04 	149.199 	243.736 
A,IMP,ELT,MIO_EUR,EXT_EU27_2020,HU	4750.217 	4974.927 	4701.338 	6126.291 	5508.448 	4546.993 	4201.796 	2640.577 	2634.613 	2767.889 	2988.848 	3142.897 	3954.501 	3866.244 	4700.501 	5889.786 
A,IMP,ELT,MIO_EUR,EXT_EU27_2020,IE	1877.665 	1923.166 	1598.534 	1386.639 	1253.026 	1309.039 	1220.893 	1479.072 	1827.23 	1774.751 	1739.911 	1825.529 	2110.214 	2549.298 	5752.943 	8559.596 
A,IMP,ELT,MIO_EUR,EXT_EU27_2020,IS	32.307 	23.124 	13.751 	18.506 	25.199 	36.021 	46.522 	55.356 	71.358 	70.021 	89.102 	83.042 	72.869 	59.462 	95.503 	113.748 
A,IMP,ELT,MIO_EUR,EXT_EU27_2020,IT	4301.095 	4423.812 	4387.898 	8488.643 	7694.793 	4664.453 	4131.026 	4136.406 	4917.892 	5005.511 	4726.606 	5804.614 	6303.562 	6211.871 	6882.219 	9847.684 
A,IMP,ELT,MIO_EUR,EXT_EU27_2020,LT	98.872 	61.246 	44.663 	56.401 	69.063 	68.907 	91.579 	115.72 	118.401 	113.604 	130.654 	148.007 	192.928 	226.833 	305.817 	407.046 
A,IMP,ELT,MIO_EUR,EXT_EU27_2020,LU	281.311 	161.671 	771.91 	1148.072 	1292.414 	1431.638 	1133.706 	1026.632 	2215.763 	1017.845 	249.734 	401.438 	1440.02 	132.26 	153.913 	188.326 
A,IMP,ELT,MIO_EUR,EXT_EU27_2020,LV	58.556 	82.875 	49.667 	93.571 	274.537 	202.661 	254.57 	272.137 	351.602 	323.319 	364.622 	424.499 	418.519 	476.649 	544.683 	617.79 
A,IMP,ELT,MIO_EUR,EXT_EU27_2020,MT	347.223 	299.1 	168.447 	228.399 	171.247 	184.275 	240.737 	198.43 	185.346 	110.482 	112.555 	127.139 	105.246 	126.044 	201.739 	304.506 
A,IMP,ELT,MIO_EUR,EXT_EU27_2020,NL	19124.677 	19537.882 	16946.613 	24825.397 	25235.106 	27091.727 	25306.269 	26044.683 	38266.983 	36714.033 	45132.071 	44611.505 	47015.525 	49664.376 	53276.29 	68350.712 
A,IMP,ELT,MIO_EUR,EXT_EU27_2020,NO	443.348 	466.608 	509.651 	779.242 	1002.72 	1165.643 	1209.308 	1212.216 	1323.673 	1402.112 	572.929 	750.658 	836.314 	1522.766 	1640.695 	1811.418 
A,IMP,ELT,MIO_EUR,EXT_EU27_2020,PL	1114.111 	1337.309 	1351.201 	1665.663 	1583.067 	1423.096 	1544.371 	2277.137 	2760.248 	2575.256 	3100.548 	3273.219 	3525.368 	4417.618 	5316.806 	6775.894 
A,IMP,ELT,MIO_EUR,EXT_EU27_2020,PT	516.643 	566.553 	431.245 	570.648 	460.782 	441.576 	434.378 	486.257 	516.955 	661.253 	824.389 	905.211 	1219.129 	1164.964 	1282.597 	2299.142 
A,IMP,ELT,MIO_EUR,EXT_EU27_2020,RO	543.15 	803.616 	1182.665 	1728.146 	1475.914 	714.766 	631.734 	759.886 	819.475 	947.787 	1109.483 	1167.298 	1226.535 	1277.845 	1456.855 	2073.571 
A,IMP,ELT,MIO_EUR,EXT_EU27_2020,SE	2900.395 	3007.955 	2803.734 	4458.725 	3634.812 	3367.235 	2654.33 	2540.82 	2752.161 	2838.954 	2719.941 	2679.372 	2669.935 	2536.672 	2974.177 	3515.971 
A,IMP,ELT,MIO_EUR,EXT_EU27_2020,SI	104.133 	99.854 	89.203 	246.106 	244.719 	129.61 	123.189 	101.432 	145.654 	149.236 	203.397 	231.253 	303.4 	318.557 	427.328 	768.446 
A,IMP,ELT,MIO_EUR,EXT_EU27_2020,SK	572.304 	665.647 	717.139 	1020.293 	1029.983 	1175.914 	1086.293 	1099.346 	1185.567 	1190.622 	1253.737 	1198.027 	1033.555 	925.974 	1006.972 	1304.414 
A,IMP,ELT,MIO_EUR,INT_EU27_2020,AT	2432.986 	2836.936 	2693.165 	3315.2 	3144.95 	3428.426 	3451.475 	3568.412 	4072.571 	4445.758 	4444.413 	4791.77 	4673.848 	4150.388 	4976.516 	5971.419 
A,IMP,ELT,MIO_EUR,INT_EU27_2020,BE	3408.807 	3386.545 	3461.281 	3512.685 	3638.635 	3467.539 	3272.198 	3292.684 	3716.436 	3675.5 	4055.223 	4188.497 	5943.943 	5887.542 	6117.77 	8108.246 
A,IMP,ELT,MIO_EUR,INT_EU27_2020,BG	505.187 	501.558 	396.832 	446.505 	647.484 	913.121 	564.212 	606.762 	644.423 	716.652 	755.94 	858.528 	949.968 	883.303 	1128.503 	1645.114 
A,IMP,ELT,MIO_EUR,INT_EU27_2020,CH	1119.432 	1245.577 	1065.734 	1454.7 	1421.319 	789.929 	746.781 	575.205 	719.543 	874.092 	730.299 	673.367 	642.631 	662.865 	554.064 	620.24 
A,IMP,ELT,MIO_EUR,INT_EU27_2020,CY	110.81 	100.093 	114.401 	129.102 	96.863 	84.51 	96.97 	91.665 	99.854 	104.161 	120.567 	149.906 	141.803 	163.048 	194.45 	220.041 
A,IMP,ELT,MIO_EUR,INT_EU27_2020,CZ	3119.39 	3386.67 	3104.534 	4035.29 	4231.454 	4294.734 	4465.171 	5223.628 	5262.259 	5071.579 	6946.351 	7252.315 	7460.262 	7007.594 	7436.126 	9104.949 
A,IMP,ELT,MIO_EUR,INT_EU27_2020,DE	16711.077 	16132.592 	14480.353 	19729.434 	20624.977 	21458.262 	20358.077 	21551.626 	24113.118 	24649.248 	27440.246 	29714.857 	29797.155 	28421.958 	31983.16 	42630.663 
A,IMP,ELT,MIO_EUR,INT_EU27_2020,DK	1954.673 	1729.643 	1643.604 	1609.716 	1922.514 	2196.798 	2061.942 	2132.006 	2377.814 	2408.586 	2574.386 	2468.483 	2690.687 	2882.405 	3232.395 	3714.363 
A,IMP,ELT,MIO_EUR,INT_EU27_2020,EE	363.474 	328.071 	220.591 	563.635 	994.597 	1059.328 	1074.48 	1177.565 	1035.613 	1046.666 	796.917 	772.688 	634.843 	509.178 	662.009 	785.041 
A,IMP,ELT,MIO_EUR,INT_EU27_2020,EL	1296.036 	1282.362 	1084.483 	1028.474 	986.497 	1102.268 	617.729 	499.76 	642.316 	556.375 	632.767 	716.517 	711.093 	750.097 	1067.633 	1235.413 
A,IMP,ELT,MIO_EUR,INT_EU27_2020,ES	6671.322 	6821.056 	3684.412 	4485.782 	4468.821 	3618.694 	3709.072 	4186.008 	4899.126 	4653.183 	4889.684 	5211.095 	5383.664 	5327.088 	6231.614 	7903.1 
A,IMP,ELT,MIO_EUR,INT_EU27_2020,EU27_2020	76022.406 	76126.349 	64918.492 	84192.298 	88795.496 	87464.33 	86548.681 	91675.287 	103695.14 	105869.945 	115765.283 	121050.856 	126137.961 	121279.264 	137310.78 	169600.123 
A,IMP,ELT,MIO_EUR,INT_EU27_2020,FI	1909.819 	1665.345 	1260.454 	1296.995 	1406.498 	1477.242 	1532.732 	1632.124 	1842.969 	1853.267 	2081.547 	2109.965 	2016.694 	1918.241 	2188.942 	2685.119 
A,IMP,ELT,MIO_EUR,INT_EU27_2020,FR	8610.76 	8547.719 	8271.376 	10433.006 	10825.263 	9727.974 	10036.734 	10562.156 	11563.26 	11402.993 	11943.715 	11822.876 	11634.249 	11068.685 	12872.319 	14367.394 
A,IMP,ELT,MIO_EUR,INT_EU27_2020,HR	297.47 	321.396 	247.374 	160.431 	134.349 	164.141 	247.434 	388.87 	485.008 	512.066 	531.676 	571.519 	591.689 	565.903 	656.4 	809.923 
A,IMP,ELT,MIO_EUR,INT_EU27_2020,HU	3134.621 	3065.81 	2373.897 	2738.379 	3258.845 	3114.7 	3006.848 	3292.516 	3954.987 	4554.866 	5017.779 	5182.223 	6013.299 	5378.483 	5771.184 	7152.069 
A,IMP,ELT,MIO_EUR,INT_EU27_2020,IE	945.17 	830.938 	661.537 	559.859 	581.44 	477.755 	450.676 	558.279 	714.269 	869.216 	749.795 	761.149 	845.867 	875.656 	1193.168 	1416.232 
A,IMP,ELT,MIO_EUR,INT_EU27_2020,IS	31.618 	22.972 	15.104 	12.991 	16.384 	8.311 	12.751 	15.255 	15.301 	20.28 	26.21 	18.688 	19.899 	16.414 	26.577 	22.202 
A,IMP,ELT,MIO_EUR,INT_EU27_2020,IT	6975.584 	6784.923 	5821.589 	11100.951 	9576.427 	7483.914 	6448.802 	6177.916 	7372.29 	6949.255 	8325.216 	7908.794 	7591.652 	7329.8 	9037.911 	11674.525 
A,IMP,ELT,MIO_EUR,INT_EU27_2020,LT	325.969 	264.339 	172.853 	256.261 	292.493 	314.763 	370.916 	463.322 	584.896 	633.912 	772.296 	755.48 	715.736 	795.593 	923.34 	1248.081 
A,IMP,ELT,MIO_EUR,INT_EU27_2020,LU	506.508 	444.08 	454.489 	448.665 	435.127 	466.196 	398.411 	410.809 	420.83 	412.013 	402.374 	414.142 	412.352 	387.665 	482.126 	471.187 
A,IMP,ELT,MIO_EUR,INT_EU27_2020,LV	254.556 	219.493 	128.387 	146.319 	155.474 	213.52 	315.268 	492.841 	481.767 	406.245 	488.483 	472.018 	513.672 	581.744 	526.79 	662.375 
A,IMP,ELT,MIO_EUR,INT_EU27_2020,MT	398.115 	418.175 	326.329 	386.867 	472.237 	412.446 	397.444 	224.741 	215.434 	199.036 	172.415 	201.288 	282.412 	247.425 	268.159 	370.025 
A,IMP,ELT,MIO_EUR,INT_EU27_2020,NL	3817.183 	4570.819 	4502.348 	5408.041 	5603.011 	6099.306 	6264.133 	6574.984 	7393.493 	8406.116 	9666.63 	10036.979 	11216.603 	10109.93 	10960.163 	12501.721 
A,IMP,ELT,MIO_EUR,INT_EU27_2020,NO	534.581 	497.256 	399.486 	375.66 	364.172 	260.136 	277.13 	238.21 	220.574 	206.573 	201.035 	191.451 	203.602 	192.749 	209.331 	277.341 
A,IMP,ELT,MIO_EUR,INT_EU27_2020,PL	3295.204 	3599.001 	3035.897 	3782.006 	3622.818 	4171.761 	4759.159 	5425.694 	6592.363 	6613.709 	6520.475 	6929.831 	7886.554 	8356.435 	9903.564 	11203.52 
A,IMP,ELT,MIO_EUR,INT_EU27_2020,PT	2636.082 	2444.273 	1343.268 	1174.515 	1218.689 	1173.175 	1142.934 	1151.626 	1253.368 	1429.46 	1558.682 	1695.919 	1910.172 	1967.822 	2491.372 	2986.752 
A,IMP,ELT,MIO_EUR,INT_EU27_2020,RO	1333.052 	1516.312 	1087.436 	1546.239 	1737.228 	1787.137 	2179.377 	2126.293 	2405.668 	2757.118 	3055.298 	3455.439 	3578.427 	3527.253 	3949.062 	5589.351 
A,IMP,ELT,MIO_EUR,INT_EU27_2020,SE	3256.66 	3144.425 	2752.487 	3738.261 	5366.676 	4580.296 	4346.747 	4742.702 	5534.836 	5349.394 	5179.127 	5547.425 	5600.043 	5846.773 	6495.878 	7433.354 
A,IMP,ELT,MIO_EUR,INT_EU27_2020,SI	397.739 	433.951 	325.851 	370.151 	442.338 	441.981 	429.318 	491.182 	564.309 	543.585 	569.159 	635.785 	622.861 	659.084 	829.951 	998.123 
A,IMP,ELT,MIO_EUR,INT_EU27_2020,SK	1354.15 	1349.824 	1269.263 	1789.531 	2909.791 	3734.343 	4550.423 	4629.113 	5451.862 	5649.988 	6074.122 	6425.368 	6318.412 	5680.173 	5730.275 	6712.023 
A,IMP,ELT,MIO_EUR,WORLD,AT	4139.102 	4601.936 	4201.423 	5149.398 	5172.079 	6618.988 	7327.018 	7328.961 	8215.423 	8492.609 	9414.378 	9841.986 	9121.744 	8208.092 	9508.743 	11507.484 
A,IMP,ELT,MIO_EUR,WORLD,BE	6073.401 	6058.784 	5663.808 	5960.297 	6386.718 	5681.039 	4890.057 	5218.086 	5832.568 	5749.408 	5941.426 	5889.863 	8530.164 	8737.984 	9734.147 	13022.681 
A,IMP,ELT,MIO_EUR,WORLD,BG	661.525 	692.719 	544.216 	664.3 	920.411 	1177.742 	732.015 	796.341 	864.324 	954.101 	1005.097 	1145.263 	1253.947 	1196.952 	1565.597 	2430.909 
A,IMP,ELT,MIO_EUR,WORLD,CH	1621.772 	1769.943 	1680.154 	2273.288 	2284.775 	2353.974 	2456.378 	2450.464 	2911.682 	2862.871 	3015.428 	2904.055 	2925.706 	2926.032 	2932.843 	3321.174 
A,IMP,ELT,MIO_EUR,WORLD,CY	177.049 	175.499 	168.764 	177.706 	147.771 	136.333 	132.701 	130.419 	145.071 	152.129 	174.017 	209.542 	205.909 	212.013 	247.764 	309.838 
A,IMP,ELT,MIO_EUR,WORLD,CZ	4778.577 	5555.896 	5099.669 	7275.923 	6874.012 	6760.633 	7185.739 	8190.147 	10207.934 	9943.98 	12857.666 	15519.897 	16949.56 	17289.45 	16362.334 	24271.836 
A,IMP,ELT,MIO_EUR,WORLD,DE	39304.408 	37009.871 	33226.235 	45836.668 	44781.898 	42553.533 	41482.755 	43526.092 	49897.781 	52643.515 	58025.716 	60930.802 	60274.723 	56675.653 	62462.764 	81141.192 
A,IMP,ELT,MIO_EUR,WORLD,DK	2961.59 	2544.947 	2388.535 	2522.059 	2830.452 	3170.899 	2901.998 	2906.492 	3264.557 	3240.332 	3499.506 	3448.647 	3673.253 	3918.327 	4338.185 	5366.99 
A,IMP,ELT,MIO_EUR,WORLD,EE	518.816 	472.797 	305.815 	759.542 	1348.971 	1404.41 	1399.363 	1543.17 	1353 	1361.779 	1143.837 	1131.263 	967.62 	887.503 	1148.615 	1290.132 
A,IMP,ELT,MIO_EUR,WORLD,EL	1686.876 	1682.844 	1479.847 	1418.857 	1492.557 	1751.813 	1034.511 	799.589 	954.902 	905.101 	952.594 	1088.665 	1115.66 	1340.872 	1893.055 	2890.913 
A,IMP,ELT,MIO_EUR,WORLD,ES	10698.179 	13153.908 	6621.048 	8299.354 	7928.923 	6747.18 	6558.488 	7261.041 	8419.918 	8288.276 	8661.054 	9605.966 	10587.573 	10128.118 	11615.295 	15828.469 
A,IMP,ELT,MIO_EUR,WORLD,EU27_2020	158679.631 	160922.737 	137780.707 	186408.585 	187321.302 	179567.549 	173645.591 	179244.831 	214877.667 	216967.61 	240220.274 	251612.477 	263486.647 	258004.282 	289199.642 	372028.107 
A,IMP,ELT,MIO_EUR,WORLD,FI	5577.993 	5303.787 	3146.812 	2814.328 	2952.337 	2638.384 	1997.411 	2161.314 	2342.025 	2454.407 	2694.239 	2925.353 	2865.446 	2538.887 	3019.55 	3790.319 
A,IMP,ELT,MIO_EUR,WORLD,FR	16288.463 	15989.533 	14931.737 	19576.273 	20496.574 	19277.115 	19322.686 	18969.418 	21168.428 	21195.28 	21982.326 	22805.596 	22174.518 	20528.449 	23652.21 	27801.462 
A,IMP,ELT,MIO_EUR,WORLD,HR	592.705 	648.24 	502.91 	464.843 	388.094 	426.296 	565.525 	473.205 	573.474 	622.235 	660.075 	707.785 	740.031 	702.943 	805.599 	1053.659 
A,IMP,ELT,MIO_EUR,WORLD,HU	7884.838 	8040.738 	7075.234 	8864.67 	8767.293 	7661.692 	7208.644 	5933.094 	6589.6 	7322.755 	8006.626 	8325.121 	9967.8 	9244.728 	10471.685 	13041.855 
A,IMP,ELT,MIO_EUR,WORLD,IE	2822.836 	2754.104 	2260.071 	1946.498 	1834.466 	1786.794 	1671.569 	2037.352 	2541.499 	2643.967 	2489.706 	2586.678 	2956.081 	3424.954 	6946.111 	9975.827 
A,IMP,ELT,MIO_EUR,WORLD,IS	63.925 	46.097 	28.855 	31.497 	41.582 	44.333 	59.274 	70.611 	86.66 	90.301 	115.312 	101.73 	92.767 	75.877 	122.08 	135.95 
A,IMP,ELT,MIO_EUR,WORLD,IT	11276.679 	11208.735 	10209.487 	19589.594 	17271.221 	12148.367 	10579.828 	10314.322 	12290.183 	11954.766 	13051.822 	13713.408 	13895.214 	13541.671 	15920.129 	21522.209 
A,IMP,ELT,MIO_EUR,WORLD,LT	424.841 	325.585 	217.516 	312.662 	361.556 	383.67 	462.495 	579.043 	703.297 	747.517 	902.95 	903.487 	908.664 	1022.425 	1229.157 	1655.127 
A,IMP,ELT,MIO_EUR,WORLD,LU	787.819 	605.751 	1226.399 	1596.736 	1727.54 	1897.834 	1532.116 	1437.441 	2636.593 	1429.858 	652.108 	815.579 	1852.372 	519.925 	636.039 	659.513 
A,IMP,ELT,MIO_EUR,WORLD,LV	313.113 	302.368 	178.054 	239.89 	430.011 	416.181 	569.838 	764.978 	833.368 	729.564 	853.104 	896.517 	932.191 	1058.393 	1071.473 	1280.166 
A,IMP,ELT,MIO_EUR,WORLD,MT	745.339 	717.275 	494.776 	615.266 	643.484 	596.721 	638.181 	423.171 	400.781 	309.518 	284.97 	328.427 	387.658 	373.469 	469.898 	674.531 
A,IMP,ELT,MIO_EUR,WORLD,NL	22941.86 	24108.701 	21448.961 	30233.437 	30838.117 	33191.033 	31570.402 	32619.667 	45660.476 	45120.149 	54798.701 	54648.485 	58232.128 	59774.306 	64236.453 	80852.433 
A,IMP,ELT,MIO_EUR,WORLD,NO	977.929 	963.864 	909.137 	1154.903 	1366.892 	1425.779 	1486.437 	1450.426 	1544.248 	1608.685 	773.965 	942.109 	1039.916 	1715.514 	1850.026 	2088.759 
A,IMP,ELT,MIO_EUR,WORLD,PL	4409.315 	4936.31 	4387.099 	5447.668 	5205.885 	5594.857 	6303.53 	7702.832 	9352.611 	9188.966 	9621.022 	10203.049 	11411.921 	12774.053 	15220.37 	17979.415 
A,IMP,ELT,MIO_EUR,WORLD,PT	3152.725 	3010.826 	1774.513 	1745.162 	1679.471 	1614.751 	1577.311 	1637.882 	1770.323 	2090.713 	2383.072 	2601.13 	3129.301 	3132.785 	3773.969 	5285.894 
A,IMP,ELT,MIO_EUR,WORLD,RO	1876.202 	2319.928 	2270.101 	3274.385 	3213.142 	2501.903 	2811.111 	2886.179 	3225.143 	3704.905 	4164.781 	4622.737 	4804.963 	4805.098 	5405.917 	7662.921 
A,IMP,ELT,MIO_EUR,WORLD,SE	6157.054 	6152.38 	5556.221 	8196.986 	9001.488 	7947.531 	7001.077 	7283.521 	8286.996 	8188.348 	7899.068 	8226.796 	8269.978 	8383.445 	9470.055 	10949.326 
A,IMP,ELT,MIO_EUR,WORLD,SI	501.873 	533.804 	415.054 	616.257 	687.057 	571.591 	552.508 	592.614 	709.963 	692.821 	772.556 	867.038 	926.261 	977.641 	1257.279 	1766.568 
A,IMP,ELT,MIO_EUR,WORLD,SK	1926.454 	2015.471 	1986.402 	2809.824 	3939.774 	4910.257 	5636.717 	5728.459 	6637.429 	6840.61 	7327.859 	7623.396 	7351.967 	6606.147 	6737.248 	8016.437 
A,IMP,NEM,MIO_EUR,EXT_EU27_2020,AT	97.544 	117.491 	64.135 	80.691 	109.446 	91.9 	75.058 	82.642 	95.238 	103.407 	127.481 	148.522 	100.086 	77.391 	83.227 	129.138 
A,IMP,NEM,MIO_EUR,EXT_EU27_2020,BE	577.089 	582.174 	375.766 	420.676 	520.961 	493.038 	428.879 	481.516 	563.831 	616.961 	830.652 	750.398 	613.737 	419.249 	403.334 	525.914 
A,IMP,NEM,MIO_EUR,EXT_EU27_2020,BG	22.077 	17.577 	10.801 	9.271 	12.244 	15.751 	20.428 	42.472 	35.218 	39.64 	27.047 	33.043 	31.425 	34.394 	33.982 	47.955 
A,IMP,NEM,MIO_EUR,EXT_EU27_2020,CH	277.651 	318.706 	319.411 	319.911 	456.973 	449.148 	443.479 	405.732 	424.145 	436.121 	431.391 	469.702 	461.123 	386.929 	358.451 	393.738 
A,IMP,NEM,MIO_EUR,EXT_EU27_2020,CY	1.333 	6.224 	2.135 	0.926 	1.387 	1.151 	0.545 	0.609 	0.356 	0.58 	1.451 	0.765 	1.082 	1.076 	1.31 	1.938 
A,IMP,NEM,MIO_EUR,EXT_EU27_2020,CZ	161.527 	192.233 	142.72 	223.819 	275.939 	231.837 	278.278 	276.514 	424.997 	355.629 	333.815 	351.324 	497.274 	485.802 	493.037 	546.64 
A,IMP,NEM,MIO_EUR,EXT_EU27_2020,DE	2380.99 	2557.807 	1789.162 	1990.147 	2191.356 	2088.412 	2027.792 	2177.099 	2087.96 	1993.273 	2077.885 	2134.322 	2147.669 	1591.836 	1780.558 	2200.392 
A,IMP,NEM,MIO_EUR,EXT_EU27_2020,DK	53.494 	47.106 	22.133 	23.755 	24.361 	38.973 	34.466 	44.395 	58.491 	36.609 	29.762 	40.064 	41.999 	23.127 	27.729 	52.141 
A,IMP,NEM,MIO_EUR,EXT_EU27_2020,EE	3.357 	4.279 	1.891 	1.325 	4.127 	3.186 	3.78 	3.687 	4.15 	4.375 	5.046 	9.253 	5.649 	4.181 	7.912 	9.773 
A,IMP,NEM,MIO_EUR,EXT_EU27_2020,EL	12.223 	85.011 	20.704 	8.215 	20.059 	5.78 	9.033 	19.016 	13.37 	22.371 	12.834 	13.15 	26.547 	14.127 	54.106 	19.81 
A,IMP,NEM,MIO_EUR,EXT_EU27_2020,ES	205.175 	279.357 	206.565 	131.227 	205.873 	272.927 	179.025 	164.314 	239.441 	318.59 	255.99 	245.547 	250.82 	185.03 	163.854 	225.288 
A,IMP,NEM,MIO_EUR,EXT_EU27_2020,EU27_2020	6045.264 	6643.985 	5149.501 	5413.197 	6620.752 	6821.312 	6554.237 	7152.309 	8160.279 	8206.956 	8390.258 	8461.35 	8699.33 	6882.411 	7553.698 	9181.47 
A,IMP,NEM,MIO_EUR,EXT_EU27_2020,FI	50.486 	98.181 	62.589 	64.733 	92.348 	54.51 	86.885 	56.973 	57.786 	57.398 	57.373 	58.74 	61.349 	53.351 	57.231 	69.373 
A,IMP,NEM,MIO_EUR,EXT_EU27_2020,FR	594.921 	700.26 	669.059 	589.634 	645.797 	621.404 	572.27 	679.313 	943.619 	877.921 	870.35 	929.26 	933.235 	729.711 	879.68 	996.591 
A,IMP,NEM,MIO_EUR,EXT_EU27_2020,HR	22.182 	22.795 	26.194 	36.309 	50.088 	47.892 	47.215 	43.208 	29.574 	39.519 	31.224 	50.495 	30.459 	35.463 	39.716 	56.576 
A,IMP,NEM,MIO_EUR,EXT_EU27_2020,HU	155.242 	143.418 	174.831 	300.714 	437.782 	504.851 	510.233 	502.518 	674.929 	642.187 	631.056 	303.359 	453.058 	485.598 	606.851 	746.684 
A,IMP,NEM,MIO_EUR,EXT_EU27_2020,IE	46.845 	29.622 	35.572 	20.666 	30.794 	63.54 	47.183 	75.764 	49.882 	73.39 	47.116 	49.71 	58.038 	59.41 	77.416 	123.003 
A,IMP,NEM,MIO_EUR,EXT_EU27_2020,IS	0.869 	1.559 	0.207 	0.664 	1.539 	3.867 	1.632 	2.171 	2.71 	12.289 	3.088 	2.287 	3.626 	2.281 	1.661 	1.858 
A,IMP,NEM,MIO_EUR,EXT_EU27_2020,IT	756.178 	781.92 	612.586 	623.735 	653.404 	790.805 	763.163 	856.596 	944.411 	969.729 	991.564 	1084.392 	1072.298 	948.303 	1062.04 	1244.229 
A,IMP,NEM,MIO_EUR,EXT_EU27_2020,LT	7.208 	5.878 	1.967 	2.293 	7.077 	3.892 	3.234 	7.459 	5.375 	6.5 	11.983 	9.308 	9.423 	8.058 	10.098 	12.625 
A,IMP,NEM,MIO_EUR,EXT_EU27_2020,LU	2.162 	4.321 	2.707 	4.429 	3.537 	2.565 	2.26 	10.501 	12.969 	39.125 	45.294 	28.552 	35.3 	20.493 	21.903 	24.836 
A,IMP,NEM,MIO_EUR,EXT_EU27_2020,LV	15.123 	5.112 	4.306 	0.8 	4.047 	5.87 	2.782 	8.763 	7.375 	2.452 	6.264 	5.374 	3.881 	4.275 	7.566 	4.982 
A,IMP,NEM,MIO_EUR,EXT_EU27_2020,MT	4.818 	2.276 	2.392 	4.07 	4.416 	13.139 	6.706 	10.773 	6.839 	7.278 	6.513 	12.554 	9.899 	6.485 	6.629 	6.415 
A,IMP,NEM,MIO_EUR,EXT_EU27_2020,NL	464.428 	506.615 	585.389 	497.72 	754.528 	760.218 	764.053 	733.847 	780.977 	672.391 	817.837 	874.068 	874.694 	651.32 	623.143 	837.454 
A,IMP,NEM,MIO_EUR,EXT_EU27_2020,NO	127.044 	158.637 	97.22 	84.114 	117.413 	102.74 	120.284 	95.137 	115.34 	64.559 	56.689 	89.311 	137.852 	90.526 	87.951 	89.551 
A,IMP,NEM,MIO_EUR,EXT_EU27_2020,PL	59.789 	87.331 	49.594 	42.4 	57.284 	115.53 	203.037 	252.993 	441.961 	460.646 	447.782 	555.918 	695.807 	455.256 	517.625 	627.994 
A,IMP,NEM,MIO_EUR,EXT_EU27_2020,PT	13.718 	26.983 	14.909 	35.092 	102.357 	119.667 	101.463 	87.165 	91.002 	103.03 	91.907 	54.062 	25.181 	23.822 	43.678 	44.936 
A,IMP,NEM,MIO_EUR,EXT_EU27_2020,RO	30.084 	37.214 	24.926 	25.169 	39.131 	40.392 	23.071 	48.309 	200.342 	283.166 	259.174 	252.197 	250.298 	142.329 	162.467 	141.096 
A,IMP,NEM,MIO_EUR,EXT_EU27_2020,SE	185.971 	239.269 	137.98 	153.65 	211.3 	264.005 	238.035 	303.238 	259.115 	224.842 	249.827 	257.351 	206.178 	178.891 	183.098 	182.724 
A,IMP,NEM,MIO_EUR,EXT_EU27_2020,SI	60.076 	20.335 	63.928 	59.834 	70.976 	21.105 	66.557 	57.501 	25.267 	73.898 	37.883 	83.131 	79.497 	125.083 	108.613 	206.287 
A,IMP,NEM,MIO_EUR,EXT_EU27_2020,SK	61.224 	43.194 	44.557 	61.898 	90.131 	148.97 	58.806 	125.123 	105.805 	182.052 	85.149 	126.49 	184.449 	118.349 	96.895 	96.677 
A,IMP,NEM,MIO_EUR,INT_EU27_2020,AT	365.185 	448.491 	292.006 	258.459 	313.95 	345.589 	335.596 	339.938 	385.953 	400.437 	428.258 	476.712 	487.295 	415 	489.129 	567.241 
A,IMP,NEM,MIO_EUR,INT_EU27_2020,BE	326.477 	327.3 	257.015 	244.03 	340.334 	284.331 	238.948 	210.614 	239.552 	304.645 	383.068 	314.809 	272.195 	201.405 	274.711 	252.041 
A,IMP,NEM,MIO_EUR,INT_EU27_2020,BG	36.486 	37.466 	21.184 	21.645 	22.233 	30.099 	42.647 	29.825 	36.763 	49.735 	50.558 	51.273 	65.657 	67.752 	63.923 	114.681 
A,IMP,NEM,MIO_EUR,INT_EU27_2020,CH	774.8 	925.672 	717.176 	710.491 	798.776 	825.784 	750.573 	799.507 	741.389 	653.701 	793.186 	869.115 	804.297 	710.903 	665.894 	812.887 
A,IMP,NEM,MIO_EUR,INT_EU27_2020,CY	21.892 	4.326 	3.824 	39.13 	4.135 	3.422 	2.245 	11.232 	1.304 	1.615 	1.105 	1.716 	1.423 	0.598 	1.268 	2.331 
A,IMP,NEM,MIO_EUR,INT_EU27_2020,CZ	285.073 	318.707 	164.187 	172.567 	253.791 	341.409 	269.249 	327.908 	398.032 	312.782 	407.927 	456.874 	456.562 	307.212 	339.249 	401.187 
A,IMP,NEM,MIO_EUR,INT_EU27_2020,DE	1503.378 	1803.617 	1306.832 	1132.142 	1481.233 	1678.547 	1587.37 	1669.227 	1739.311 	1742.052 	1799.894 	1921.325 	1892.246 	1517.305 	1657.119 	1859.78 
A,IMP,NEM,MIO_EUR,INT_EU27_2020,DK	123.076 	113.2 	53.599 	42.884 	58.53 	72.288 	57.499 	75.288 	79.226 	82.094 	86.203 	111.43 	117.467 	89.766 	95.728 	102.753 
A,IMP,NEM,MIO_EUR,INT_EU27_2020,EE	13.481 	13.32 	11.937 	6.929 	17.153 	15.351 	12.569 	11.386 	14.009 	18.1 	24.227 	24.336 	20.064 	14.746 	24.399 	23.517 
A,IMP,NEM,MIO_EUR,INT_EU27_2020,EL	49.492 	82.397 	82.516 	35.416 	113.618 	15.16 	30.276 	38.77 	14.19 	33.9 	37.12 	29.726 	51.818 	64.026 	73.554 	74.872 
A,IMP,NEM,MIO_EUR,INT_EU27_2020,ES	439.141 	384.472 	237.787 	321.358 	263.051 	299.986 	227.005 	278.262 	311.284 	358.995 	416.607 	427.3 	457.855 	275.263 	333.387 	377.596 
A,IMP,NEM,MIO_EUR,INT_EU27_2020,EU27_2020	7527.622 	8613.634 	6572.096 	6593.951 	7899.404 	8401.752 	7948.544 	8413.341 	9051.458 	9276.85 	9741.345 	10384.291 	10224.761 	8171.927 	9419.185 	10878.223 
A,IMP,NEM,MIO_EUR,INT_EU27_2020,FI	138.928 	151.96 	133.629 	95.484 	146.249 	113.447 	124.392 	121.183 	96.531 	103.472 	196.364 	187.093 	142.097 	132.204 	192.137 	192.236 
A,IMP,NEM,MIO_EUR,INT_EU27_2020,FR	1371.976 	1810.033 	1595.465 	1606.802 	1794.207 	1983.803 	1682.788 	1680.184 	1636.848 	1502.86 	1518.296 	1634.291 	1596.585 	1281.607 	1417.483 	1507.507 
A,IMP,NEM,MIO_EUR,INT_EU27_2020,HR	54.181 	42.911 	32.918 	24.166 	30.489 	32.902 	31.469 	43.459 	47.395 	40.082 	48.676 	64.97 	51.787 	42.877 	62.076 	68.93 
A,IMP,NEM,MIO_EUR,INT_EU27_2020,HU	228.603 	290.547 	201.369 	222.246 	268.976 	342.692 	371.765 	371.45 	433.133 	459.485 	503.539 	511.288 	607.446 	392.12 	449.132 	456.835 
A,IMP,NEM,MIO_EUR,INT_EU27_2020,IE	22.317 	14.124 	13.977 	6.671 	9.483 	21.668 	27.752 	8.524 	11.026 	12.566 	29.048 	20.77 	25.609 	24.1 	37.501 	25.206 
A,IMP,NEM,MIO_EUR,INT_EU27_2020,IS	2.406 	3.163 	0.643 	2.094 	2.248 	3.003 	2.355 	3.203 	3.965 	4.695 	4.361 	3.02 	5.421 	3.267 	3.055 	3.734 
A,IMP,NEM,MIO_EUR,INT_EU27_2020,IT	968.416 	935.608 	636.285 	693.515 	688.942 	657.189 	728.83 	928.861 	1035.806 	1191.365 	1103.755 	1189.858 	1028.95 	975.379 	1207.223 	1775.708 
A,IMP,NEM,MIO_EUR,INT_EU27_2020,LT	20.717 	16.675 	28.268 	15.313 	18.169 	18.651 	33.119 	39.789 	41.98 	47.827 	47.881 	48.877 	38.411 	31.495 	49.781 	29.751 
A,IMP,NEM,MIO_EUR,INT_EU27_2020,LU	6.483 	9.791 	4.263 	6.875 	16.862 	8.288 	7.614 	8.061 	7.55 	16.949 	20.308 	24.11 	23.156 	23.69 	18.135 	19.132 
A,IMP,NEM,MIO_EUR,INT_EU27_2020,LV	17.137 	15.06 	6.811 	10.161 	78.695 	38.577 	13.426 	26.898 	13.693 	12.393 	19.743 	24.439 	36.334 	20.537 	24.376 	23.699 
A,IMP,NEM,MIO_EUR,INT_EU27_2020,MT	0.625 	4.068 	1.236 	0.882 	3.828 	3.502 	1.379 	2.469 	20.163 	6.03 	5.53 	6.196 	2.146 	1.015 	1.275 	3.182 
A,IMP,NEM,MIO_EUR,INT_EU27_2020,NL	464.162 	550.661 	512.812 	456.315 	841.196 	945.789 	882.242 	885.39 	965.103 	1073.751 	1008.562 	1022.841 	900.323 	806.003 	919.941 	1115.672 
A,IMP,NEM,MIO_EUR,INT_EU27_2020,NO	112.609 	140.126 	82.848 	80.397 	102.243 	125.364 	110.369 	99.573 	81.435 	76.649 	63.194 	66.405 	132.584 	99.483 	135.48 	77.997 
A,IMP,NEM,MIO_EUR,INT_EU27_2020,PL	291.114 	312.208 	233.4 	236.836 	268.734 	297.782 	343.823 	379.156 	521.128 	453.891 	494.385 	629.595 	642.525 	486.08 	599.156 	568.713 
A,IMP,NEM,MIO_EUR,INT_EU27_2020,PT	63.731 	94.045 	106.092 	121.03 	82.148 	72.358 	82.355 	87.497 	99.642 	143.565 	147.591 	147.953 	180.47 	129.704 	129.322 	149.304 
A,IMP,NEM,MIO_EUR,INT_EU27_2020,RO	151.813 	158.415 	97.796 	178.38 	164.014 	170.696 	143.766 	184.102 	282.028 	239.246 	270.797 	341.855 	339.011 	271.243 	201.66 	270.196 
A,IMP,NEM,MIO_EUR,INT_EU27_2020,SE	382.636 	432.896 	391.933 	417.415 	376.568 	372.598 	403.261 	354.341 	337.07 	381.351 	379.925 	386.794 	471.666 	370.638 	483.769 	558.845 
A,IMP,NEM,MIO_EUR,INT_EU27_2020,SI	63.779 	79.093 	41.94 	42.664 	50.024 	75.618 	54.444 	68.121 	69.348 	68.224 	88.561 	81.398 	90.134 	56.273 	110.006 	87.591 
A,IMP,NEM,MIO_EUR,INT_EU27_2020,SK	117.321 	162.242 	103.016 	184.636 	192.793 	160.009 	212.714 	231.405 	213.389 	219.437 	223.418 	246.461 	225.532 	173.889 	163.746 	249.717 
A,IMP,NEM,MIO_EUR,WORLD,AT	462.729 	565.982 	356.141 	339.15 	423.396 	437.49 	410.655 	422.58 	481.191 	503.843 	555.739 	625.234 	587.38 	492.391 	572.357 	696.379 
A,IMP,NEM,MIO_EUR,WORLD,BE	903.567 	909.474 	632.781 	664.706 	861.294 	777.369 	667.827 	692.13 	803.384 	921.606 	1213.72 	1065.207 	885.931 	620.654 	678.045 	777.956 
A,IMP,NEM,MIO_EUR,WORLD,BG	58.563 	55.043 	31.986 	30.916 	34.476 	45.85 	63.076 	72.297 	71.981 	89.375 	77.605 	84.315 	97.083 	102.146 	97.905 	162.636 
A,IMP,NEM,MIO_EUR,WORLD,CH	1052.451 	1244.378 	1036.588 	1030.403 	1255.749 	1274.932 	1194.052 	1205.239 	1165.534 	1089.823 	1224.577 	1338.818 	1265.42 	1097.832 	1024.345 	1206.625 
A,IMP,NEM,MIO_EUR,WORLD,CY	23.225 	10.55 	5.959 	40.056 	5.523 	4.573 	2.79 	11.841 	1.659 	2.195 	2.556 	2.481 	2.505 	1.674 	2.578 	4.269 
A,IMP,NEM,MIO_EUR,WORLD,CZ	446.6 	510.94 	306.907 	396.387 	529.73 	573.247 	547.527 	604.422 	823.029 	668.411 	741.742 	808.199 	953.836 	793.015 	832.286 	947.828 
A,IMP,NEM,MIO_EUR,WORLD,DE	3884.368 	4361.424 	3095.994 	3122.289 	3672.589 	3766.96 	3615.162 	3846.326 	3827.27 	3735.325 	3877.779 	4055.647 	4039.915 	3109.141 	3437.677 	4060.172 
A,IMP,NEM,MIO_EUR,WORLD,DK	176.57 	160.306 	75.731 	66.639 	82.891 	111.262 	91.966 	119.684 	137.717 	118.703 	115.965 	151.494 	159.466 	112.893 	123.457 	154.894 
A,IMP,NEM,MIO_EUR,WORLD,EE	16.838 	17.599 	13.828 	8.254 	21.28 	18.537 	16.349 	15.073 	18.159 	22.474 	29.273 	33.589 	25.713 	18.928 	32.311 	33.29 
A,IMP,NEM,MIO_EUR,WORLD,EL	61.715 	167.408 	103.221 	43.631 	133.677 	20.941 	39.308 	57.786 	27.56 	56.271 	49.954 	42.876 	78.365 	78.153 	127.66 	94.682 
A,IMP,NEM,MIO_EUR,WORLD,ES	644.316 	663.83 	444.353 	452.584 	468.924 	572.913 	406.03 	442.576 	550.726 	677.585 	672.597 	672.848 	708.675 	460.293 	497.242 	602.885 
A,IMP,NEM,MIO_EUR,WORLD,EU27_2020	13572.886 	15257.619 	11721.597 	12007.148 	14520.156 	15223.064 	14502.78 	15565.649 	17211.737 	17483.807 	18131.603 	18845.641 	18924.092 	15054.338 	16972.884 	20059.693 
A,IMP,NEM,MIO_EUR,WORLD,FI	189.414 	250.141 	196.218 	160.217 	238.597 	167.956 	211.276 	178.157 	154.317 	160.87 	253.737 	245.833 	203.446 	185.554 	249.368 	261.608 
A,IMP,NEM,MIO_EUR,WORLD,FR	1966.897 	2510.292 	2264.524 	2196.436 	2440.004 	2605.206 	2255.058 	2359.497 	2580.467 	2380.78 	2388.646 	2563.551 	2529.82 	2011.318 	2297.162 	2504.098 
A,IMP,NEM,MIO_EUR,WORLD,HR	76.363 	65.707 	59.112 	60.475 	80.577 	80.794 	78.684 	86.667 	76.969 	79.601 	79.9 	115.465 	82.246 	78.34 	101.791 	125.506 
A,IMP,NEM,MIO_EUR,WORLD,HU	383.845 	433.965 	376.2 	522.959 	706.758 	847.543 	881.999 	873.968 	1108.062 	1101.672 	1134.595 	814.647 	1060.504 	877.718 	1055.984 	1203.518 
A,IMP,NEM,MIO_EUR,WORLD,IE	69.162 	43.746 	49.548 	27.338 	40.277 	85.208 	74.935 	84.288 	60.908 	85.956 	76.164 	70.48 	83.647 	83.51 	114.917 	148.208 
A,IMP,NEM,MIO_EUR,WORLD,IS	3.275 	4.723 	0.85 	2.758 	3.787 	6.87 	3.987 	5.374 	6.675 	16.985 	7.449 	5.307 	9.047 	5.548 	4.716 	5.592 
A,IMP,NEM,MIO_EUR,WORLD,IT	1724.594 	1717.528 	1248.871 	1317.249 	1342.346 	1447.994 	1491.994 	1785.457 	1980.218 	2161.093 	2095.319 	2274.251 	2101.248 	1923.682 	2269.263 	3019.937 
A,IMP,NEM,MIO_EUR,WORLD,LT	27.925 	22.553 	30.235 	17.606 	25.246 	22.543 	36.352 	47.248 	47.354 	54.327 	59.865 	58.185 	47.833 	39.552 	59.88 	42.376 
A,IMP,NEM,MIO_EUR,WORLD,LU	8.645 	14.112 	6.969 	11.304 	20.399 	10.852 	9.874 	18.562 	20.519 	56.074 	65.602 	52.662 	58.457 	44.182 	40.039 	43.968 
A,IMP,NEM,MIO_EUR,WORLD,LV	32.26 	20.172 	11.118 	10.961 	82.742 	44.448 	16.208 	35.661 	21.068 	14.845 	26.007 	29.813 	40.214 	24.813 	31.941 	28.681 
A,IMP,NEM,MIO_EUR,WORLD,MT	5.443 	6.344 	3.628 	4.951 	8.244 	16.641 	8.085 	13.242 	27.002 	13.308 	12.043 	18.749 	12.045 	7.5 	7.904 	9.597 
A,IMP,NEM,MIO_EUR,WORLD,NL	928.591 	1057.276 	1098.201 	954.036 	1595.724 	1706.007 	1646.295 	1619.236 	1746.081 	1746.142 	1826.399 	1896.909 	1775.017 	1457.322 	1543.084 	1953.126 
A,IMP,NEM,MIO_EUR,WORLD,NO	239.653 	298.764 	180.068 	164.51 	219.657 	228.103 	230.653 	194.71 	196.776 	141.209 	119.883 	155.717 	270.436 	190.01 	223.431 	167.549 
A,IMP,NEM,MIO_EUR,WORLD,PL	350.903 	399.539 	282.994 	279.236 	326.017 	413.312 	546.86 	632.149 	963.089 	914.536 	942.167 	1185.514 	1338.332 	941.336 	1116.78 	1196.707 
A,IMP,NEM,MIO_EUR,WORLD,PT	77.449 	121.028 	121.002 	156.121 	184.506 	192.025 	183.818 	174.663 	190.644 	246.595 	239.497 	202.015 	205.651 	153.527 	173 	194.24 
A,IMP,NEM,MIO_EUR,WORLD,RO	181.898 	195.629 	122.723 	203.55 	203.146 	211.088 	166.837 	232.411 	482.37 	522.412 	529.97 	594.052 	589.309 	413.571 	364.127 	411.292 
A,IMP,NEM,MIO_EUR,WORLD,SE	568.607 	672.164 	529.913 	571.065 	587.868 	636.603 	641.296 	657.579 	596.186 	606.193 	629.752 	644.145 	677.844 	549.53 	666.868 	741.569 
A,IMP,NEM,MIO_EUR,WORLD,SI	123.855 	99.428 	105.868 	102.498 	121.001 	96.722 	121.001 	125.622 	94.615 	142.122 	126.444 	164.53 	169.63 	181.357 	218.618 	293.878 
A,IMP,NEM,MIO_EUR,WORLD,SK	178.545 	205.437 	147.573 	246.534 	282.924 	308.979 	271.52 	356.528 	319.194 	401.49 	308.567 	372.951 	409.981 	292.237 	260.64 	346.394 
A,IMP,PHA,MIO_EUR,EXT_EU27_2020,AT	840.335 	775.269 	1380.244 	1905.983 	2156.577 	2577.514 	2819.434 	3048.749 	3735.554 	3789.209 	4325.221 	3630.698 	4105.244 	3565.628 	5186.384 	4552.158 
A,IMP,PHA,MIO_EUR,EXT_EU27_2020,BE	1935.592 	1793.405 	2500.413 	3086.413 	3572.906 	4702.419 	5032.598 	5828.174 	7280.081 	6440.587 	6263.592 	7460.811 	8118.662 	8837.2 	10827.249 	11409.554 
A,IMP,PHA,MIO_EUR,EXT_EU27_2020,BG	22.96 	36.488 	43.573 	55.584 	69.391 	83.247 	72.086 	67.059 	79.093 	61.437 	55.479 	89.282 	110 	108.6 	106.104 	115.289 
A,IMP,PHA,MIO_EUR,EXT_EU27_2020,CH	1439.901 	1589.177 	1299.029 	1761.581 	1748.437 	2199.313 	2529.006 	2935.216 	3506.338 	3924.945 	3553.9 	3371.623 	3644.959 	4438.325 	5418.39 	7451.604 
A,IMP,PHA,MIO_EUR,EXT_EU27_2020,CY	19.987 	16.961 	10.486 	14.384 	14.278 	15.857 	19.749 	16.198 	25.04 	26.684 	20.766 	21.945 	25.092 	25.597 	22.965 	38.696 
A,IMP,PHA,MIO_EUR,EXT_EU27_2020,CZ	143.253 	126.078 	143.267 	100.7 	100.322 	78.973 	105.112 	171.498 	172.525 	209.253 	221.25 	194.875 	153.906 	132.99 	372.798 	224.205 
A,IMP,PHA,MIO_EUR,EXT_EU27_2020,DE	4318 	4106.19 	4680.324 	4769.671 	6528.093 	5933.376 	5828.009 	6151.679 	7446.585 	8358.833 	9390.851 	8748.096 	9353.433 	10078.694 	11820.888 	10174.387 
A,IMP,PHA,MIO_EUR,EXT_EU27_2020,DK	116.682 	154.602 	234.221 	320.845 	223.709 	240.153 	249.263 	277.748 	269.929 	255.026 	251.647 	218.484 	494.625 	704.996 	1058.328 	1074.173 
A,IMP,PHA,MIO_EUR,EXT_EU27_2020,EE	1.133 	0.886 	1.246 	1.586 	4.791 	15.349 	15.297 	16.813 	19.553 	20.96 	18.718 	14.713 	15.971 	15.127 	23.337 	27.323 
A,IMP,PHA,MIO_EUR,EXT_EU27_2020,EL	232.329 	235.007 	233.921 	222.412 	164.572 	124.277 	115.558 	108.266 	116.549 	114.481 	119.381 	143.128 	124.114 	127.461 	206.16 	164.721 
A,IMP,PHA,MIO_EUR,EXT_EU27_2020,ES	1200.152 	1388.819 	1398.934 	1398.021 	1629.143 	1525.461 	1409.715 	1622.189 	1987.163 	1920.016 	1922.173 	1825.664 	1720.514 	1644.06 	6245.999 	4259.115 
A,IMP,PHA,MIO_EUR,EXT_EU27_2020,EU27_2020	16787.353 	16612.887 	19208.664 	21731.488 	25426.787 	26890.049 	27075.59 	28995.127 	35928.335 	38235.258 	44771.695 	43027.659 	45912.848 	47443.668 	60352.511 	59238.321 
A,IMP,PHA,MIO_EUR,EXT_EU27_2020,FI	24.01 	22.871 	25.594 	92.969 	101.901 	140.787 	151.324 	176.751 	207.431 	198.045 	157.92 	121.621 	96.781 	87.755 	87.391 	76.612 
A,IMP,PHA,MIO_EUR,EXT_EU27_2020,FR	2160.359 	2156.028 	2676.24 	3029.25 	3122.601 	2819.329 	2683.644 	2483.463 	3079.983 	3128.852 	3714.03 	3486.993 	3641.825 	3798.047 	5291.967 	5238.057 
A,IMP,PHA,MIO_EUR,EXT_EU27_2020,HR	45.657 	64.189 	72.216 	65.273 	66.146 	70.503 	52.669 	94.195 	147.244 	440.207 	218.983 	211.798 	189.369 	94.756 	122.514 	79.533 
A,IMP,PHA,MIO_EUR,EXT_EU27_2020,HU	113.745 	178.599 	173.319 	283.975 	414.561 	314.806 	317.035 	336.297 	608.91 	571.822 	739.408 	983.706 	867.595 	1307.367 	1091.814 	858.121 
A,IMP,PHA,MIO_EUR,EXT_EU27_2020,IE	530.848 	555.417 	521.233 	435.268 	681.053 	699.622 	707.451 	840.382 	1195.858 	1922.178 	4020 	2731.854 	2472.854 	3170.236 	3331.001 	3588.987 
A,IMP,PHA,MIO_EUR,EXT_EU27_2020,IS	2.023 	1.557 	1.515 	1.085 	1.306 	1.673 	1.283 	1.329 	1.622 	1.906 	2.036 	2.655 	2.357 	3.369 	5.727 	12.245 
A,IMP,PHA,MIO_EUR,EXT_EU27_2020,IT	2969.78 	2952.618 	3224.535 	3542.588 	3993.181 	4509.011 	4203.939 	4044.419 	4536.451 	4423.095 	5054.753 	5569.244 	5480.46 	4917.241 	4849.876 	5926.422 
A,IMP,PHA,MIO_EUR,EXT_EU27_2020,LT	2.644 	3.021 	2.422 	3.174 	9.774 	28.966 	30.2 	28.408 	29.965 	34.709 	29.31 	17.512 	18.614 	25.433 	25.175 	31.298 
A,IMP,PHA,MIO_EUR,EXT_EU27_2020,LU	0.069 	0.048 	0.674 	1.957 	3.561 	4.491 	4.402 	2.07 	1.686 	2.292 	3.535 	4.281 	2.909 	6.108 	33.511 	8.348 
A,IMP,PHA,MIO_EUR,EXT_EU27_2020,LV	29.706 	32.985 	52.723 	54.683 	66.662 	31.813 	37.723 	33.147 	37.694 	42.705 	41.231 	26.302 	23.296 	25.203 	36.22 	45.893 
A,IMP,PHA,MIO_EUR,EXT_EU27_2020,MT	2.294 	3.965 	4.848 	9.606 	22.165 	19.774 	20.806 	46.088 	28.655 	6.741 	22.614 	21.777 	11.088 	21.386 	20.414 	30.292 
A,IMP,PHA,MIO_EUR,EXT_EU27_2020,NL	1549.967 	1304.261 	946.645 	1225.871 	1441.68 	1830.835 	2080.164 	2418.296 	3723.75 	5009.533 	6776.939 	5983.214 	7245.25 	7180.198 	7721.285 	8872.821 
A,IMP,PHA,MIO_EUR,EXT_EU27_2020,NO	47.47 	43.388 	48.947 	82.796 	83.002 	97.02 	106.984 	150.285 	151.888 	162.479 	112.52 	104.165 	116.777 	168.803 	337.073 	216.321 
A,IMP,PHA,MIO_EUR,EXT_EU27_2020,PL	155.45 	234.423 	221.724 	286.248 	245.634 	228.87 	289.836 	347.675 	355.299 	345.007 	370.592 	351.185 	301.179 	277.797 	210.497 	239.441 
A,IMP,PHA,MIO_EUR,EXT_EU27_2020,PT	73.282 	73.847 	78.72 	88.769 	89.844 	95.389 	84.672 	92.964 	100.651 	103.366 	107.27 	127.216 	125.225 	173.078 	154.142 	158.951 
A,IMP,PHA,MIO_EUR,EXT_EU27_2020,RO	94.433 	140.815 	175.426 	217.851 	206.888 	252.034 	262.933 	260.976 	246.828 	229.282 	263.709 	173.271 	159.069 	136.403 	155.982 	203.1 
A,IMP,PHA,MIO_EUR,EXT_EU27_2020,SE	126.266 	163.066 	300.023 	393.928 	360.975 	412.354 	342.694 	329.669 	335.146 	405.578 	466.542 	542.748 	575.387 	618.275 	726.73 	1037.14 
A,IMP,PHA,MIO_EUR,EXT_EU27_2020,SI	38.571 	38.356 	35.236 	45.731 	58.386 	63.237 	52.461 	68.264 	73.216 	79.557 	119.762 	261.271 	410.578 	293.736 	538.621 	705.384 
A,IMP,PHA,MIO_EUR,EXT_EU27_2020,SK	39.849 	54.673 	70.458 	78.75 	77.993 	71.605 	86.815 	83.691 	87.496 	95.805 	76.022 	65.968 	69.806 	70.297 	85.156 	98.297 
A,IMP,PHA,MIO_EUR,INT_EU27_2020,AT	860.46 	925.194 	1022.937 	1069.875 	1174.058 	893.939 	1010.176 	1126.435 	1141.12 	1367.035 	1492.626 	1958.92 	2175.84 	2329.417 	2502.866 	2918.65 
A,IMP,PHA,MIO_EUR,INT_EU27_2020,BE	2965.474 	3031.383 	4959.343 	5902.949 	4632.539 	8239.858 	9008.106 	9592.593 	8903.825 	8783.033 	10324.066 	13085.852 	15379.658 	18035.411 	32135.386 	39006.8 
A,IMP,PHA,MIO_EUR,INT_EU27_2020,BG	83.63 	95.085 	96.062 	130.953 	150.052 	168.252 	188.621 	216.841 	264.992 	287.563 	302.916 	319.681 	338.135 	345.417 	470.956 	451.375 
A,IMP,PHA,MIO_EUR,INT_EU27_2020,CH	4499.188 	4491.523 	4412.434 	5821.781 	6515.282 	6489.61 	6777.565 	7434.223 	7824.131 	8035.553 	9437.31 	10085.016 	10598.567 	11888.428 	11318.854 	13818.653 
A,IMP,PHA,MIO_EUR,INT_EU27_2020,CY	36.099 	38.99 	44.014 	49.486 	57.104 	54.149 	35.145 	33.962 	32.609 	34.631 	36.182 	40.718 	51.979 	49.098 	50.128 	68.1 
A,IMP,PHA,MIO_EUR,INT_EU27_2020,CZ	444.917 	512.849 	577.371 	675.228 	745.399 	761.758 	729.998 	779.137 	900.362 	881.053 	924.424 	1083.916 	1307.786 	1524.413 	2134.929 	2288.616 
A,IMP,PHA,MIO_EUR,INT_EU27_2020,DE	6029.709 	6814.931 	8250.135 	9782.489 	10719.166 	10535.384 	11097.853 	11977.648 	12847.771 	12960.97 	15203.151 	16200.738 	16228.382 	19441.308 	28055.713 	34969.533 
A,IMP,PHA,MIO_EUR,INT_EU27_2020,DK	377.275 	374.819 	465.228 	463.534 	461.232 	535.778 	706.983 	742.714 	717.37 	667.441 	847.434 	915.864 	1017.918 	1306.406 	1792.982 	1832.448 
A,IMP,PHA,MIO_EUR,INT_EU27_2020,EE	48.082 	58.108 	57.351 	61.7 	70.286 	61.292 	57.489 	60.141 	66.721 	66.613 	53.054 	60.456 	71.808 	91.508 	111.897 	151.172 
A,IMP,PHA,MIO_EUR,INT_EU27_2020,EL	573.42 	649.22 	719.872 	614.828 	590.428 	503.211 	542.931 	563.368 	680.287 	694.692 	850.496 	1082.198 	980.074 	1169.033 	1472.933 	1525.474 
A,IMP,PHA,MIO_EUR,INT_EU27_2020,ES	1572.506 	1774.04 	2405.261 	1947.985 	1918.934 	1762.242 	1742.27 	2041.855 	2176.551 	2359.34 	2802.311 	3397.005 	3924.362 	4564.301 	5318.8 	5799.522 
A,IMP,PHA,MIO_EUR,INT_EU27_2020,EU27_2020	25094.787 	24447.346 	30359.054 	33575.28 	34215.15 	39014.992 	42083.069 	46990.535 	48523.626 	49068.217 	58540.248 	67389.678 	74777.931 	87939.854 	122307.557 	142840.456 
A,IMP,PHA,MIO_EUR,INT_EU27_2020,FI	262.644 	327.006 	323.169 	336.133 	351.252 	409.715 	457.941 	482.678 	511.191 	449.321 	455.83 	545.023 	595.592 	636.026 	658.476 	660.331 
A,IMP,PHA,MIO_EUR,INT_EU27_2020,FR	2658.553 	2969.337 	4013.893 	4869.027 	4874.95 	6270.74 	6825.045 	9308.173 	7837.776 	7226.279 	8859.28 	9333.696 	10010.19 	12195.461 	13353.205 	14487.064 
A,IMP,PHA,MIO_EUR,INT_EU27_2020,HR	93.225 	100.689 	108.101 	114.766 	127.605 	131.718 	145.771 	141.713 	176.853 	220.724 	239.112 	302.356 	391.915 	781.963 	612.223 	730.66 
A,IMP,PHA,MIO_EUR,INT_EU27_2020,HU	266.506 	353.807 	358.16 	431.096 	581.94 	655.712 	626.303 	721.645 	942.853 	867.234 	982.063 	1218.538 	1329.855 	1910.898 	1784.287 	1690.58 
A,IMP,PHA,MIO_EUR,INT_EU27_2020,IE	415.358 	491.799 	600.918 	707.632 	735.672 	809.414 	910.889 	970.64 	871.449 	859.337 	1610.205 	1420.231 	1520.427 	1787.454 	2367.287 	3111.286 
A,IMP,PHA,MIO_EUR,INT_EU27_2020,IS	9.864 	8.563 	7.381 	9.588 	9.931 	9.124 	9.897 	8.65 	7.656 	7.137 	7.873 	10.788 	10.495 	12.985 	25.175 	35.679 
A,IMP,PHA,MIO_EUR,INT_EU27_2020,IT	2450.803 	2373.871 	2728.304 	2788.717 	2910.531 	3167.545 	3549.427 	3752.676 	4618.224 	4969.5 	6132.008 	8186.545 	9884.821 	10302.4 	11843.321 	13225.192 
A,IMP,PHA,MIO_EUR,INT_EU27_2020,LT	77.475 	79.661 	86.499 	86.625 	105.167 	118.087 	121.447 	144.177 	223.786 	176.785 	222.548 	241.94 	367.811 	380.133 	401.06 	458.608 
A,IMP,PHA,MIO_EUR,INT_EU27_2020,LU	18.714 	18.231 	19.486 	27.33 	21.9 	34.325 	51.306 	37.679 	40.232 	55.583 	54.13 	46.731 	46.077 	46.194 	96.624 	81.704 
A,IMP,PHA,MIO_EUR,INT_EU27_2020,LV	38.933 	44.047 	46.627 	63.883 	67.837 	63.837 	69.579 	83.927 	92.648 	89.296 	99.643 	102.27 	128.177 	127.574 	181.925 	202.027 
A,IMP,PHA,MIO_EUR,INT_EU27_2020,MT	6.795 	9.014 	8.263 	7.378 	9.682 	11.639 	8.509 	10.353 	10.124 	10.564 	10.348 	13.946 	17.047 	19.284 	30.805 	42.194 
A,IMP,PHA,MIO_EUR,INT_EU27_2020,NL	3552.184 	928.99 	1066.823 	837.576 	1057.652 	908.494 	1155.853 	992.621 	1796.865 	2074.65 	2608.836 	2671.54 	3072.913 	3581.427 	7522.044 	8515.044 
A,IMP,PHA,MIO_EUR,INT_EU27_2020,NO	104.023 	134.727 	205.542 	219.927 	249.158 	294.324 	311.382 	331.378 	384.549 	382.264 	250.343 	237.362 	226.323 	261.042 	530.96 	263.041 
A,IMP,PHA,MIO_EUR,INT_EU27_2020,PL	718.263 	862.49 	731.537 	811.46 	884.717 	946.839 	1056.408 	1127.813 	1178.749 	1430.953 	1773.668 	2149.823 	2162.34 	3051.05 	3948.661 	4328.487 
A,IMP,PHA,MIO_EUR,INT_EU27_2020,PT	344.274 	346.005 	372.628 	377.853 	381.583 	349.568 	360.303 	423.433 	443.255 	443.211 	500.018 	596.439 	696.972 	762.007 	1208.321 	1273.643 
A,IMP,PHA,MIO_EUR,INT_EU27_2020,RO	260.153 	308.491 	298.247 	327.278 	394.937 	378.658 	374.955 	386.848 	431.994 	416.211 	503.034 	618.834 	865.812 	1068.413 	1363.713 	1342.552 
A,IMP,PHA,MIO_EUR,INT_EU27_2020,SE	586.949 	580.241 	600.89 	681.116 	770.15 	828.919 	835.442 	806.868 	1030.749 	1054.743 	1046.251 	1076.32 	1305.835 	1387.148 	1680.869 	2065.94 
A,IMP,PHA,MIO_EUR,INT_EU27_2020,SI	152.055 	155.786 	157.933 	157.33 	165.863 	177.686 	161.271 	183.994 	194.425 	236.144 	250.295 	330.169 	491.996 	578.929 	569.322 	905.35 
A,IMP,PHA,MIO_EUR,INT_EU27_2020,SK	200.331 	223.26 	240.003 	251.052 	254.515 	236.233 	253.045 	280.601 	390.843 	385.312 	356.317 	389.929 	414.21 	467.182 	638.826 	708.106 
A,IMP,PHA,MIO_EUR,WORLD,AT	1700.795 	1700.463 	2403.181 	2975.859 	3330.635 	3471.453 	3829.61 	4175.184 	4876.674 	5156.243 	5817.846 	5589.618 	6281.084 	5895.046 	7689.25 	7470.807 
A,IMP,PHA,MIO_EUR,WORLD,BE	4901.066 	4824.788 	7459.756 	8989.362 	8205.445 	12942.277 	14040.704 	15420.766 	16183.906 	15223.62 	16587.658 	20546.663 	23498.319 	26872.61 	42962.635 	50416.354 
A,IMP,PHA,MIO_EUR,WORLD,BG	106.59 	131.574 	139.635 	186.537 	219.442 	251.499 	260.707 	283.9 	344.085 	349 	358.395 	408.963 	448.135 	454.017 	577.06 	566.664 
A,IMP,PHA,MIO_EUR,WORLD,CH	5939.09 	6080.701 	5711.463 	7583.361 	8263.719 	8688.923 	9306.571 	10369.439 	11330.469 	11960.498 	12991.211 	13456.639 	14243.526 	16326.753 	16737.244 	21270.257 
A,IMP,PHA,MIO_EUR,WORLD,CY	56.086 	55.951 	54.5 	63.87 	71.381 	70.006 	54.895 	50.16 	57.649 	61.315 	56.949 	62.663 	77.071 	74.695 	73.093 	106.796 
A,IMP,PHA,MIO_EUR,WORLD,CZ	588.17 	638.926 	720.638 	775.928 	845.721 	840.73 	835.109 	950.635 	1072.887 	1090.306 	1145.673 	1278.791 	1461.692 	1657.403 	2507.727 	2512.821 
A,IMP,PHA,MIO_EUR,WORLD,DE	10347.71 	10921.121 	12930.459 	14552.16 	17247.259 	16468.76 	16925.861 	18129.327 	20294.356 	21319.803 	24594.002 	24948.834 	25581.816 	29520.001 	39876.601 	45143.921 
A,IMP,PHA,MIO_EUR,WORLD,DK	493.957 	529.421 	699.449 	784.379 	684.941 	775.931 	956.247 	1020.462 	987.299 	922.468 	1099.081 	1134.348 	1512.543 	2011.402 	2851.31 	2906.622 
A,IMP,PHA,MIO_EUR,WORLD,EE	49.215 	58.995 	58.596 	63.286 	75.077 	76.641 	72.786 	76.953 	86.274 	87.573 	71.772 	75.168 	87.779 	106.634 	135.234 	178.494 
A,IMP,PHA,MIO_EUR,WORLD,EL	805.748 	884.228 	953.793 	837.24 	755 	627.488 	658.489 	671.634 	796.836 	809.173 	969.877 	1225.326 	1104.188 	1296.494 	1679.094 	1690.195 
A,IMP,PHA,MIO_EUR,WORLD,ES	2772.658 	3162.859 	3804.196 	3346.006 	3548.077 	3287.702 	3151.986 	3664.044 	4163.714 	4279.356 	4724.484 	5222.669 	5644.876 	6208.361 	11564.798 	10058.637 
A,IMP,PHA,MIO_EUR,WORLD,EU27_2020	41882.14 	41060.233 	49567.718 	55306.769 	59641.938 	65905.042 	69158.659 	75985.662 	84451.961 	87303.475 	103311.943 	110417.337 	120690.779 	135383.523 	182660.068 	202078.777 
A,IMP,PHA,MIO_EUR,WORLD,FI	286.654 	349.877 	348.763 	429.102 	453.153 	550.502 	609.264 	659.429 	718.622 	647.366 	613.75 	666.644 	692.374 	723.781 	745.867 	736.943 
A,IMP,PHA,MIO_EUR,WORLD,FR	4818.913 	5125.365 	6690.133 	7898.277 	7997.551 	9090.07 	9508.689 	11791.636 	10917.759 	10355.131 	12573.31 	12820.689 	13652.015 	15993.508 	18645.172 	19725.121 
A,IMP,PHA,MIO_EUR,WORLD,HR	138.882 	164.878 	180.316 	180.039 	193.751 	202.221 	198.44 	235.908 	324.097 	660.931 	458.095 	514.155 	581.284 	876.72 	734.737 	810.193 
A,IMP,PHA,MIO_EUR,WORLD,HU	380.25 	532.407 	531.48 	715.071 	996.501 	970.517 	943.338 	1057.943 	1551.764 	1439.055 	1721.471 	2202.244 	2197.45 	3218.265 	2876.101 	2548.702 
A,IMP,PHA,MIO_EUR,WORLD,IE	946.206 	1047.216 	1122.151 	1142.9 	1416.725 	1509.036 	1618.34 	1811.022 	2067.307 	2781.515 	5630.206 	4152.085 	3993.281 	4957.69 	5698.289 	6700.273 
A,IMP,PHA,MIO_EUR,WORLD,IS	11.887 	10.12 	8.896 	10.673 	11.237 	10.797 	11.18 	9.979 	9.278 	9.042 	9.909 	13.443 	12.852 	16.354 	30.902 	47.925 
A,IMP,PHA,MIO_EUR,WORLD,IT	5420.583 	5326.489 	5952.839 	6331.305 	6903.712 	7676.556 	7753.366 	7797.095 	9154.676 	9392.595 	11186.761 	13755.79 	15365.281 	15219.641 	16693.197 	19151.614 
A,IMP,PHA,MIO_EUR,WORLD,LT	80.119 	82.682 	88.921 	89.799 	114.94 	147.053 	151.647 	172.586 	253.751 	211.494 	251.857 	259.453 	386.425 	405.565 	426.235 	489.906 
A,IMP,PHA,MIO_EUR,WORLD,LU	18.783 	18.279 	20.16 	29.287 	25.461 	38.816 	55.708 	39.749 	41.918 	57.875 	57.665 	51.012 	48.986 	52.303 	130.135 	90.052 
A,IMP,PHA,MIO_EUR,WORLD,LV	68.64 	77.032 	99.349 	118.565 	134.499 	95.65 	107.303 	117.074 	130.343 	132.001 	140.874 	128.572 	151.473 	152.777 	218.146 	247.92 
A,IMP,PHA,MIO_EUR,WORLD,MT	9.089 	12.978 	13.111 	16.983 	31.847 	31.413 	29.315 	56.441 	38.78 	17.305 	32.962 	35.722 	28.135 	40.671 	51.219 	72.487 
A,IMP,PHA,MIO_EUR,WORLD,NL	5102.151 	2233.251 	2013.468 	2063.447 	2499.332 	2739.33 	3236.017 	3410.917 	5520.615 	7084.182 	9385.775 	8654.754 	10318.163 	10761.625 	15243.33 	17387.865 
A,IMP,PHA,MIO_EUR,WORLD,NO	151.493 	178.115 	254.488 	302.722 	332.16 	391.344 	418.366 	481.663 	536.437 	544.743 	362.862 	341.526 	343.099 	429.844 	868.032 	479.362 
A,IMP,PHA,MIO_EUR,WORLD,PL	873.712 	1096.913 	953.261 	1097.707 	1130.351 	1175.709 	1346.244 	1475.488 	1534.048 	1775.96 	2144.26 	2501.008 	2463.52 	3328.846 	4159.158 	4567.928 
A,IMP,PHA,MIO_EUR,WORLD,PT	417.557 	419.853 	451.348 	466.623 	471.426 	444.957 	444.976 	516.397 	543.906 	546.577 	607.288 	723.655 	822.198 	935.084 	1362.463 	1432.594 
A,IMP,PHA,MIO_EUR,WORLD,RO	354.586 	449.306 	473.672 	545.129 	601.825 	630.692 	637.889 	647.824 	678.822 	645.493 	766.743 	792.105 	1024.881 	1204.816 	1519.695 	1545.652 
A,IMP,PHA,MIO_EUR,WORLD,SE	713.215 	743.307 	900.913 	1075.044 	1131.125 	1241.274 	1178.136 	1136.537 	1365.895 	1460.321 	1512.793 	1619.068 	1881.222 	2005.424 	2407.599 	3103.08 
A,IMP,PHA,MIO_EUR,WORLD,SI	190.626 	194.142 	193.169 	203.061 	224.25 	240.923 	213.733 	252.259 	267.64 	315.7 	370.057 	591.44 	902.574 	872.664 	1107.942 	1610.734 
A,IMP,PHA,MIO_EUR,WORLD,SK	240.179 	277.933 	310.461 	329.802 	332.508 	307.838 	339.861 	364.292 	478.34 	481.116 	432.339 	455.897 	484.016 	537.48 	723.982 	806.403 
A,IMP,SCI,MIO_EUR,EXT_EU27_2020,AT	425.822 	409.32 	359.738 	437.6 	428.635 	413.639 	427.427 	477.489 	483.279 	519.527 	584.591 	589.127 	603.135 	578.208 	670.107 	758.92 
A,IMP,SCI,MIO_EUR,EXT_EU27_2020,BE	1101.416 	1084.121 	1228.895 	1464.308 	1525.162 	1541.591 	1708.559 	2070.145 	2594.624 	2753.227 	2691.11 	2571.09 	2762.484 	2389.739 	2840.2 	3042.196 
A,IMP,SCI,MIO_EUR,EXT_EU27_2020,BG	30.358 	40.956 	27.468 	24.033 	26.389 	31.368 	40.388 	40.825 	67.668 	54.762 	70.122 	80.286 	95.204 	95.017 	119.912 	149.513 
A,IMP,SCI,MIO_EUR,EXT_EU27_2020,CH	576.631 	705.727 	712.641 	823.031 	775.704 	937.733 	1015.488 	1051.773 	1485.471 	1545.577 	1531.598 	1547.672 	1645.458 	1550.729 	1594.716 	1786.861 
A,IMP,SCI,MIO_EUR,EXT_EU27_2020,CY	16.054 	20.342 	15.834 	13.174 	11.002 	10.315 	10.467 	12.811 	10.819 	10.358 	9.843 	10.118 	10.504 	12.674 	20.768 	24.883 
A,IMP,SCI,MIO_EUR,EXT_EU27_2020,CZ	313.081 	574.566 	535.71 	550.355 	447.323 	434.912 	396.621 	383.918 	444.61 	463.618 	532.522 	614.049 	571.448 	466.865 	554.646 	742.571 
A,IMP,SCI,MIO_EUR,EXT_EU27_2020,DE	7218.145 	7268.753 	6442.497 	7620.119 	8615.02 	8694.656 	8382.631 	8853.55 	10559.587 	10695.899 	11339.956 	11918.116 	12561.769 	12053.167 	13353.469 	15804.806 
A,IMP,SCI,MIO_EUR,EXT_EU27_2020,DK	402.069 	393.906 	334.323 	358.74 	418.19 	444.45 	369.02 	367.216 	433.409 	439.561 	450.025 	441.878 	465.964 	469.836 	526.262 	617.286 
A,IMP,SCI,MIO_EUR,EXT_EU27_2020,EE	18.65 	21.526 	21.328 	33.967 	31.846 	37.696 	40.949 	35.705 	34.121 	30.296 	31.141 	37.851 	47.4 	69.468 	59.709 	79.591 
A,IMP,SCI,MIO_EUR,EXT_EU27_2020,EL	237.097 	172.503 	150.896 	118.513 	75.115 	59.871 	68.132 	65.034 	73.259 	80.218 	74.728 	80.544 	98.6 	102.05 	111.474 	133.711 
A,IMP,SCI,MIO_EUR,EXT_EU27_2020,ES	693.738 	644.173 	561.953 	611.51 	605.906 	561.841 	561.883 	625.069 	920.667 	886.564 	865.223 	877.948 	902.221 	875.44 	975.665 	1122.618 
A,IMP,SCI,MIO_EUR,EXT_EU27_2020,EU27_2020	21053.631 	22484.616 	21205.192 	24375.28 	25617.831 	26529.901 	25580.872 	26834.271 	30709.299 	31359.245 	32242.587 	33206.832 	35643.938 	34646.964 	39004.551 	50211.162 
A,IMP,SCI,MIO_EUR,EXT_EU27_2020,FI	206.46 	200.306 	175.167 	174.903 	193.887 	238.856 	233.253 	262.083 	299.743 	314 	299.473 	322.756 	334.099 	293.615 	323.744 	371.897 
A,IMP,SCI,MIO_EUR,EXT_EU27_2020,FR	3448.909 	3520.139 	3567.286 	3954.035 	3650.441 	3790.573 	3769.163 	3816.239 	3883.101 	3939.006 	3944.267 	3846.444 	4323.08 	3932.349 	3889.631 	4630.894 
A,IMP,SCI,MIO_EUR,EXT_EU27_2020,HR	63.199 	63.796 	56.829 	67.045 	71.704 	61.97 	39.542 	22.509 	30.418 	38.207 	32.648 	38.563 	38.369 	42.588 	37.463 	47.498 
A,IMP,SCI,MIO_EUR,EXT_EU27_2020,HU	140.748 	144.17 	150.214 	245.372 	244.649 	290.211 	195.209 	167.485 	230.938 	237.562 	264.473 	359.08 	381.062 	440.482 	487.641 	1469.969 
A,IMP,SCI,MIO_EUR,EXT_EU27_2020,IE	454.53 	412.678 	405.51 	378.796 	384.014 	379.659 	435.051 	542.902 	554.599 	544.352 	496.379 	590.373 	723.571 	739.928 	925.012 	1304.652 
A,IMP,SCI,MIO_EUR,EXT_EU27_2020,IS	20.391 	16.392 	13.406 	25.14 	16.806 	17.839 	20.025 	26.636 	33.82 	40.728 	40.774 	30.796 	41.947 	36.723 	74.256 	187.064 
A,IMP,SCI,MIO_EUR,EXT_EU27_2020,IT	1245.411 	1264.361 	1118.993 	1224.872 	1241.737 	1245.775 	1190.832 	1275.365 	1429.412 	1442.914 	1483.461 	1503.691 	1686.008 	1743.232 	1857.883 	2059.736 
A,IMP,SCI,MIO_EUR,EXT_EU27_2020,LT	39.369 	55.216 	36.936 	32.396 	42.274 	40.039 	42.502 	49.16 	68.5 	53.666 	76.161 	82.668 	88.107 	108.874 	119.967 	119.081 
A,IMP,SCI,MIO_EUR,EXT_EU27_2020,LU	13.032 	26.627 	22.258 	31.083 	41.617 	57.585 	49.198 	51.114 	45.609 	46.733 	38.102 	47.045 	59.192 	42.289 	41.791 	35.605 
A,IMP,SCI,MIO_EUR,EXT_EU27_2020,LV	15.951 	16.023 	14.037 	8.914 	14.02 	19.654 	21.133 	19.639 	24.157 	21.198 	21.946 	28.634 	29.955 	37.208 	63.892 	58.59 
A,IMP,SCI,MIO_EUR,EXT_EU27_2020,MT	12.688 	10.228 	7.454 	18.647 	9.46 	8.747 	13.652 	19.521 	15.647 	12.418 	12.806 	25.687 	17.501 	16.381 	25.109 	23.736 
A,IMP,SCI,MIO_EUR,EXT_EU27_2020,NL	3164.79 	3583.098 	3144.674 	3852.589 	3996.106 	4213.637 	4385.644 	4588.239 	5213.596 	5513.311 	6096.159 	6408.275 	7284.667 	7521.321 	8906.238 	11005.247 
A,IMP,SCI,MIO_EUR,EXT_EU27_2020,NO	357.575 	401.005 	322.293 	389.206 	516.295 	517.708 	578.808 	654.927 	1039.254 	885.195 	584.869 	725.884 	897.908 	673.558 	842.528 	796.046 
A,IMP,SCI,MIO_EUR,EXT_EU27_2020,PL	634.88 	1235.113 	1265.406 	1345.308 	1434.385 	993.038 	656.958 	785.808 	930.785 	935.81 	1114.659 	1290.153 	1233.195 	1247.35 	1540.99 	3553.334 
A,IMP,SCI,MIO_EUR,EXT_EU27_2020,PT	113.126 	94.746 	64.177 	75.826 	83.893 	83.804 	77.359 	82.441 	84.402 	78.826 	86.403 	90.692 	102.458 	95.05 	106.277 	210.2 
A,IMP,SCI,MIO_EUR,EXT_EU27_2020,RO	100.582 	115.719 	83.525 	107.143 	78.523 	99.313 	86.067 	124.119 	171.975 	183.645 	179.419 	235.336 	250.476 	273.984 	310.431 	407.669 
A,IMP,SCI,MIO_EUR,EXT_EU27_2020,SE	810.411 	771.093 	814.699 	918.667 	936.696 	959.018 	755.914 	526.239 	578.295 	561.424 	580.631 	594.535 	630.189 	727.765 	835.079 	993.151 
A,IMP,SCI,MIO_EUR,EXT_EU27_2020,SI	30.251 	33.397 	34.954 	36.499 	67.296 	58.931 	50.294 	56.779 	56.366 	57.426 	59.455 	54.976 	52.071 	67.559 	79.568 	124.068 
A,IMP,SCI,MIO_EUR,EXT_EU27_2020,SK	102.864 	307.74 	564.431 	670.866 	942.542 	1758.753 	1573.023 	1512.866 	1469.715 	1444.717 	806.884 	466.914 	291.208 	204.524 	221.623 	1319.739 
A,IMP,SCI,MIO_EUR,INT_EU27_2020,AT	1081.012 	1089.345 	928.222 	1129.147 	1237.833 	1296.093 	1252.993 	1256.386 	1306.316 	1331.088 	1394.05 	1501.424 	1619.904 	1522.37 	1803.212 	1922.067 
A,IMP,SCI,MIO_EUR,INT_EU27_2020,BE	1275.166 	1388.107 	1302.365 	1477.941 	1638.291 	1614.274 	1600.666 	1975.661 	2061.139 	1868.651 	2053.852 	2143.124 	2236.73 	2092.545 	2424.06 	2955.501 
A,IMP,SCI,MIO_EUR,INT_EU27_2020,BG	96.747 	122.646 	104.025 	90.343 	96.482 	129.437 	145.079 	139.657 	156.407 	128.646 	152.301 	155.594 	182.851 	200.636 	230.313 	255.987 
A,IMP,SCI,MIO_EUR,INT_EU27_2020,CH	1052.061 	1141.482 	1093.152 	1397.022 	1387.637 	1309.559 	1335.98 	1394.346 	1998.172 	1971.481 	2038.311 	2129.794 	2224.343 	2222.912 	2408.297 	2625.398 
A,IMP,SCI,MIO_EUR,INT_EU27_2020,CY	32.443 	38.708 	34.726 	30.808 	30.845 	24.944 	19.858 	25.429 	22.23 	25.74 	31.578 	31.182 	38.153 	36.721 	46.629 	49.547 
A,IMP,SCI,MIO_EUR,INT_EU27_2020,CZ	701.288 	784.319 	705.454 	836.946 	1002.966 	1003.302 	979.646 	1088.28 	1261.166 	1176.793 	1261.733 	1565.205 	1686.262 	1537.531 	1791.207 	2050.164 
A,IMP,SCI,MIO_EUR,INT_EU27_2020,DE	4343.939 	4390.818 	4178.785 	5051.075 	5545.447 	5550.558 	5702.465 	5999.686 	6419.059 	6737.434 	7208.412 	7403.909 	8059.226 	7648.755 	8817.05 	9669.828 
A,IMP,SCI,MIO_EUR,INT_EU27_2020,DK	572.012 	589.295 	546.483 	593.444 	634.481 	682.859 	677.443 	660.53 	665.275 	754.963 	760.62 	755.406 	822.505 	895.704 	924.809 	1057.271 
A,IMP,SCI,MIO_EUR,INT_EU27_2020,EE	69.521 	67.521 	49.859 	65.349 	80.905 	79.987 	99.669 	91.105 	97.332 	82.137 	92.863 	106.602 	106.323 	113.593 	112.077 	139.707 
A,IMP,SCI,MIO_EUR,INT_EU27_2020,EL	454.945 	534.327 	467.214 	385.625 	237.336 	193.516 	212.683 	220.653 	214.465 	237.905 	254.737 	302.651 	327.497 	345.607 	402.872 	462.999 
A,IMP,SCI,MIO_EUR,INT_EU27_2020,ES	1843.054 	1826.841 	1685.941 	1833.922 	1930.435 	1806.642 	1871.152 	2223.347 	2559.816 	2705.954 	2685.996 	2760.982 	2918.78 	2891.383 	3229.903 	3673.382 
A,IMP,SCI,MIO_EUR,INT_EU27_2020,EU27_2020	24292.077 	24909.09 	22463.281 	25865.192 	27511.343 	27647.818 	27724.702 	29267.596 	31527.723 	32374.339 	34173.145 	36237.279 	39429.961 	37683.791 	43658.447 	49828.361 
A,IMP,SCI,MIO_EUR,INT_EU27_2020,FI	446.362 	459.724 	424.598 	433.948 	499.183 	522.563 	502.314 	539.958 	529.993 	572.536 	646.637 	703.055 	729.707 	755.747 	782.236 	926.177 
A,IMP,SCI,MIO_EUR,INT_EU27_2020,FR	3266.755 	3399.162 	3116.573 	3781.079 	3992.739 	3977.019 	3970.178 	3887.101 	4109.966 	4254.647 	4389.913 	4742.241 	5117.863 	4780.811 	5691.651 	5881.345 
A,IMP,SCI,MIO_EUR,INT_EU27_2020,HR	102.6 	89.477 	81.793 	69.693 	72.103 	77.056 	93.681 	116.516 	142.313 	141.744 	153.682 	175.249 	202.875 	187.263 	213.919 	254.722 
A,IMP,SCI,MIO_EUR,INT_EU27_2020,HU	458.729 	461.562 	357.251 	439.804 	480.419 	507.076 	527.211 	649.42 	724.492 	725 	756.512 	759.66 	832.987 	775.618 	805.482 	865.275 
A,IMP,SCI,MIO_EUR,INT_EU27_2020,IE	128.294 	117.733 	142.807 	129.88 	140.482 	142.265 	163.901 	170.528 	183.932 	192.079 	232.863 	276.262 	305.733 	429.42 	574.122 	577.543 
A,IMP,SCI,MIO_EUR,INT_EU27_2020,IS	20.924 	16.659 	10.411 	10.343 	11.869 	12.874 	14.408 	14.499 	28.151 	25.988 	29.648 	32.727 	34.757 	29.435 	38.41 	46.999 
A,IMP,SCI,MIO_EUR,INT_EU27_2020,IT	2557.515 	2544.763 	2493.349 	2830.026 	3058.437 	2817.157 	2825.119 	3007.865 	3120.836 	3302.713 	3481.773 	3656.371 	3734.303 	3639.935 	4201.809 	4718.494 
A,IMP,SCI,MIO_EUR,INT_EU27_2020,LT	102.877 	94.856 	66.004 	78.906 	111.887 	135.765 	142.996 	154.74 	194.53 	189.847 	211.924 	238.541 	250.873 	280.652 	308.86 	285.546 
A,IMP,SCI,MIO_EUR,INT_EU27_2020,LU	78.697 	76.638 	81.962 	80.908 	88.424 	98.524 	96.804 	99.774 	111.069 	116.714 	116.958 	119.985 	132.985 	141.24 	142.834 	156.598 
A,IMP,SCI,MIO_EUR,INT_EU27_2020,LV	63.914 	68.99 	35.742 	50.504 	64.513 	89.439 	92.372 	88.392 	117.473 	84.028 	103.308 	129.832 	131.32 	117.486 	140.61 	158.142 
A,IMP,SCI,MIO_EUR,INT_EU27_2020,MT	16.747 	26.737 	11.136 	11.666 	10.186 	14.3 	10.044 	12.519 	14.141 	11.857 	11.72 	14.446 	18.476 	16.023 	15.732 	20.65 
A,IMP,SCI,MIO_EUR,INT_EU27_2020,NL	2302.858 	2595.207 	2510.879 	2349.267 	2305.343 	3097.789 	2911.006 	2983.332 	3174.192 	3405.658 	3444.335 	3669.911 	4367.064 	4066.658 	5007.846 	6896.056 
A,IMP,SCI,MIO_EUR,INT_EU27_2020,NO	365.47 	368.139 	337.772 	345.135 	417.408 	403.112 	415.332 	438.273 	562.375 	570.244 	489.58 	531.045 	593.114 	540.356 	601.853 	642.058 
A,IMP,SCI,MIO_EUR,INT_EU27_2020,PL	1286.864 	1309.175 	1160.293 	1674.052 	1696.516 	1230.3 	1231.956 	1325.287 	1434.643 	1413.133 	1545.65 	1669.387 	2004.224 	1932.97 	2211.963 	2420.149 
A,IMP,SCI,MIO_EUR,INT_EU27_2020,PT	406.624 	409.941 	394.261 	462.117 	383.336 	354.533 	346.6 	361.361 	429.11 	434.921 	470.99 	550.25 	578.825 	580.229 	671.653 	817.873 
A,IMP,SCI,MIO_EUR,INT_EU27_2020,RO	353.324 	394.286 	245.363 	339.594 	412.856 	409.461 	503.99 	525.721 	623.799 	598.454 	672.785 	807.159 	950.531 	835.832 	952.056 	1131.075 
A,IMP,SCI,MIO_EUR,INT_EU27_2020,SE	1000.402 	1037.945 	843.212 	1069.202 	1119.392 	1144.726 	1116.193 	1076.042 	1084.979 	1170.674 	1274.315 	1243.688 	1282.937 	1180.544 	1384.493 	1513.932 
A,IMP,SCI,MIO_EUR,INT_EU27_2020,SI	173.09 	179.683 	161.934 	172.485 	176.443 	155.207 	178.113 	158.046 	201.361 	214.462 	230.978 	250.948 	275.303 	258.746 	286.922 	331.704 
A,IMP,SCI,MIO_EUR,INT_EU27_2020,SK	1076.299 	811.285 	333.05 	397.464 	464.062 	493.027 	450.567 	430.257 	567.691 	496.562 	532.658 	504.216 	515.724 	419.771 	484.129 	636.628 
A,IMP,SCI,MIO_EUR,WORLD,AT	1506.834 	1498.665 	1287.96 	1566.747 	1666.468 	1709.732 	1680.42 	1733.875 	1789.595 	1850.614 	1978.64 	2090.551 	2223.04 	2100.577 	2473.318 	2680.987 
A,IMP,SCI,MIO_EUR,WORLD,BE	2376.582 	2472.228 	2531.259 	2942.249 	3163.452 	3155.865 	3309.225 	4045.807 	4655.763 	4621.878 	4744.962 	4714.215 	4999.214 	4482.285 	5264.26 	5997.697 
A,IMP,SCI,MIO_EUR,WORLD,BG	127.104 	163.602 	131.493 	114.376 	122.871 	160.804 	185.467 	180.482 	224.076 	183.408 	222.423 	235.88 	278.055 	295.653 	350.225 	405.5 
A,IMP,SCI,MIO_EUR,WORLD,CH	1628.692 	1847.209 	1805.793 	2220.053 	2163.341 	2247.292 	2351.468 	2446.119 	3483.642 	3517.058 	3569.909 	3677.466 	3869.802 	3773.641 	4003.013 	4412.26 
A,IMP,SCI,MIO_EUR,WORLD,CY	48.497 	59.05 	50.56 	43.981 	41.846 	35.259 	30.326 	38.24 	33.049 	36.098 	41.421 	41.3 	48.657 	49.395 	67.396 	74.43 
A,IMP,SCI,MIO_EUR,WORLD,CZ	1014.369 	1358.885 	1241.164 	1387.302 	1450.289 	1438.214 	1376.267 	1472.198 	1705.775 	1640.411 	1794.255 	2179.254 	2257.71 	2004.395 	2345.852 	2792.735 
A,IMP,SCI,MIO_EUR,WORLD,DE	11562.084 	11659.571 	10621.282 	12671.195 	14160.468 	14245.214 	14085.096 	14853.236 	16978.647 	17433.333 	18548.368 	19322.025 	20620.995 	19701.922 	22170.519 	25474.634 
A,IMP,SCI,MIO_EUR,WORLD,DK	974.081 	983.201 	880.806 	952.184 	1052.672 	1127.31 	1046.464 	1027.747 	1098.684 	1194.524 	1210.646 	1197.284 	1288.469 	1365.541 	1451.07 	1674.557 
A,IMP,SCI,MIO_EUR,WORLD,EE	88.171 	89.047 	71.187 	99.316 	112.751 	117.683 	140.618 	126.809 	131.452 	112.433 	124.005 	144.453 	153.723 	183.061 	171.787 	219.298 
A,IMP,SCI,MIO_EUR,WORLD,EL	692.042 	706.831 	618.11 	504.138 	312.452 	253.387 	280.815 	285.687 	287.724 	318.122 	329.465 	383.196 	426.098 	447.658 	514.346 	596.709 
A,IMP,SCI,MIO_EUR,WORLD,ES	2536.792 	2471.014 	2247.893 	2445.432 	2536.341 	2368.482 	2433.035 	2848.416 	3480.483 	3592.518 	3551.219 	3638.93 	3821.001 	3766.823 	4205.568 	4796 
A,IMP,SCI,MIO_EUR,WORLD,EU27_2020	45345.707 	47393.706 	43668.472 	50240.472 	53129.174 	54177.719 	53305.574 	56101.866 	62237.022 	63733.584 	66415.732 	69444.111 	75073.899 	72330.755 	82662.998 	100039.524 
A,IMP,SCI,MIO_EUR,WORLD,FI	652.822 	660.03 	599.765 	608.85 	693.07 	761.419 	735.567 	802.041 	829.736 	886.536 	946.109 	1025.812 	1063.807 	1049.362 	1105.98 	1298.074 
A,IMP,SCI,MIO_EUR,WORLD,FR	6715.663 	6919.3 	6683.859 	7735.113 	7643.179 	7767.592 	7739.341 	7703.34 	7993.067 	8193.654 	8334.179 	8588.686 	9440.943 	8713.16 	9581.282 	10512.239 
A,IMP,SCI,MIO_EUR,WORLD,HR	165.799 	153.273 	138.621 	136.738 	143.807 	139.026 	133.223 	139.025 	172.731 	179.951 	186.33 	213.813 	241.243 	229.852 	251.383 	302.22 
A,IMP,SCI,MIO_EUR,WORLD,HU	599.477 	605.731 	507.465 	685.177 	725.068 	797.287 	722.42 	816.905 	955.429 	962.562 	1020.985 	1118.74 	1214.049 	1216.1 	1293.123 	2335.244 
A,IMP,SCI,MIO_EUR,WORLD,IE	582.824 	530.411 	548.317 	508.675 	524.495 	521.925 	598.952 	713.43 	738.531 	736.431 	729.242 	866.635 	1029.303 	1169.348 	1499.134 	1882.196 
A,IMP,SCI,MIO_EUR,WORLD,IS	41.316 	33.051 	23.816 	35.484 	28.675 	30.713 	34.432 	41.136 	61.971 	66.716 	70.422 	63.523 	76.704 	66.159 	112.666 	234.062 
A,IMP,SCI,MIO_EUR,WORLD,IT	3802.926 	3809.123 	3612.342 	4054.898 	4300.175 	4062.932 	4015.951 	4283.23 	4550.248 	4745.627 	4965.233 	5160.062 	5420.311 	5383.167 	6059.692 	6778.23 
A,IMP,SCI,MIO_EUR,WORLD,LT	142.245 	150.073 	102.94 	111.302 	154.161 	175.804 	185.498 	203.899 	263.03 	243.513 	288.086 	321.208 	338.981 	389.525 	428.827 	404.627 
A,IMP,SCI,MIO_EUR,WORLD,LU	91.729 	103.265 	104.221 	111.99 	130.042 	156.11 	146.002 	150.889 	156.677 	163.447 	155.06 	167.03 	192.177 	183.529 	184.625 	192.203 
A,IMP,SCI,MIO_EUR,WORLD,LV	79.865 	85.013 	49.779 	59.418 	78.532 	109.093 	113.506 	108.031 	141.63 	105.226 	125.254 	158.467 	161.275 	154.695 	204.502 	216.731 
A,IMP,SCI,MIO_EUR,WORLD,MT	29.435 	36.965 	18.59 	30.313 	19.646 	23.046 	23.696 	32.041 	29.787 	24.275 	24.526 	40.132 	35.977 	32.404 	40.841 	44.386 
A,IMP,SCI,MIO_EUR,WORLD,NL	5467.647 	6178.306 	5655.553 	6201.856 	6301.448 	7311.426 	7296.65 	7571.571 	8387.788 	8918.969 	9540.495 	10078.187 	11651.732 	11587.979 	13914.084 	17901.303 
A,IMP,SCI,MIO_EUR,WORLD,NO	723.045 	769.144 	660.066 	734.342 	933.703 	920.82 	994.139 	1093.201 	1601.628 	1455.439 	1074.449 	1256.93 	1491.022 	1213.914 	1444.381 	1438.104 
A,IMP,SCI,MIO_EUR,WORLD,PL	1921.744 	2544.288 	2425.699 	3019.36 	3130.901 	2223.338 	1888.913 	2111.096 	2365.428 	2348.943 	2660.309 	2959.54 	3237.419 	3180.32 	3752.953 	5973.483 
A,IMP,SCI,MIO_EUR,WORLD,PT	519.75 	504.687 	458.438 	537.943 	467.229 	438.337 	423.959 	443.801 	513.512 	513.746 	557.393 	640.942 	681.283 	675.279 	777.93 	1028.073 
A,IMP,SCI,MIO_EUR,WORLD,RO	453.906 	510.005 	328.888 	446.736 	491.379 	508.774 	590.057 	649.84 	795.774 	782.099 	852.204 	1042.494 	1201.007 	1109.816 	1262.487 	1538.744 
A,IMP,SCI,MIO_EUR,WORLD,SE	1810.813 	1809.038 	1657.911 	1987.869 	2056.088 	2103.744 	1872.107 	1602.281 	1663.274 	1732.099 	1854.946 	1838.223 	1913.125 	1908.309 	2219.571 	2507.083 
A,IMP,SCI,MIO_EUR,WORLD,SI	203.341 	213.08 	196.888 	208.985 	243.738 	214.137 	228.407 	214.825 	257.727 	271.888 	290.433 	305.924 	327.374 	326.305 	366.49 	455.773 
A,IMP,SCI,MIO_EUR,WORLD,SK	1179.163 	1119.025 	897.481 	1068.33 	1406.604 	2251.779 	2023.591 	1943.123 	2037.406 	1941.279 	1339.542 	971.13 	806.932 	624.295 	705.752 	1956.367 
A,IMP,TOT_HT,MIO_EUR,EXT_EU27_2020,AT	4383.007 	4569.826 	4431.002 	5541.464 	5645.241 	7295.562 	8434.5 	8734.666 	9599.606 	9620.899 	11530.726 	11050.487 	11381.833 	10032.485 	11960.557 	12551.568 
A,IMP,TOT_HT,MIO_EUR,EXT_EU27_2020,BE	8987.544 	8848.587 	8478.197 	9255.056 	10670.046 	11076.172 	10991.528 	12759.819 	15044.772 	14649.676 	14552.629 	15406.411 	16735.845 	16868.682 	20439.26 	23217.515 
A,IMP,TOT_HT,MIO_EUR,EXT_EU27_2020,BG	389.188 	437.065 	325.684 	417.751 	521.125 	656.861 	473.624 	552.522 	628.582 	628.39 	685.554 	763.354 	813.628 	837.987 	1059.011 	1576.575 
A,IMP,TOT_HT,MIO_EUR,EXT_EU27_2020,CH	4088.428 	3649.475 	3376.658 	4229.913 	4316.284 	5837.251 	6412.011 	7024.204 	10767.837 	12862.222 	12157.55 	12240.368 	12554.471 	12497.44 	13799.906 	16970.523 
A,IMP,TOT_HT,MIO_EUR,EXT_EU27_2020,CY	154.522 	182.254 	121.284 	215.903 	201.159 	112.069 	95.805 	111.355 	135.655 	241.609 	287.608 	216.06 	234.414 	207.147 	370.061 	216.955 
A,IMP,TOT_HT,MIO_EUR,EXT_EU27_2020,CZ	4422.783 	5996.762 	5673.327 	8643.861 	9549.525 	9150.708 	8480.684 	9121.185 	11958.362 	10963.002 	12760.967 	16361.283 	17158.548 	18524.677 	18991.542 	26444.259 
A,IMP,TOT_HT,MIO_EUR,EXT_EU27_2020,DE	59435.015 	55920.404 	49943.824 	63418.612 	63662.934 	61156.636 	59635.046 	63020.096 	73000.179 	74463.954 	81061.179 	84728.944 	86634.952 	80478.126 	89209.441 	101956.967 
A,IMP,TOT_HT,MIO_EUR,EXT_EU27_2020,DK	2932.359 	2693.073 	2664.196 	2694.728 	2456.373 	2689.718 	2284.352 	2502.254 	2593.453 	2474.237 	2516.348 	2641.317 	2820.931 	3125.435 	3882.149 	4500.432 
A,IMP,TOT_HT,MIO_EUR,EXT_EU27_2020,EE	232.446 	225.317 	155.375 	270.109 	557.261 	486.667 	450.212 	481.379 	447.783 	473.586 	466.391 	536.898 	526.809 	619.891 	722.635 	798.236 
A,IMP,TOT_HT,MIO_EUR,EXT_EU27_2020,EL	1417.444 	1612.829 	2132.719 	1621.939 	1030.246 	1057.114 	894.477 	1006.436 	1189.354 	1243.998 	1191.811 	1426.794 	1515.942 	1571.679 	1900.476 	3320.557 
A,IMP,TOT_HT,MIO_EUR,EXT_EU27_2020,ES	9575.633 	11803.033 	7278.932 	9114.85 	8848.384 	8529.662 	8197.606 	8329.885 	9856.485 	10795.989 	11925.817 	11237.978 	12124.482 	11177.143 	16731.223 	19068.293 
A,IMP,TOT_HT,MIO_EUR,EXT_EU27_2020,EU27_2020	223485.054 	223293.264 	201527.567 	244334.052 	247991.831 	252428.505 	243172.768 	249093.467 	294110.458 	301058.372 	331751.719 	347679.983 	364400.95 	346610.042 	393608.576 	482093.791 
A,IMP,TOT_HT,MIO_EUR,EXT_EU27_2020,FI	4648.538 	4393.824 	2543.399 	2219.77 	2309.109 	1986.889 	1410.846 	1491.001 	1499.415 	1591.929 	1583.68 	1791.984 	1741.443 	1446.66 	1703.562 	2090.612 
A,IMP,TOT_HT,MIO_EUR,EXT_EU27_2020,FR	27054.328 	25514.986 	24883.577 	27964.841 	29030.748 	29400.974 	29717.453 	28349.026 	32729.611 	35087.885 	36042.578 	37123.899 	40026.517 	30953.207 	34995.574 	44279.788 
A,IMP,TOT_HT,MIO_EUR,EXT_EU27_2020,HR	779.225 	874.419 	689.525 	762.516 	682.281 	667.972 	671.1 	362.858 	413.176 	751.43 	534.191 	568.93 	570.24 	509.099 	641.186 	858.526 
A,IMP,TOT_HT,MIO_EUR,EXT_EU27_2020,HU	7317.302 	7016.746 	6629.782 	8398.842 	7866.928 	7006.837 	6736.386 	5173.539 	5778.529 	5898.023 	6425.721 	7009.067 	8076.027 	8887.677 	9512.069 	11799.8 
A,IMP,TOT_HT,MIO_EUR,EXT_EU27_2020,IE	11406.393 	9703.872 	8443.492 	8117.303 	9364.992 	10402.008 	9093.319 	9802.26 	11401.53 	14198.893 	17891.613 	21030.092 	18519.939 	16452.259 	20638.405 	24653.632 
A,IMP,TOT_HT,MIO_EUR,EXT_EU27_2020,IS	382.438 	202.926 	118.529 	102.238 	131.825 	216.168 	122.951 	156.718 	326.623 	442.337 	287.391 	406.52 	355.291 	278.683 	557.194 	585.6 
A,IMP,TOT_HT,MIO_EUR,EXT_EU27_2020,IT	12433.298 	12753.287 	12363.173 	17400.298 	17831.167 	15540.869 	14476.18 	14526.778 	16384.114 	16185.953 	16703.183 	18465.893 	19251.488 	17949.128 	19310.046 	24748.692 
A,IMP,TOT_HT,MIO_EUR,EXT_EU27_2020,LT	339.205 	306.672 	149.926 	199.3 	252.059 	285.842 	324.809 	385.922 	388.541 	351.927 	451.831 	397.82 	504.979 	653.109 	707.405 	859.96 
A,IMP,TOT_HT,MIO_EUR,EXT_EU27_2020,LU	4386.52 	4764.158 	4317.193 	2282.951 	2209.289 	3082.552 	2572.468 	2247.278 	3729.821 	2195.578 	1114.929 	813.17 	1936.957 	477.608 	865.679 	709.203 
A,IMP,TOT_HT,MIO_EUR,EXT_EU27_2020,LV	160.178 	182.73 	148.221 	252.32 	423.962 	347.221 	404.471 	409.284 	502.219 	527.375 	907.473 	1427.057 	1147.771 	919.145 	1430.681 	1569.782 
A,IMP,TOT_HT,MIO_EUR,EXT_EU27_2020,MT	394.907 	376.422 	366.435 	410.074 	405.742 	353.732 	418.336 	613.795 	596.907 	878.259 	451.727 	401.879 	398.166 	465.267 	771.993 	1439.234 
A,IMP,TOT_HT,MIO_EUR,EXT_EU27_2020,NL	50253.39 	50177.584 	44608.338 	55034.847 	54789.729 	60491.525 	58476.684 	59437.506 	74762.894 	75643.302 	89747.605 	90222.792 	97142.935 	100160.601 	109864.888 	135143.453 
A,IMP,TOT_HT,MIO_EUR,EXT_EU27_2020,NO	1985.115 	2378.923 	2220.141 	2765.044 	3166.644 	3221.744 	2934.978 	3262.538 	4700.914 	4848.12 	3964.51 	4798.568 	4991.617 	5277.258 	5679.482 	6127.977 
A,IMP,TOT_HT,MIO_EUR,EXT_EU27_2020,PL	2887.276 	4387.847 	4904.102 	6173.617 	5888.571 	6177.048 	6173.359 	7081.926 	8383.945 	8505.508 	9395.984 	10260.042 	11184.815 	11753.26 	12971.771 	19951.803 
A,IMP,TOT_HT,MIO_EUR,EXT_EU27_2020,PT	1071.016 	1204.998 	1046.827 	1211.023 	1120.006 	1221.306 	1237.455 	1351.046 	1282.789 	1887.663 	2043.501 	1752.287 	2076.814 	1945.718 	2217.445 	3521.964 
A,IMP,TOT_HT,MIO_EUR,EXT_EU27_2020,RO	1185.005 	1574.651 	1774.45 	2412.692 	2210.47 	1492.082 	1422.777 	1610.116 	1869.654 	2177.685 	2636.285 	2577.625 	2540.326 	2456.45 	2790.308 	3589.434 
A,IMP,TOT_HT,MIO_EUR,EXT_EU27_2020,SE	5825.718 	5938.883 	5448.374 	7576.914 	7170.245 	7507.307 	6063.171 	5609.777 	5982.883 	5739.117 	5631.592 	6478.891 	6301.82 	5554.079 	6834.554 	7892.538 
A,IMP,TOT_HT,MIO_EUR,EXT_EU27_2020,SI	439.635 	472.075 	368.326 	519.399 	583.145 	493.33 	553.218 	573.87 	594.935 	581.134 	691.575 	921.328 	1193.128 	1061.219 	1478.602 	2260.945 
A,IMP,TOT_HT,MIO_EUR,EXT_EU27_2020,SK	973.18 	1360.96 	1637.887 	2203.072 	2711.096 	3759.843 	3482.903 	3447.887 	3355.263 	3301.373 	2519.221 	2067.703 	1840.2 	1522.304 	1608.053 	3073.066 
A,IMP,TOT_HT,MIO_EUR,INT_EU27_2020,AT	7985.758 	8621.815 	7418.908 	8287.18 	8645.05 	8833.503 	9695.327 	8865.925 	9570.907 	10381.554 	11106.763 	11580.663 	12016.083 	11429.434 	13123.837 	15121.906 
A,IMP,TOT_HT,MIO_EUR,INT_EU27_2020,BE	12580.556 	12684.369 	14176.412 	15244 	14821.746 	18115.718 	18459.102 	19621.188 	19139.202 	19078.676 	21504.217 	24662.682 	29664.834 	31706.675 	47029.277 	55897.277 
A,IMP,TOT_HT,MIO_EUR,INT_EU27_2020,BG	1056.408 	1134.899 	893.403 	1016.144 	1301.901 	1607.5 	1321.249 	1411.241 	1523.382 	1624.13 	1758.205 	1895.796 	2075.588 	2045.649 	2637.422 	3339.092 
A,IMP,TOT_HT,MIO_EUR,INT_EU27_2020,CH	9177.681 	8842.404 	8147.573 	10285.365 	11039.473 	10058.09 	10281.368 	10843.446 	13760.108 	13906.719 	15472.711 	16170.389 	16618.166 	17901.43 	17279.357 	20620.352 
A,IMP,TOT_HT,MIO_EUR,INT_EU27_2020,CY	293.749 	299.24 	285.793 	573.625 	271.92 	241.427 	221.781 	231.758 	245.319 	292.97 	318.032 	320.084 	326.324 	370.917 	459.818 	593.898 
A,IMP,TOT_HT,MIO_EUR,INT_EU27_2020,CZ	8925.212 	8603.406 	7395.598 	9545.834 	9471.275 	9457.065 	9321.036 	10638.831 	11701.503 	11202.789 	13977.518 	15204.44 	16617.789 	16754.523 	18314.878 	19844.088 
A,IMP,TOT_HT,MIO_EUR,INT_EU27_2020,DE	48842.101 	51449.381 	49268.554 	60829.257 	63722.989 	65157.154 	65918.787 	71091.273 	75514.21 	76279.636 	78486.592 	80291.391 	83973.623 	83421.355 	98725.217 	118934.114 
A,IMP,TOT_HT,MIO_EUR,INT_EU27_2020,DK	5384.215 	4812.842 	4483.938 	4495.74 	5123.598 	5814.02 	5738.386 	5850.449 	6101.521 	6331.076 	6851.075 	6858.548 	7459.187 	8205.565 	9371.756 	10171.637 
A,IMP,TOT_HT,MIO_EUR,INT_EU27_2020,EE	696.878 	643.884 	466.003 	874.766 	1335.978 	1440.435 	1444.267 	1552.823 	1421.164 	1489.297 	1240.704 	1272.373 	1159.896 	1072.953 	1354.355 	1577.641 
A,IMP,TOT_HT,MIO_EUR,INT_EU27_2020,EL	4023.64 	3853.347 	3286.692 	2824.197 	2682.306 	2448.301 	2046.303 	2095.081 	2200.774 	2091.809 	2492.971 	2820.301 	2820.684 	3199.813 	4103.857 	4295.975 
A,IMP,TOT_HT,MIO_EUR,INT_EU27_2020,ES	17244.01 	16687.51 	12635.28 	13444.36 	12924.616 	11866.354 	12019.896 	13344.911 	15530.17 	15560.85 	17245.72 	18160.921 	18733.529 	19326.319 	22449.733 	27102.194 
A,IMP,TOT_HT,MIO_EUR,INT_EU27_2020,EU27_2020	226183.273 	226924.273 	205954.773 	242331.059 	251579.634 	259368.804 	260180.792 	278697.69 	301096.319 	306467.863 	331225.705 	344056.583 	372611.115 	369894.556 	429500.519 	502170.992 
A,IMP,TOT_HT,MIO_EUR,INT_EU27_2020,FI	4319.898 	4026.389 	3570.992 	3633.523 	3704.652 	3915.894 	4131.914 	4248.799 	4863.131 	5012.896 	5589.606 	5592.672 	5494.879 	5312.725 	5759.966 	6562.304 
A,IMP,TOT_HT,MIO_EUR,INT_EU27_2020,FR	34809.366 	36117.906 	35498.454 	40737.841 	42655.999 	45125.681 	43652.833 	46551.026 	46946.631 	44176.178 	43858.332 	42692.741 	44908.609 	43552.418 	47649.195 	51530.005 
A,IMP,TOT_HT,MIO_EUR,INT_EU27_2020,HR	774.506 	775.39 	663.915 	525.374 	546.44 	581.682 	727.643 	982.762 	1190.753 	1318.97 	1355.3 	1503 	1656.4 	2003.255 	2027.005 	2460.941 
A,IMP,TOT_HT,MIO_EUR,INT_EU27_2020,HU	5664.002 	5651.22 	4414.58 	5064.83 	5978.433 	5994.228 	5979.771 	6592.518 	7902.38 	8485.493 	9246.031 	9616.794 	11024.585 	10437.568 	10866.398 	13340.869 
A,IMP,TOT_HT,MIO_EUR,INT_EU27_2020,IE	3957.026 	3532.435 	3285.323 	4625.133 	5120.094 	5871.522 	5714.137 	8116.906 	9655.564 	12080.992 	15438.195 	13560.628 	16866.555 	13363.711 	6141.763 	7967.588 
A,IMP,TOT_HT,MIO_EUR,INT_EU27_2020,IS	96.757 	62.236 	47.756 	47.247 	49.377 	52.504 	55.681 	58.951 	146.475 	117.33 	144.675 	144.174 	135.958 	128.115 	175.547 	340.88 
A,IMP,TOT_HT,MIO_EUR,INT_EU27_2020,IT	19978.312 	18674.182 	16790.443 	23092.059 	21482.397 	19105.996 	18382.325 	18921.689 	21588.279 	21776.472 	24810.432 	26835.711 	28374.533 	28718.4 	33855.142 	39720.983 
A,IMP,TOT_HT,MIO_EUR,INT_EU27_2020,LT	862.035 	757.429 	570.451 	681.69 	854.895 	971.281 	1089.957 	1238.349 	1516.585 	1576.337 	1849.368 	1920.884 	2113.882 	2419.007 	2610.296 	3134.137 
A,IMP,TOT_HT,MIO_EUR,INT_EU27_2020,LU	1209.032 	1178.053 	938.526 	1306.563 	1272.821 	1147.41 	1080.356 	1275.804 	1010.219 	1065.448 	1240.068 	1078.906 	1145.927 	1267.29 	1629.958 	1368.849 
A,IMP,TOT_HT,MIO_EUR,INT_EU27_2020,LV	630.347 	591.154 	352.517 	417.16 	550.161 	617.691 	706.828 	939.67 	1103.843 	956.535 	1144.422 	1146.799 	1286.739 	1368.813 	1486.064 	1720.136 
A,IMP,TOT_HT,MIO_EUR,INT_EU27_2020,MT	540.725 	497.735 	413.951 	438.453 	539.849 	495.02 	449.871 	310.17 	304.916 	265.428 	254.856 	461.691 	541.914 	582.973 	645.921 	727.807 
A,IMP,TOT_HT,MIO_EUR,INT_EU27_2020,NL	16177.925 	14615.916 	14079.827 	14725.776 	15402.242 	16810.931 	16350.762 	16662.637 	18876.99 	21311.404 	24101.409 	25253.983 	28003.654 	27408.209 	34290.928 	42014.145 
A,IMP,TOT_HT,MIO_EUR,INT_EU27_2020,NO	1668.997 	1754.121 	1636.438 	1638.114 	1690.409 	1486.288 	1585.89 	1680.42 	2202.982 	2314.817 	1727.933 	1943.333 	2153.028 	1942.165 	2366.579 	2204.72 
A,IMP,TOT_HT,MIO_EUR,INT_EU27_2020,PL	8346.298 	9653.18 	7713.147 	9437.353 	9519.031 	10100.353 	10739.466 	11964.653 	13970.684 	13968.414 	15567.188 	16482.846 	17885.57 	19565.713 	23516.901 	26198.458 
A,IMP,TOT_HT,MIO_EUR,INT_EU27_2020,PT	5192.009 	5234.642 	3908.902 	3520.307 	3242.648 	2968.871 	3024.366 	3178.536 	3404.817 	3620.434 	4102.032 	4985.356 	7474.919 	5597.168 	6631.99 	7685.132 
A,IMP,TOT_HT,MIO_EUR,INT_EU27_2020,RO	3147.24 	3380.958 	2421.924 	3288.232 	3725.567 	3729.753 	4166.411 	4269.001 	4939.034 	5294.499 	5848.552 	6692.679 	7438.076 	7576.937 	8497.847 	10675.448 
A,IMP,TOT_HT,MIO_EUR,INT_EU27_2020,SE	8764.361 	8554.39 	7374.652 	9215.475 	10987.178 	10336.749 	10002.385 	10677.043 	11603.71 	11550.275 	11533.657 	12260.125 	12530.111 	12820.785 	14916.282 	16995.468 
A,IMP,TOT_HT,MIO_EUR,INT_EU27_2020,SI	1188.889 	1317.986 	1070.552 	1169.01 	1120.807 	1107.67 	1068.591 	1187.235 	1336.867 	1378.759 	1495.936 	1660.707 	1870.212 	1941.337 	2246.745 	2815.602 
A,IMP,TOT_HT,MIO_EUR,INT_EU27_2020,SK	3588.776 	3574.614 	2576.036 	3317.176 	4575.04 	5506.595 	6727.044 	6877.413 	7933.763 	8296.542 	8808.523 	9243.862 	9147.015 	8425.044 	9157.968 	10375.299 
A,IMP,TOT_HT,MIO_EUR,WORLD,AT	12368.765 	13191.641 	11849.91 	13828.644 	14290.291 	16129.065 	18129.826 	17600.591 	19170.512 	20002.453 	22637.49 	22631.15 	23397.916 	21461.919 	25084.394 	27673.474 
A,IMP,TOT_HT,MIO_EUR,WORLD,BE	21568.1 	21532.956 	22654.608 	24499.056 	25491.792 	29191.89 	29450.63 	32381.007 	34183.974 	33728.352 	36056.846 	40069.093 	46400.68 	48575.357 	67468.537 	79114.792 
A,IMP,TOT_HT,MIO_EUR,WORLD,BG	1445.597 	1571.964 	1219.087 	1433.895 	1823.026 	2264.361 	1794.873 	1963.762 	2151.964 	2252.52 	2443.76 	2659.149 	2889.216 	2883.636 	3696.433 	4915.667 
A,IMP,TOT_HT,MIO_EUR,WORLD,CH	13266.109 	12491.879 	11524.231 	14515.277 	15355.758 	15895.341 	16693.38 	17867.65 	24527.945 	26768.941 	27630.261 	28410.757 	29172.637 	30398.869 	31079.263 	37590.875 
A,IMP,TOT_HT,MIO_EUR,WORLD,CY	448.271 	481.494 	407.077 	789.528 	473.079 	353.497 	317.586 	343.113 	380.974 	534.579 	605.64 	536.144 	560.738 	578.064 	829.879 	810.853 
A,IMP,TOT_HT,MIO_EUR,WORLD,CZ	13347.994 	14600.168 	13068.925 	18189.696 	19020.8 	18607.773 	17801.72 	19760.016 	23659.865 	22165.791 	26738.484 	31565.723 	33776.337 	35279.2 	37306.42 	46288.347 
A,IMP,TOT_HT,MIO_EUR,WORLD,DE	108277.115 	107369.785 	99212.378 	124247.869 	127385.922 	126313.79 	125553.833 	134111.369 	148514.388 	150743.59 	159547.771 	165020.336 	170608.575 	163899.48 	187934.657 	220891.082 
A,IMP,TOT_HT,MIO_EUR,WORLD,DK	8316.574 	7505.915 	7148.135 	7190.468 	7579.971 	8503.738 	8022.738 	8352.703 	8694.975 	8805.313 	9367.424 	9499.864 	10280.118 	11331 	13253.905 	14672.069 
A,IMP,TOT_HT,MIO_EUR,WORLD,EE	929.324 	869.201 	621.378 	1144.875 	1893.239 	1927.102 	1894.479 	2034.202 	1868.947 	1962.883 	1707.095 	1809.272 	1686.705 	1692.844 	2076.99 	2375.877 
A,IMP,TOT_HT,MIO_EUR,WORLD,EL	5441.084 	5466.176 	5419.411 	4446.136 	3712.552 	3505.415 	2940.78 	3101.518 	3390.129 	3335.807 	3684.783 	4247.095 	4336.625 	4771.492 	6004.334 	7616.532 
A,IMP,TOT_HT,MIO_EUR,WORLD,ES	26819.643 	28490.543 	19914.212 	22559.21 	21773 	20396.016 	20217.502 	21674.796 	25386.655 	26356.838 	29171.537 	29398.899 	30858.011 	30503.462 	39180.956 	46170.487 
A,IMP,TOT_HT,MIO_EUR,WORLD,EU27_2020	449668.327 	450217.537 	407482.34 	486665.111 	499571.465 	511797.309 	503353.56 	527791.158 	595206.777 	607526.235 	662977.424 	691736.566 	737012.065 	716504.598 	823109.095 	984264.783 
A,IMP,TOT_HT,MIO_EUR,WORLD,FI	8968.436 	8420.213 	6114.391 	5853.293 	6013.761 	5902.782 	5542.76 	5739.8 	6362.545 	6604.825 	7173.286 	7384.657 	7236.322 	6759.385 	7463.528 	8652.916 
A,IMP,TOT_HT,MIO_EUR,WORLD,FR	61863.693 	61632.892 	60382.03 	68702.682 	71686.747 	74526.655 	73370.286 	74900.053 	79676.241 	79264.063 	79900.91 	79816.639 	84935.127 	74505.625 	82644.77 	95809.793 
A,IMP,TOT_HT,MIO_EUR,WORLD,HR	1553.731 	1649.809 	1353.441 	1287.89 	1228.721 	1249.654 	1398.743 	1345.619 	1603.929 	2070.4 	1889.491 	2071.929 	2226.641 	2512.354 	2668.191 	3319.467 
A,IMP,TOT_HT,MIO_EUR,WORLD,HU	12981.304 	12667.966 	11044.362 	13463.672 	13845.361 	13001.066 	12716.158 	11766.057 	13680.909 	14383.517 	15671.752 	16625.861 	19100.612 	19325.245 	20378.468 	25140.669 
A,IMP,TOT_HT,MIO_EUR,WORLD,IE	15363.419 	13236.307 	11728.816 	12742.437 	14485.086 	16273.53 	14807.456 	17919.166 	21057.094 	26279.884 	33329.809 	34590.72 	35386.494 	29815.971 	26780.168 	32621.22 
A,IMP,TOT_HT,MIO_EUR,WORLD,IS	479.195 	265.162 	166.285 	149.485 	181.202 	268.672 	178.631 	215.669 	473.098 	559.666 	432.066 	550.694 	491.249 	406.798 	732.741 	926.48 
A,IMP,TOT_HT,MIO_EUR,WORLD,IT	32411.61 	31427.469 	29153.616 	40492.356 	39313.564 	34646.866 	32858.506 	33448.467 	37972.394 	37962.424 	41513.615 	45301.604 	47626.021 	46667.528 	53165.188 	64469.675 
A,IMP,TOT_HT,MIO_EUR,WORLD,LT	1201.241 	1064.1 	720.377 	880.99 	1106.954 	1257.123 	1414.766 	1624.27 	1905.126 	1928.264 	2301.198 	2318.704 	2618.86 	3072.116 	3317.701 	3994.097 
A,IMP,TOT_HT,MIO_EUR,WORLD,LU	5595.552 	5942.211 	5255.719 	3589.514 	3482.11 	4229.961 	3652.823 	3523.082 	4740.041 	3261.026 	2354.997 	1892.076 	3082.884 	1744.898 	2495.637 	2078.052 
A,IMP,TOT_HT,MIO_EUR,WORLD,LV	790.524 	773.884 	500.738 	669.48 	974.123 	964.912 	1111.299 	1348.954 	1606.062 	1483.91 	2051.894 	2573.856 	2434.51 	2287.958 	2916.746 	3289.919 
A,IMP,TOT_HT,MIO_EUR,WORLD,MT	935.632 	874.157 	780.386 	848.527 	945.592 	848.752 	868.207 	923.964 	901.823 	1143.687 	706.583 	863.57 	940.08 	1048.24 	1417.914 	2167.041 
A,IMP,TOT_HT,MIO_EUR,WORLD,NL	66431.315 	64793.5 	58688.165 	69760.623 	70191.971 	77302.455 	74827.446 	76100.144 	93639.883 	96954.706 	113849.014 	115476.775 	125146.589 	127568.81 	144155.816 	177157.597 
A,IMP,TOT_HT,MIO_EUR,WORLD,NO	3654.113 	4133.044 	3856.579 	4403.157 	4857.053 	4708.032 	4520.867 	4942.958 	6903.896 	7162.937 	5692.442 	6741.901 	7144.646 	7219.424 	8046.061 	8332.696 
A,IMP,TOT_HT,MIO_EUR,WORLD,PL	11233.573 	14041.026 	12617.249 	15610.97 	15407.602 	16277.401 	16912.825 	19046.58 	22354.63 	22473.922 	24963.171 	26742.887 	29070.385 	31318.973 	36488.672 	46150.262 
A,IMP,TOT_HT,MIO_EUR,WORLD,PT	6263.025 	6439.641 	4955.729 	4731.329 	4362.654 	4190.177 	4261.821 	4529.582 	4687.606 	5508.097 	6145.533 	6737.643 	9551.732 	7542.886 	8849.435 	11207.096 
A,IMP,TOT_HT,MIO_EUR,WORLD,RO	4332.245 	4955.609 	4196.374 	5700.924 	5936.037 	5221.835 	5589.188 	5879.117 	6808.689 	7472.184 	8484.837 	9270.304 	9978.402 	10033.386 	11288.155 	14264.882 
A,IMP,TOT_HT,MIO_EUR,WORLD,SE	14590.079 	14493.273 	12823.026 	16792.389 	18157.423 	17844.056 	16065.555 	16286.82 	17586.593 	17289.392 	17165.249 	18739.016 	18831.931 	18374.864 	21750.836 	24888.006 
A,IMP,TOT_HT,MIO_EUR,WORLD,SI	1628.524 	1790.061 	1438.878 	1688.409 	1703.952 	1601 	1621.809 	1761.105 	1931.801 	1959.893 	2187.51 	2582.035 	3063.34 	3002.556 	3725.347 	5076.547 
A,IMP,TOT_HT,MIO_EUR,WORLD,SK	4561.956 	4935.574 	4213.923 	5520.248 	7286.136 	9266.438 	10209.947 	10325.301 	11289.027 	11597.915 	11327.745 	11311.564 	10987.215 	9947.348 	10766.021 	13448.365 
